Command line invocation:
    /Applications/Xcode_26.3.app/Contents/Developer/usr/bin/xcodebuild archive -project FateLost.xcodeproj -scheme FateLost -configuration Release -destination generic/platform=iOS -archivePath build/FateLost.xcarchive -allowProvisioningUpdates -authenticationKeyPath /Users/runner/work/_temp/AuthKey_R9SJVL2959.p8 -authenticationKeyID R9SJVL2959 -authenticationKeyIssuerID bc4f5ad3-b1a0-475c-a2d3-e7d0bd7de074 DEVELOPMENT_TEAM=7X49UN26T8 CODE_SIGN_STYLE=Automatic CURRENT_PROJECT_VERSION=11

Build settings from command line:
    CODE_SIGN_STYLE = Automatic
    CURRENT_PROJECT_VERSION = 11
    DEVELOPMENT_TEAM = 7X49UN26T8

Resolve Package Graph

Fetching from https://github.com/googleads/swift-package-manager-google-user-messaging-platform.git

Fetching from https://github.com/googleads/swift-package-manager-google-mobile-ads.git

Creating working copy of package ‘swift-package-manager-google-user-messaging-platform’

Checking out 3.1.0 of package ‘swift-package-manager-google-user-messaging-platform’

Creating working copy of package ‘swift-package-manager-google-mobile-ads’

Checking out 13.10.0 of package ‘swift-package-manager-google-mobile-ads’


Resolved source packages:
  GoogleMobileAds: https://github.com/googleads/swift-package-manager-google-mobile-ads.git @ 13.10.0
  GoogleUserMessagingPlatform: https://github.com/googleads/swift-package-manager-google-user-messaging-platform.git @ 3.1.0

ComputePackagePrebuildTargetDependencyGraph

Prepare packages

CreateBuildRequest

SendProjectDescription

CreateBuildOperation

ComputeTargetDependencyGraph
note: Building targets in dependency order
note: Target dependency graph (5 targets)
    Target 'FateLost' in project 'FateLost'
        ➜ Explicit dependency on target 'GoogleMobileAds' in project 'GoogleMobileAds'
        ➜ Explicit dependency on target 'GoogleUserMessagingPlatform' in project 'GoogleUserMessagingPlatform'
    Target 'GoogleMobileAds' in project 'GoogleMobileAds'
        ➜ Explicit dependency on target 'GoogleMobileAdsTarget' in project 'GoogleMobileAds'
        ➜ Explicit dependency on target 'GoogleUserMessagingPlatform' in project 'GoogleUserMessagingPlatform'
    Target 'GoogleMobileAdsTarget' in project 'GoogleMobileAds'
        ➜ Explicit dependency on target 'GoogleUserMessagingPlatform' in project 'GoogleUserMessagingPlatform'
    Target 'GoogleUserMessagingPlatform' in project 'GoogleUserMessagingPlatform'
        ➜ Explicit dependency on target 'UserMessagingPlatformTarget' in project 'GoogleUserMessagingPlatform'
    Target 'UserMessagingPlatformTarget' in project 'GoogleUserMessagingPlatform' (no dependencies)

GatherProvisioningInputs

CreateBuildDescription

ExecuteExternalTool /Applications/Xcode_26.3.app/Contents/Developer/Toolchains/XcodeDefault.xctoolchain/usr/bin/clang -v -E -dM -isysroot /Applications/Xcode_26.3.app/Contents/Developer/Platforms/iPhoneOS.platform/Developer/SDKs/iPhoneOS26.2.sdk -x c -c /dev/null

ExecuteExternalTool /Applications/Xcode_26.3.app/Contents/Developer/Toolchains/XcodeDefault.xctoolchain/usr/bin/clang -v -E -dM -arch arm64 -isysroot /Applications/Xcode_26.3.app/Contents/Developer/Platforms/iPhoneOS.platform/Developer/SDKs/iPhoneOS26.2.sdk -x objective-c -c /dev/null

ExecuteExternalTool /Applications/Xcode_26.3.app/Contents/Developer/Toolchains/XcodeDefault.xctoolchain/usr/bin/swiftc --version

ExecuteExternalTool /Applications/Xcode_26.3.app/Contents/Developer/usr/bin/actool --print-asset-tag-combinations --output-format xml1 /Users/runner/work/FateLost/FateLost/FateLost/Resources/Assets.xcassets

ExecuteExternalTool /Applications/Xcode_26.3.app/Contents/Developer/Toolchains/XcodeDefault.xctoolchain/usr/bin/clang -v -E -dM -arch arm64 -isysroot /Applications/Xcode_26.3.app/Contents/Developer/Platforms/iPhoneOS.platform/Developer/SDKs/iPhoneOS26.2.sdk -x c -c /dev/null

ExecuteExternalTool /Applications/Xcode_26.3.app/Contents/Developer/Toolchains/XcodeDefault.xctoolchain/usr/bin/ld -version_details

ExecuteExternalTool /Applications/Xcode_26.3.app/Contents/Developer/usr/bin/actool --version --output-format xml1

Build description signature: 3fe88e21250daee1c61cc7132dc6ac56
Build description path: /Users/runner/Library/Developer/Xcode/DerivedData/FateLost-dsbvaqyopcoialazinyzimxmscaj/Build/Intermediates.noindex/ArchiveIntermediates/FateLost/IntermediateBuildFilesPath/XCBuildData/3fe88e21250daee1c61cc7132dc6ac56.xcbuilddata
CreateBuildDirectory /Users/runner/Library/Developer/Xcode/DerivedData/FateLost-dsbvaqyopcoialazinyzimxmscaj/Build/Intermediates.noindex/ArchiveIntermediates/FateLost/InstallationBuildProductsLocation
    cd /Users/runner/work/FateLost/FateLost/FateLost.xcodeproj
    builtin-create-build-directory /Users/runner/Library/Developer/Xcode/DerivedData/FateLost-dsbvaqyopcoialazinyzimxmscaj/Build/Intermediates.noindex/ArchiveIntermediates/FateLost/InstallationBuildProductsLocation

ClangStatCache /Applications/Xcode_26.3.app/Contents/Developer/Toolchains/XcodeDefault.xctoolchain/usr/bin/clang-stat-cache /Applications/Xcode_26.3.app/Contents/Developer/Platforms/iPhoneOS.platform/Developer/SDKs/iPhoneOS26.2.sdk /Users/runner/Library/Developer/Xcode/DerivedData/SDKStatCaches.noindex/iphoneos26.2-23C57-dc75598d0054f22ec865fa860f139d722dd23b4ebda140f7210d155ff1243552.sdkstatcache
    cd /Users/runner/work/FateLost/FateLost/FateLost.xcodeproj
    /Applications/Xcode_26.3.app/Contents/Developer/Toolchains/XcodeDefault.xctoolchain/usr/bin/clang-stat-cache /Applications/Xcode_26.3.app/Contents/Developer/Platforms/iPhoneOS.platform/Developer/SDKs/iPhoneOS26.2.sdk -o /Users/runner/Library/Developer/Xcode/DerivedData/SDKStatCaches.noindex/iphoneos26.2-23C57-dc75598d0054f22ec865fa860f139d722dd23b4ebda140f7210d155ff1243552.sdkstatcache

CreateBuildDirectory /Users/runner/Library/Developer/Xcode/DerivedData/FateLost-dsbvaqyopcoialazinyzimxmscaj/Build/Intermediates.noindex/ArchiveIntermediates/FateLost/IntermediateBuildFilesPath
    cd /Users/runner/work/FateLost/FateLost/FateLost.xcodeproj
    builtin-create-build-directory /Users/runner/Library/Developer/Xcode/DerivedData/FateLost-dsbvaqyopcoialazinyzimxmscaj/Build/Intermediates.noindex/ArchiveIntermediates/FateLost/IntermediateBuildFilesPath

CreateBuildDirectory /Users/runner/Library/Developer/Xcode/DerivedData/FateLost-dsbvaqyopcoialazinyzimxmscaj/Build/Intermediates.noindex/ArchiveIntermediates/FateLost/BuildProductsPath
    cd /Users/runner/work/FateLost/FateLost/FateLost.xcodeproj
    builtin-create-build-directory /Users/runner/Library/Developer/Xcode/DerivedData/FateLost-dsbvaqyopcoialazinyzimxmscaj/Build/Intermediates.noindex/ArchiveIntermediates/FateLost/BuildProductsPath

WriteAuxiliaryFile /Users/runner/Library/Developer/Xcode/DerivedData/FateLost-dsbvaqyopcoialazinyzimxmscaj/Build/Intermediates.noindex/ArchiveIntermediates/FateLost/IntermediateBuildFilesPath/FateLost.build/Release-iphoneos/FateLost-b7204f8cf0954d34cbb54ca2f9d32c2a-VFS-iphoneos/all-product-headers.yaml
    cd /Users/runner/work/FateLost/FateLost/FateLost.xcodeproj
    write-file /Users/runner/Library/Developer/Xcode/DerivedData/FateLost-dsbvaqyopcoialazinyzimxmscaj/Build/Intermediates.noindex/ArchiveIntermediates/FateLost/IntermediateBuildFilesPath/FateLost.build/Release-iphoneos/FateLost-b7204f8cf0954d34cbb54ca2f9d32c2a-VFS-iphoneos/all-product-headers.yaml

SignatureCollection /Users/runner/Library/Developer/Xcode/DerivedData/FateLost-dsbvaqyopcoialazinyzimxmscaj/Build/Intermediates.noindex/ArchiveIntermediates/FateLost/BuildProductsPath/Release-iphoneos/UserMessagingPlatform.xcframework-ios.signature
    cd /Users/runner/work/FateLost/FateLost/FateLost.xcodeproj
    builtin-collectSignature --input /Users/runner/Library/Developer/Xcode/DerivedData/FateLost-dsbvaqyopcoialazinyzimxmscaj/SourcePackages/artifacts/swift-package-manager-google-user-messaging-platform/UserMessagingPlatform/UserMessagingPlatform.xcframework --output /Users/runner/Library/Developer/Xcode/DerivedData/FateLost-dsbvaqyopcoialazinyzimxmscaj/Build/Intermediates.noindex/ArchiveIntermediates/FateLost/BuildProductsPath/Release-iphoneos/UserMessagingPlatform.xcframework-ios.signature --info platform ios --info library UserMessagingPlatform.framework

SignatureCollection /Users/runner/Library/Developer/Xcode/DerivedData/FateLost-dsbvaqyopcoialazinyzimxmscaj/Build/Intermediates.noindex/ArchiveIntermediates/FateLost/BuildProductsPath/Release-iphoneos/GoogleMobileAds.xcframework-ios.signature
    cd /Users/runner/work/FateLost/FateLost/FateLost.xcodeproj
    builtin-collectSignature --input /Users/runner/Library/Developer/Xcode/DerivedData/FateLost-dsbvaqyopcoialazinyzimxmscaj/SourcePackages/artifacts/swift-package-manager-google-mobile-ads/GoogleMobileAds/GoogleMobileAds.xcframework --output /Users/runner/Library/Developer/Xcode/DerivedData/FateLost-dsbvaqyopcoialazinyzimxmscaj/Build/Intermediates.noindex/ArchiveIntermediates/FateLost/BuildProductsPath/Release-iphoneos/GoogleMobileAds.xcframework-ios.signature --info platform ios --info library GoogleMobileAds.framework

CreateBuildDirectory /Users/runner/Library/Developer/Xcode/DerivedData/FateLost-dsbvaqyopcoialazinyzimxmscaj/Build/Intermediates.noindex/ArchiveIntermediates/FateLost/IntermediateBuildFilesPath/SwiftExplicitPrecompiledModules
    cd /Users/runner/work/FateLost/FateLost/FateLost.xcodeproj
    builtin-create-build-directory /Users/runner/Library/Developer/Xcode/DerivedData/FateLost-dsbvaqyopcoialazinyzimxmscaj/Build/Intermediates.noindex/ArchiveIntermediates/FateLost/IntermediateBuildFilesPath/SwiftExplicitPrecompiledModules

CreateBuildDirectory /Users/runner/Library/Developer/Xcode/DerivedData/FateLost-dsbvaqyopcoialazinyzimxmscaj/Build/Intermediates.noindex/ArchiveIntermediates/FateLost/IntermediateBuildFilesPath/ExplicitPrecompiledModules
    cd /Users/runner/work/FateLost/FateLost/FateLost.xcodeproj
    builtin-create-build-directory /Users/runner/Library/Developer/Xcode/DerivedData/FateLost-dsbvaqyopcoialazinyzimxmscaj/Build/Intermediates.noindex/ArchiveIntermediates/FateLost/IntermediateBuildFilesPath/ExplicitPrecompiledModules

CreateBuildDirectory /Users/runner/Library/Developer/Xcode/DerivedData/FateLost-dsbvaqyopcoialazinyzimxmscaj/Build/Intermediates.noindex/ArchiveIntermediates/FateLost/IntermediateBuildFilesPath/EagerLinkingTBDs/Release-iphoneos
    cd /Users/runner/work/FateLost/FateLost/FateLost.xcodeproj
    builtin-create-build-directory /Users/runner/Library/Developer/Xcode/DerivedData/FateLost-dsbvaqyopcoialazinyzimxmscaj/Build/Intermediates.noindex/ArchiveIntermediates/FateLost/IntermediateBuildFilesPath/EagerLinkingTBDs/Release-iphoneos

CreateBuildDirectory /Users/runner/Library/Developer/Xcode/DerivedData/FateLost-dsbvaqyopcoialazinyzimxmscaj/Build/Intermediates.noindex/ArchiveIntermediates/FateLost/BuildProductsPath/Release-iphoneos
    cd /Users/runner/work/FateLost/FateLost/FateLost.xcodeproj
    builtin-create-build-directory /Users/runner/Library/Developer/Xcode/DerivedData/FateLost-dsbvaqyopcoialazinyzimxmscaj/Build/Intermediates.noindex/ArchiveIntermediates/FateLost/BuildProductsPath/Release-iphoneos

ProcessXCFramework /Users/runner/Library/Developer/Xcode/DerivedData/FateLost-dsbvaqyopcoialazinyzimxmscaj/SourcePackages/artifacts/swift-package-manager-google-user-messaging-platform/UserMessagingPlatform/UserMessagingPlatform.xcframework /Users/runner/Library/Developer/Xcode/DerivedData/FateLost-dsbvaqyopcoialazinyzimxmscaj/Build/Intermediates.noindex/ArchiveIntermediates/FateLost/BuildProductsPath/Release-iphoneos/UserMessagingPlatform.framework ios
    cd /Users/runner/work/FateLost/FateLost/FateLost.xcodeproj
    builtin-process-xcframework --xcframework /Users/runner/Library/Developer/Xcode/DerivedData/FateLost-dsbvaqyopcoialazinyzimxmscaj/SourcePackages/artifacts/swift-package-manager-google-user-messaging-platform/UserMessagingPlatform/UserMessagingPlatform.xcframework --platform ios --target-path /Users/runner/Library/Developer/Xcode/DerivedData/FateLost-dsbvaqyopcoialazinyzimxmscaj/Build/Intermediates.noindex/ArchiveIntermediates/FateLost/BuildProductsPath/Release-iphoneos
/Users/runner/Library/Developer/Xcode/DerivedData/FateLost-dsbvaqyopcoialazinyzimxmscaj/SourcePackages/artifacts/swift-package-manager-google-user-messaging-platform/UserMessagingPlatform/UserMessagingPlatform.xcframework:1:1: note: The identity of “UserMessagingPlatform.xcframework” is not recorded in your project.

ProcessXCFramework /Users/runner/Library/Developer/Xcode/DerivedData/FateLost-dsbvaqyopcoialazinyzimxmscaj/SourcePackages/artifacts/swift-package-manager-google-mobile-ads/GoogleMobileAds/GoogleMobileAds.xcframework /Users/runner/Library/Developer/Xcode/DerivedData/FateLost-dsbvaqyopcoialazinyzimxmscaj/Build/Intermediates.noindex/ArchiveIntermediates/FateLost/BuildProductsPath/Release-iphoneos/GoogleMobileAds.framework ios
    cd /Users/runner/work/FateLost/FateLost/FateLost.xcodeproj
    builtin-process-xcframework --xcframework /Users/runner/Library/Developer/Xcode/DerivedData/FateLost-dsbvaqyopcoialazinyzimxmscaj/SourcePackages/artifacts/swift-package-manager-google-mobile-ads/GoogleMobileAds/GoogleMobileAds.xcframework --platform ios --target-path /Users/runner/Library/Developer/Xcode/DerivedData/FateLost-dsbvaqyopcoialazinyzimxmscaj/Build/Intermediates.noindex/ArchiveIntermediates/FateLost/BuildProductsPath/Release-iphoneos
/Users/runner/Library/Developer/Xcode/DerivedData/FateLost-dsbvaqyopcoialazinyzimxmscaj/SourcePackages/artifacts/swift-package-manager-google-mobile-ads/GoogleMobileAds/GoogleMobileAds.xcframework:1:1: note: The identity of “GoogleMobileAds.xcframework” is not recorded in your project.

WriteAuxiliaryFile /Users/runner/Library/Developer/Xcode/DerivedData/FateLost-dsbvaqyopcoialazinyzimxmscaj/Build/Intermediates.noindex/ArchiveIntermediates/FateLost/IntermediateBuildFilesPath/GoogleUserMessagingPlatform.build/Release-iphoneos/UserMessagingPlatformTarget.build/UserMessagingPlatformTarget.modulemap (in target 'UserMessagingPlatformTarget' from project 'GoogleUserMessagingPlatform')
    cd /Users/runner/Library/Developer/Xcode/DerivedData/FateLost-dsbvaqyopcoialazinyzimxmscaj/SourcePackages/checkouts/swift-package-manager-google-user-messaging-platform
    write-file /Users/runner/Library/Developer/Xcode/DerivedData/FateLost-dsbvaqyopcoialazinyzimxmscaj/Build/Intermediates.noindex/ArchiveIntermediates/FateLost/IntermediateBuildFilesPath/GoogleUserMessagingPlatform.build/Release-iphoneos/UserMessagingPlatformTarget.build/UserMessagingPlatformTarget.modulemap

WriteAuxiliaryFile /Users/runner/Library/Developer/Xcode/DerivedData/FateLost-dsbvaqyopcoialazinyzimxmscaj/Build/Intermediates.noindex/ArchiveIntermediates/FateLost/IntermediateBuildFilesPath/GoogleUserMessagingPlatform.build/Release-iphoneos/UserMessagingPlatformTarget.build/UserMessagingPlatformTarget.DependencyStaticMetadataFileList (in target 'UserMessagingPlatformTarget' from project 'GoogleUserMessagingPlatform')
    cd /Users/runner/Library/Developer/Xcode/DerivedData/FateLost-dsbvaqyopcoialazinyzimxmscaj/SourcePackages/checkouts/swift-package-manager-google-user-messaging-platform
    write-file /Users/runner/Library/Developer/Xcode/DerivedData/FateLost-dsbvaqyopcoialazinyzimxmscaj/Build/Intermediates.noindex/ArchiveIntermediates/FateLost/IntermediateBuildFilesPath/GoogleUserMessagingPlatform.build/Release-iphoneos/UserMessagingPlatformTarget.build/UserMessagingPlatformTarget.DependencyStaticMetadataFileList

WriteAuxiliaryFile /Users/runner/Library/Developer/Xcode/DerivedData/FateLost-dsbvaqyopcoialazinyzimxmscaj/Build/Intermediates.noindex/ArchiveIntermediates/FateLost/IntermediateBuildFilesPath/GoogleUserMessagingPlatform.build/Release-iphoneos/UserMessagingPlatformTarget.build/UserMessagingPlatformTarget.DependencyMetadataFileList (in target 'UserMessagingPlatformTarget' from project 'GoogleUserMessagingPlatform')
    cd /Users/runner/Library/Developer/Xcode/DerivedData/FateLost-dsbvaqyopcoialazinyzimxmscaj/SourcePackages/checkouts/swift-package-manager-google-user-messaging-platform
    write-file /Users/runner/Library/Developer/Xcode/DerivedData/FateLost-dsbvaqyopcoialazinyzimxmscaj/Build/Intermediates.noindex/ArchiveIntermediates/FateLost/IntermediateBuildFilesPath/GoogleUserMessagingPlatform.build/Release-iphoneos/UserMessagingPlatformTarget.build/UserMessagingPlatformTarget.DependencyMetadataFileList

WriteAuxiliaryFile /Users/runner/Library/Developer/Xcode/DerivedData/FateLost-dsbvaqyopcoialazinyzimxmscaj/Build/Intermediates.noindex/ArchiveIntermediates/FateLost/IntermediateBuildFilesPath/GoogleUserMessagingPlatform.build/Release-iphoneos/UserMessagingPlatformTarget.build/Objects-normal/arm64/e6072d4f65d7061329687fe24e3d63a7-common-args.resp (in target 'UserMessagingPlatformTarget' from project 'GoogleUserMessagingPlatform')
    cd /Users/runner/Library/Developer/Xcode/DerivedData/FateLost-dsbvaqyopcoialazinyzimxmscaj/SourcePackages/checkouts/swift-package-manager-google-user-messaging-platform
    write-file /Users/runner/Library/Developer/Xcode/DerivedData/FateLost-dsbvaqyopcoialazinyzimxmscaj/Build/Intermediates.noindex/ArchiveIntermediates/FateLost/IntermediateBuildFilesPath/GoogleUserMessagingPlatform.build/Release-iphoneos/UserMessagingPlatformTarget.build/Objects-normal/arm64/e6072d4f65d7061329687fe24e3d63a7-common-args.resp
-target arm64-apple-ios12.0 -fobjc-arc -fmodules -gmodules '-fmodules-cache-path=/Users/runner/Library/Developer/Xcode/DerivedData/ModuleCache.noindex' '-fmodule-name=UserMessagingPlatformTarget' -fpascal-strings -Os -DSWIFT_PACKAGE '-DOBJC_OLD_DISPATCH_PROTOTYPES=1' -isysroot /Applications/Xcode_26.3.app/Contents/Developer/Platforms/iPhoneOS.platform/Developer/SDKs/iPhoneOS26.2.sdk -g -I/Users/runner/Library/Developer/Xcode/DerivedData/FateLost-dsbvaqyopcoialazinyzimxmscaj/Build/Intermediates.noindex/ArchiveIntermediates/FateLost/BuildProductsPath/Release-iphoneos/include -I/Users/runner/Library/Developer/Xcode/DerivedData/FateLost-dsbvaqyopcoialazinyzimxmscaj/SourcePackages/checkouts/swift-package-manager-google-user-messaging-platform/UserMessagingPlatformTarget/include -I/Users/runner/Library/Developer/Xcode/DerivedData/FateLost-dsbvaqyopcoialazinyzimxmscaj/Build/Intermediates.noindex/ArchiveIntermediates/FateLost/IntermediateBuildFilesPath/GoogleUserMessagingPlatform.build/Release-iphoneos/UserMessagingPlatformTarget.build/DerivedSources-normal/arm64 -I/Users/runner/Library/Developer/Xcode/DerivedData/FateLost-dsbvaqyopcoialazinyzimxmscaj/Build/Intermediates.noindex/ArchiveIntermediates/FateLost/IntermediateBuildFilesPath/GoogleUserMessagingPlatform.build/Release-iphoneos/UserMessagingPlatformTarget.build/DerivedSources/arm64 -I/Users/runner/Library/Developer/Xcode/DerivedData/FateLost-dsbvaqyopcoialazinyzimxmscaj/Build/Intermediates.noindex/ArchiveIntermediates/FateLost/IntermediateBuildFilesPath/GoogleUserMessagingPlatform.build/Release-iphoneos/UserMessagingPlatformTarget.build/DerivedSources -F/Users/runner/Library/Developer/Xcode/DerivedData/FateLost-dsbvaqyopcoialazinyzimxmscaj/Build/Intermediates.noindex/ArchiveIntermediates/FateLost/BuildProductsPath/Release-iphoneos -iframework /Applications/Xcode_26.3.app/Contents/Developer/Platforms/iPhoneOS.platform/Developer/Library/Frameworks -iframework /Applications/Xcode_26.3.app/Contents/Developer/Platforms/iPhoneOS.platform/Developer/SDKs/iPhoneOS26.2.sdk/Developer/Library/Frameworks -DXcode

WriteAuxiliaryFile /Users/runner/Library/Developer/Xcode/DerivedData/FateLost-dsbvaqyopcoialazinyzimxmscaj/Build/Intermediates.noindex/ArchiveIntermediates/FateLost/IntermediateBuildFilesPath/GoogleUserMessagingPlatform.build/Release-iphoneos/UserMessagingPlatformTarget.build/Objects-normal/arm64/UserMessagingPlatformTarget.LinkFileList (in target 'UserMessagingPlatformTarget' from project 'GoogleUserMessagingPlatform')
    cd /Users/runner/Library/Developer/Xcode/DerivedData/FateLost-dsbvaqyopcoialazinyzimxmscaj/SourcePackages/checkouts/swift-package-manager-google-user-messaging-platform
    write-file /Users/runner/Library/Developer/Xcode/DerivedData/FateLost-dsbvaqyopcoialazinyzimxmscaj/Build/Intermediates.noindex/ArchiveIntermediates/FateLost/IntermediateBuildFilesPath/GoogleUserMessagingPlatform.build/Release-iphoneos/UserMessagingPlatformTarget.build/Objects-normal/arm64/UserMessagingPlatformTarget.LinkFileList

Copy /Users/runner/Library/Developer/Xcode/DerivedData/FateLost-dsbvaqyopcoialazinyzimxmscaj/Build/Intermediates.noindex/ArchiveIntermediates/FateLost/IntermediateBuildFilesPath/GeneratedModuleMaps-iphoneos/UserMessagingPlatformTarget.modulemap /Users/runner/Library/Developer/Xcode/DerivedData/FateLost-dsbvaqyopcoialazinyzimxmscaj/Build/Intermediates.noindex/ArchiveIntermediates/FateLost/IntermediateBuildFilesPath/GoogleUserMessagingPlatform.build/Release-iphoneos/UserMessagingPlatformTarget.build/UserMessagingPlatformTarget.modulemap (in target 'UserMessagingPlatformTarget' from project 'GoogleUserMessagingPlatform')
    cd /Users/runner/Library/Developer/Xcode/DerivedData/FateLost-dsbvaqyopcoialazinyzimxmscaj/SourcePackages/checkouts/swift-package-manager-google-user-messaging-platform
    builtin-copy -exclude .DS_Store -exclude CVS -exclude .svn -exclude .git -exclude .hg -strip-unsigned-binaries -strip-deterministic -strip-tool /Applications/Xcode_26.3.app/Contents/Developer/Toolchains/XcodeDefault.xctoolchain/usr/bin/strip -resolve-src-symlinks /Users/runner/Library/Developer/Xcode/DerivedData/FateLost-dsbvaqyopcoialazinyzimxmscaj/Build/Intermediates.noindex/ArchiveIntermediates/FateLost/IntermediateBuildFilesPath/GoogleUserMessagingPlatform.build/Release-iphoneos/UserMessagingPlatformTarget.build/UserMessagingPlatformTarget.modulemap /Users/runner/Library/Developer/Xcode/DerivedData/FateLost-dsbvaqyopcoialazinyzimxmscaj/Build/Intermediates.noindex/ArchiveIntermediates/FateLost/IntermediateBuildFilesPath/GeneratedModuleMaps-iphoneos

SymLink /Users/runner/Library/Developer/Xcode/DerivedData/FateLost-dsbvaqyopcoialazinyzimxmscaj/Build/Intermediates.noindex/ArchiveIntermediates/FateLost/BuildProductsPath/Release-iphoneos/UserMessagingPlatformTarget.o ../../IntermediateBuildFilesPath/UninstalledProducts/iphoneos/UserMessagingPlatformTarget.o (in target 'UserMessagingPlatformTarget' from project 'GoogleUserMessagingPlatform')
    cd /Users/runner/Library/Developer/Xcode/DerivedData/FateLost-dsbvaqyopcoialazinyzimxmscaj/SourcePackages/checkouts/swift-package-manager-google-user-messaging-platform
    /bin/ln -sfh ../../IntermediateBuildFilesPath/UninstalledProducts/iphoneos/UserMessagingPlatformTarget.o /Users/runner/Library/Developer/Xcode/DerivedData/FateLost-dsbvaqyopcoialazinyzimxmscaj/Build/Intermediates.noindex/ArchiveIntermediates/FateLost/BuildProductsPath/Release-iphoneos/UserMessagingPlatformTarget.o

CreateBuildDirectory /Users/runner/Library/Developer/Xcode/DerivedData/FateLost-dsbvaqyopcoialazinyzimxmscaj/Build/Intermediates.noindex/ArchiveIntermediates/FateLost/BuildProductsPath/Release-iphoneos/PackageFrameworks
    cd /Users/runner/work/FateLost/FateLost/FateLost.xcodeproj
    builtin-create-build-directory /Users/runner/Library/Developer/Xcode/DerivedData/FateLost-dsbvaqyopcoialazinyzimxmscaj/Build/Intermediates.noindex/ArchiveIntermediates/FateLost/BuildProductsPath/Release-iphoneos/PackageFrameworks

WriteAuxiliaryFile /Users/runner/Library/Developer/Xcode/DerivedData/FateLost-dsbvaqyopcoialazinyzimxmscaj/Build/Intermediates.noindex/ArchiveIntermediates/FateLost/IntermediateBuildFilesPath/GoogleMobileAds.build/Release-iphoneos/GoogleMobileAdsTarget.build/Objects-normal/arm64/GoogleMobileAdsTarget_const_extract_protocols.json (in target 'GoogleMobileAdsTarget' from project 'GoogleMobileAds')
    cd /Users/runner/Library/Developer/Xcode/DerivedData/FateLost-dsbvaqyopcoialazinyzimxmscaj/SourcePackages/checkouts/swift-package-manager-google-mobile-ads
    write-file /Users/runner/Library/Developer/Xcode/DerivedData/FateLost-dsbvaqyopcoialazinyzimxmscaj/Build/Intermediates.noindex/ArchiveIntermediates/FateLost/IntermediateBuildFilesPath/GoogleMobileAds.build/Release-iphoneos/GoogleMobileAdsTarget.build/Objects-normal/arm64/GoogleMobileAdsTarget_const_extract_protocols.json

WriteAuxiliaryFile /Users/runner/Library/Developer/Xcode/DerivedData/FateLost-dsbvaqyopcoialazinyzimxmscaj/Build/Intermediates.noindex/ArchiveIntermediates/FateLost/IntermediateBuildFilesPath/GoogleMobileAds.build/Release-iphoneos/GoogleMobileAdsTarget.build/Objects-normal/arm64/GoogleMobileAdsTarget.SwiftFileList (in target 'GoogleMobileAdsTarget' from project 'GoogleMobileAds')
    cd /Users/runner/Library/Developer/Xcode/DerivedData/FateLost-dsbvaqyopcoialazinyzimxmscaj/SourcePackages/checkouts/swift-package-manager-google-mobile-ads
    write-file /Users/runner/Library/Developer/Xcode/DerivedData/FateLost-dsbvaqyopcoialazinyzimxmscaj/Build/Intermediates.noindex/ArchiveIntermediates/FateLost/IntermediateBuildFilesPath/GoogleMobileAds.build/Release-iphoneos/GoogleMobileAdsTarget.build/Objects-normal/arm64/GoogleMobileAdsTarget.SwiftFileList

WriteAuxiliaryFile /Users/runner/Library/Developer/Xcode/DerivedData/FateLost-dsbvaqyopcoialazinyzimxmscaj/Build/Intermediates.noindex/ArchiveIntermediates/FateLost/IntermediateBuildFilesPath/GoogleMobileAds.build/Release-iphoneos/GoogleMobileAdsTarget.build/Objects-normal/arm64/GoogleMobileAdsTarget.SwiftConstValuesFileList (in target 'GoogleMobileAdsTarget' from project 'GoogleMobileAds')
    cd /Users/runner/Library/Developer/Xcode/DerivedData/FateLost-dsbvaqyopcoialazinyzimxmscaj/SourcePackages/checkouts/swift-package-manager-google-mobile-ads
    write-file /Users/runner/Library/Developer/Xcode/DerivedData/FateLost-dsbvaqyopcoialazinyzimxmscaj/Build/Intermediates.noindex/ArchiveIntermediates/FateLost/IntermediateBuildFilesPath/GoogleMobileAds.build/Release-iphoneos/GoogleMobileAdsTarget.build/Objects-normal/arm64/GoogleMobileAdsTarget.SwiftConstValuesFileList

WriteAuxiliaryFile /Users/runner/Library/Developer/Xcode/DerivedData/FateLost-dsbvaqyopcoialazinyzimxmscaj/Build/Intermediates.noindex/ArchiveIntermediates/FateLost/IntermediateBuildFilesPath/GoogleMobileAds.build/Release-iphoneos/GoogleMobileAdsTarget.build/Objects-normal/arm64/GoogleMobileAdsTarget.LinkFileList (in target 'GoogleMobileAdsTarget' from project 'GoogleMobileAds')
    cd /Users/runner/Library/Developer/Xcode/DerivedData/FateLost-dsbvaqyopcoialazinyzimxmscaj/SourcePackages/checkouts/swift-package-manager-google-mobile-ads
    write-file /Users/runner/Library/Developer/Xcode/DerivedData/FateLost-dsbvaqyopcoialazinyzimxmscaj/Build/Intermediates.noindex/ArchiveIntermediates/FateLost/IntermediateBuildFilesPath/GoogleMobileAds.build/Release-iphoneos/GoogleMobileAdsTarget.build/Objects-normal/arm64/GoogleMobileAdsTarget.LinkFileList

WriteAuxiliaryFile /Users/runner/Library/Developer/Xcode/DerivedData/FateLost-dsbvaqyopcoialazinyzimxmscaj/Build/Intermediates.noindex/ArchiveIntermediates/FateLost/IntermediateBuildFilesPath/GoogleMobileAds.build/Release-iphoneos/GoogleMobileAdsTarget.build/Objects-normal/arm64/GoogleMobileAdsTarget-OutputFileMap.json (in target 'GoogleMobileAdsTarget' from project 'GoogleMobileAds')
    cd /Users/runner/Library/Developer/Xcode/DerivedData/FateLost-dsbvaqyopcoialazinyzimxmscaj/SourcePackages/checkouts/swift-package-manager-google-mobile-ads
    write-file /Users/runner/Library/Developer/Xcode/DerivedData/FateLost-dsbvaqyopcoialazinyzimxmscaj/Build/Intermediates.noindex/ArchiveIntermediates/FateLost/IntermediateBuildFilesPath/GoogleMobileAds.build/Release-iphoneos/GoogleMobileAdsTarget.build/Objects-normal/arm64/GoogleMobileAdsTarget-OutputFileMap.json

WriteAuxiliaryFile /Users/runner/Library/Developer/Xcode/DerivedData/FateLost-dsbvaqyopcoialazinyzimxmscaj/Build/Intermediates.noindex/ArchiveIntermediates/FateLost/IntermediateBuildFilesPath/GoogleMobileAds.build/Release-iphoneos/GoogleMobileAdsTarget.build/GoogleMobileAdsTarget.modulemap (in target 'GoogleMobileAdsTarget' from project 'GoogleMobileAds')
    cd /Users/runner/Library/Developer/Xcode/DerivedData/FateLost-dsbvaqyopcoialazinyzimxmscaj/SourcePackages/checkouts/swift-package-manager-google-mobile-ads
    write-file /Users/runner/Library/Developer/Xcode/DerivedData/FateLost-dsbvaqyopcoialazinyzimxmscaj/Build/Intermediates.noindex/ArchiveIntermediates/FateLost/IntermediateBuildFilesPath/GoogleMobileAds.build/Release-iphoneos/GoogleMobileAdsTarget.build/GoogleMobileAdsTarget.modulemap

WriteAuxiliaryFile /Users/runner/Library/Developer/Xcode/DerivedData/FateLost-dsbvaqyopcoialazinyzimxmscaj/Build/Intermediates.noindex/ArchiveIntermediates/FateLost/IntermediateBuildFilesPath/GoogleMobileAds.build/Release-iphoneos/GoogleMobileAdsTarget.build/GoogleMobileAdsTarget.DependencyStaticMetadataFileList (in target 'GoogleMobileAdsTarget' from project 'GoogleMobileAds')
    cd /Users/runner/Library/Developer/Xcode/DerivedData/FateLost-dsbvaqyopcoialazinyzimxmscaj/SourcePackages/checkouts/swift-package-manager-google-mobile-ads
    write-file /Users/runner/Library/Developer/Xcode/DerivedData/FateLost-dsbvaqyopcoialazinyzimxmscaj/Build/Intermediates.noindex/ArchiveIntermediates/FateLost/IntermediateBuildFilesPath/GoogleMobileAds.build/Release-iphoneos/GoogleMobileAdsTarget.build/GoogleMobileAdsTarget.DependencyStaticMetadataFileList

WriteAuxiliaryFile /Users/runner/Library/Developer/Xcode/DerivedData/FateLost-dsbvaqyopcoialazinyzimxmscaj/Build/Intermediates.noindex/ArchiveIntermediates/FateLost/IntermediateBuildFilesPath/GoogleMobileAds.build/Release-iphoneos/GoogleMobileAdsTarget.build/GoogleMobileAdsTarget.DependencyMetadataFileList (in target 'GoogleMobileAdsTarget' from project 'GoogleMobileAds')
    cd /Users/runner/Library/Developer/Xcode/DerivedData/FateLost-dsbvaqyopcoialazinyzimxmscaj/SourcePackages/checkouts/swift-package-manager-google-mobile-ads
    write-file /Users/runner/Library/Developer/Xcode/DerivedData/FateLost-dsbvaqyopcoialazinyzimxmscaj/Build/Intermediates.noindex/ArchiveIntermediates/FateLost/IntermediateBuildFilesPath/GoogleMobileAds.build/Release-iphoneos/GoogleMobileAdsTarget.build/GoogleMobileAdsTarget.DependencyMetadataFileList

Copy /Users/runner/Library/Developer/Xcode/DerivedData/FateLost-dsbvaqyopcoialazinyzimxmscaj/Build/Intermediates.noindex/ArchiveIntermediates/FateLost/IntermediateBuildFilesPath/GeneratedModuleMaps-iphoneos/GoogleMobileAdsTarget.modulemap /Users/runner/Library/Developer/Xcode/DerivedData/FateLost-dsbvaqyopcoialazinyzimxmscaj/Build/Intermediates.noindex/ArchiveIntermediates/FateLost/IntermediateBuildFilesPath/GoogleMobileAds.build/Release-iphoneos/GoogleMobileAdsTarget.build/GoogleMobileAdsTarget.modulemap (in target 'GoogleMobileAdsTarget' from project 'GoogleMobileAds')
    cd /Users/runner/Library/Developer/Xcode/DerivedData/FateLost-dsbvaqyopcoialazinyzimxmscaj/SourcePackages/checkouts/swift-package-manager-google-mobile-ads
    builtin-copy -exclude .DS_Store -exclude CVS -exclude .svn -exclude .git -exclude .hg -strip-unsigned-binaries -strip-deterministic -strip-tool /Applications/Xcode_26.3.app/Contents/Developer/Toolchains/XcodeDefault.xctoolchain/usr/bin/strip -resolve-src-symlinks /Users/runner/Library/Developer/Xcode/DerivedData/FateLost-dsbvaqyopcoialazinyzimxmscaj/Build/Intermediates.noindex/ArchiveIntermediates/FateLost/IntermediateBuildFilesPath/GoogleMobileAds.build/Release-iphoneos/GoogleMobileAdsTarget.build/GoogleMobileAdsTarget.modulemap /Users/runner/Library/Developer/Xcode/DerivedData/FateLost-dsbvaqyopcoialazinyzimxmscaj/Build/Intermediates.noindex/ArchiveIntermediates/FateLost/IntermediateBuildFilesPath/GeneratedModuleMaps-iphoneos

WriteAuxiliaryFile /Users/runner/Library/Developer/Xcode/DerivedData/FateLost-dsbvaqyopcoialazinyzimxmscaj/Build/Intermediates.noindex/ArchiveIntermediates/FateLost/IntermediateBuildFilesPath/FateLost.build/Release-iphoneos/FateLost.build/Objects-normal/arm64/FateLost_const_extract_protocols.json (in target 'FateLost' from project 'FateLost')
    cd /Users/runner/work/FateLost/FateLost
    write-file /Users/runner/Library/Developer/Xcode/DerivedData/FateLost-dsbvaqyopcoialazinyzimxmscaj/Build/Intermediates.noindex/ArchiveIntermediates/FateLost/IntermediateBuildFilesPath/FateLost.build/Release-iphoneos/FateLost.build/Objects-normal/arm64/FateLost_const_extract_protocols.json

WriteAuxiliaryFile /Users/runner/Library/Developer/Xcode/DerivedData/FateLost-dsbvaqyopcoialazinyzimxmscaj/Build/Intermediates.noindex/ArchiveIntermediates/FateLost/IntermediateBuildFilesPath/FateLost.build/Release-iphoneos/FateLost.build/Objects-normal/arm64/FateLost.SwiftFileList (in target 'FateLost' from project 'FateLost')
    cd /Users/runner/work/FateLost/FateLost
    write-file /Users/runner/Library/Developer/Xcode/DerivedData/FateLost-dsbvaqyopcoialazinyzimxmscaj/Build/Intermediates.noindex/ArchiveIntermediates/FateLost/IntermediateBuildFilesPath/FateLost.build/Release-iphoneos/FateLost.build/Objects-normal/arm64/FateLost.SwiftFileList

WriteAuxiliaryFile /Users/runner/Library/Developer/Xcode/DerivedData/FateLost-dsbvaqyopcoialazinyzimxmscaj/Build/Intermediates.noindex/ArchiveIntermediates/FateLost/IntermediateBuildFilesPath/FateLost.build/Release-iphoneos/FateLost.build/Objects-normal/arm64/FateLost.SwiftConstValuesFileList (in target 'FateLost' from project 'FateLost')
    cd /Users/runner/work/FateLost/FateLost
    write-file /Users/runner/Library/Developer/Xcode/DerivedData/FateLost-dsbvaqyopcoialazinyzimxmscaj/Build/Intermediates.noindex/ArchiveIntermediates/FateLost/IntermediateBuildFilesPath/FateLost.build/Release-iphoneos/FateLost.build/Objects-normal/arm64/FateLost.SwiftConstValuesFileList

WriteAuxiliaryFile /Users/runner/Library/Developer/Xcode/DerivedData/FateLost-dsbvaqyopcoialazinyzimxmscaj/Build/Intermediates.noindex/ArchiveIntermediates/FateLost/IntermediateBuildFilesPath/FateLost.build/Release-iphoneos/FateLost.build/Objects-normal/arm64/FateLost.LinkFileList (in target 'FateLost' from project 'FateLost')
    cd /Users/runner/work/FateLost/FateLost
    write-file /Users/runner/Library/Developer/Xcode/DerivedData/FateLost-dsbvaqyopcoialazinyzimxmscaj/Build/Intermediates.noindex/ArchiveIntermediates/FateLost/IntermediateBuildFilesPath/FateLost.build/Release-iphoneos/FateLost.build/Objects-normal/arm64/FateLost.LinkFileList

WriteAuxiliaryFile /Users/runner/Library/Developer/Xcode/DerivedData/FateLost-dsbvaqyopcoialazinyzimxmscaj/Build/Intermediates.noindex/ArchiveIntermediates/FateLost/IntermediateBuildFilesPath/FateLost.build/Release-iphoneos/FateLost.build/Objects-normal/arm64/FateLost-OutputFileMap.json (in target 'FateLost' from project 'FateLost')
    cd /Users/runner/work/FateLost/FateLost
    write-file /Users/runner/Library/Developer/Xcode/DerivedData/FateLost-dsbvaqyopcoialazinyzimxmscaj/Build/Intermediates.noindex/ArchiveIntermediates/FateLost/IntermediateBuildFilesPath/FateLost.build/Release-iphoneos/FateLost.build/Objects-normal/arm64/FateLost-OutputFileMap.json

WriteAuxiliaryFile /Users/runner/Library/Developer/Xcode/DerivedData/FateLost-dsbvaqyopcoialazinyzimxmscaj/Build/Intermediates.noindex/ArchiveIntermediates/FateLost/IntermediateBuildFilesPath/FateLost.build/Release-iphoneos/FateLost.build/FateLost.hmap (in target 'FateLost' from project 'FateLost')
    cd /Users/runner/work/FateLost/FateLost
    write-file /Users/runner/Library/Developer/Xcode/DerivedData/FateLost-dsbvaqyopcoialazinyzimxmscaj/Build/Intermediates.noindex/ArchiveIntermediates/FateLost/IntermediateBuildFilesPath/FateLost.build/Release-iphoneos/FateLost.build/FateLost.hmap

WriteAuxiliaryFile /Users/runner/Library/Developer/Xcode/DerivedData/FateLost-dsbvaqyopcoialazinyzimxmscaj/Build/Intermediates.noindex/ArchiveIntermediates/FateLost/IntermediateBuildFilesPath/FateLost.build/Release-iphoneos/FateLost.build/FateLost.DependencyStaticMetadataFileList (in target 'FateLost' from project 'FateLost')
    cd /Users/runner/work/FateLost/FateLost
    write-file /Users/runner/Library/Developer/Xcode/DerivedData/FateLost-dsbvaqyopcoialazinyzimxmscaj/Build/Intermediates.noindex/ArchiveIntermediates/FateLost/IntermediateBuildFilesPath/FateLost.build/Release-iphoneos/FateLost.build/FateLost.DependencyStaticMetadataFileList

WriteAuxiliaryFile /Users/runner/Library/Developer/Xcode/DerivedData/FateLost-dsbvaqyopcoialazinyzimxmscaj/Build/Intermediates.noindex/ArchiveIntermediates/FateLost/IntermediateBuildFilesPath/FateLost.build/Release-iphoneos/FateLost.build/FateLost.DependencyMetadataFileList (in target 'FateLost' from project 'FateLost')
    cd /Users/runner/work/FateLost/FateLost
    write-file /Users/runner/Library/Developer/Xcode/DerivedData/FateLost-dsbvaqyopcoialazinyzimxmscaj/Build/Intermediates.noindex/ArchiveIntermediates/FateLost/IntermediateBuildFilesPath/FateLost.build/Release-iphoneos/FateLost.build/FateLost.DependencyMetadataFileList

WriteAuxiliaryFile /Users/runner/Library/Developer/Xcode/DerivedData/FateLost-dsbvaqyopcoialazinyzimxmscaj/Build/Intermediates.noindex/ArchiveIntermediates/FateLost/IntermediateBuildFilesPath/FateLost.build/Release-iphoneos/FateLost.build/FateLost-project-headers.hmap (in target 'FateLost' from project 'FateLost')
    cd /Users/runner/work/FateLost/FateLost
    write-file /Users/runner/Library/Developer/Xcode/DerivedData/FateLost-dsbvaqyopcoialazinyzimxmscaj/Build/Intermediates.noindex/ArchiveIntermediates/FateLost/IntermediateBuildFilesPath/FateLost.build/Release-iphoneos/FateLost.build/FateLost-project-headers.hmap

WriteAuxiliaryFile /Users/runner/Library/Developer/Xcode/DerivedData/FateLost-dsbvaqyopcoialazinyzimxmscaj/Build/Intermediates.noindex/ArchiveIntermediates/FateLost/IntermediateBuildFilesPath/FateLost.build/Release-iphoneos/FateLost.build/FateLost-own-target-headers.hmap (in target 'FateLost' from project 'FateLost')
    cd /Users/runner/work/FateLost/FateLost
    write-file /Users/runner/Library/Developer/Xcode/DerivedData/FateLost-dsbvaqyopcoialazinyzimxmscaj/Build/Intermediates.noindex/ArchiveIntermediates/FateLost/IntermediateBuildFilesPath/FateLost.build/Release-iphoneos/FateLost.build/FateLost-own-target-headers.hmap

WriteAuxiliaryFile /Users/runner/Library/Developer/Xcode/DerivedData/FateLost-dsbvaqyopcoialazinyzimxmscaj/Build/Intermediates.noindex/ArchiveIntermediates/FateLost/IntermediateBuildFilesPath/FateLost.build/Release-iphoneos/FateLost.build/FateLost-generated-files.hmap (in target 'FateLost' from project 'FateLost')
    cd /Users/runner/work/FateLost/FateLost
    write-file /Users/runner/Library/Developer/Xcode/DerivedData/FateLost-dsbvaqyopcoialazinyzimxmscaj/Build/Intermediates.noindex/ArchiveIntermediates/FateLost/IntermediateBuildFilesPath/FateLost.build/Release-iphoneos/FateLost.build/FateLost-generated-files.hmap

WriteAuxiliaryFile /Users/runner/Library/Developer/Xcode/DerivedData/FateLost-dsbvaqyopcoialazinyzimxmscaj/Build/Intermediates.noindex/ArchiveIntermediates/FateLost/IntermediateBuildFilesPath/FateLost.build/Release-iphoneos/FateLost.build/FateLost-all-target-headers.hmap (in target 'FateLost' from project 'FateLost')
    cd /Users/runner/work/FateLost/FateLost
    write-file /Users/runner/Library/Developer/Xcode/DerivedData/FateLost-dsbvaqyopcoialazinyzimxmscaj/Build/Intermediates.noindex/ArchiveIntermediates/FateLost/IntermediateBuildFilesPath/FateLost.build/Release-iphoneos/FateLost.build/FateLost-all-target-headers.hmap

WriteAuxiliaryFile /Users/runner/Library/Developer/Xcode/DerivedData/FateLost-dsbvaqyopcoialazinyzimxmscaj/Build/Intermediates.noindex/ArchiveIntermediates/FateLost/IntermediateBuildFilesPath/FateLost.build/Release-iphoneos/FateLost.build/FateLost-all-non-framework-target-headers.hmap (in target 'FateLost' from project 'FateLost')
    cd /Users/runner/work/FateLost/FateLost
    write-file /Users/runner/Library/Developer/Xcode/DerivedData/FateLost-dsbvaqyopcoialazinyzimxmscaj/Build/Intermediates.noindex/ArchiveIntermediates/FateLost/IntermediateBuildFilesPath/FateLost.build/Release-iphoneos/FateLost.build/FateLost-all-non-framework-target-headers.hmap

WriteAuxiliaryFile /Users/runner/Library/Developer/Xcode/DerivedData/FateLost-dsbvaqyopcoialazinyzimxmscaj/Build/Intermediates.noindex/ArchiveIntermediates/FateLost/IntermediateBuildFilesPath/FateLost.build/Release-iphoneos/FateLost.build/DerivedSources/Entitlements.plist (in target 'FateLost' from project 'FateLost')
    cd /Users/runner/work/FateLost/FateLost
    write-file /Users/runner/Library/Developer/Xcode/DerivedData/FateLost-dsbvaqyopcoialazinyzimxmscaj/Build/Intermediates.noindex/ArchiveIntermediates/FateLost/IntermediateBuildFilesPath/FateLost.build/Release-iphoneos/FateLost.build/DerivedSources/Entitlements.plist

SymLink /Users/runner/Library/Developer/Xcode/DerivedData/FateLost-dsbvaqyopcoialazinyzimxmscaj/Build/Intermediates.noindex/ArchiveIntermediates/FateLost/BuildProductsPath/Release-iphoneos/GoogleMobileAdsTarget.o ../../IntermediateBuildFilesPath/UninstalledProducts/iphoneos/GoogleMobileAdsTarget.o (in target 'GoogleMobileAdsTarget' from project 'GoogleMobileAds')
    cd /Users/runner/Library/Developer/Xcode/DerivedData/FateLost-dsbvaqyopcoialazinyzimxmscaj/SourcePackages/checkouts/swift-package-manager-google-mobile-ads
    /bin/ln -sfh ../../IntermediateBuildFilesPath/UninstalledProducts/iphoneos/GoogleMobileAdsTarget.o /Users/runner/Library/Developer/Xcode/DerivedData/FateLost-dsbvaqyopcoialazinyzimxmscaj/Build/Intermediates.noindex/ArchiveIntermediates/FateLost/BuildProductsPath/Release-iphoneos/GoogleMobileAdsTarget.o

SymLink /Users/runner/Library/Developer/Xcode/DerivedData/FateLost-dsbvaqyopcoialazinyzimxmscaj/Build/Intermediates.noindex/ArchiveIntermediates/FateLost/BuildProductsPath/Release-iphoneos/FateLost.app ../../InstallationBuildProductsLocation/Applications/FateLost.app (in target 'FateLost' from project 'FateLost')
    cd /Users/runner/work/FateLost/FateLost
    /bin/ln -sfh ../../InstallationBuildProductsLocation/Applications/FateLost.app /Users/runner/Library/Developer/Xcode/DerivedData/FateLost-dsbvaqyopcoialazinyzimxmscaj/Build/Intermediates.noindex/ArchiveIntermediates/FateLost/BuildProductsPath/Release-iphoneos/FateLost.app

MkDir /Users/runner/Library/Developer/Xcode/DerivedData/FateLost-dsbvaqyopcoialazinyzimxmscaj/Build/Intermediates.noindex/ArchiveIntermediates/FateLost/InstallationBuildProductsLocation/Applications/FateLost.app/Frameworks (in target 'FateLost' from project 'FateLost')
    cd /Users/runner/work/FateLost/FateLost
    /bin/mkdir -p /Users/runner/Library/Developer/Xcode/DerivedData/FateLost-dsbvaqyopcoialazinyzimxmscaj/Build/Intermediates.noindex/ArchiveIntermediates/FateLost/InstallationBuildProductsLocation/Applications/FateLost.app/Frameworks

MkDir /Users/runner/Library/Developer/Xcode/DerivedData/FateLost-dsbvaqyopcoialazinyzimxmscaj/Build/Intermediates.noindex/ArchiveIntermediates/FateLost/InstallationBuildProductsLocation/Applications/FateLost.app (in target 'FateLost' from project 'FateLost')
    cd /Users/runner/work/FateLost/FateLost
    /bin/mkdir -p /Users/runner/Library/Developer/Xcode/DerivedData/FateLost-dsbvaqyopcoialazinyzimxmscaj/Build/Intermediates.noindex/ArchiveIntermediates/FateLost/InstallationBuildProductsLocation/Applications/FateLost.app

SwiftDriver GoogleMobileAdsTarget normal arm64 com.apple.xcode.tools.swift.compiler (in target 'GoogleMobileAdsTarget' from project 'GoogleMobileAds')
    cd /Users/runner/work/FateLost/FateLost/FateLost.xcodeproj
    builtin-SwiftDriver -- /Applications/Xcode_26.3.app/Contents/Developer/Toolchains/XcodeDefault.xctoolchain/usr/bin/swiftc -module-name GoogleMobileAdsTarget -O -whole-module-optimization -enforce-exclusivity\=checked @/Users/runner/Library/Developer/Xcode/DerivedData/FateLost-dsbvaqyopcoialazinyzimxmscaj/Build/Intermediates.noindex/ArchiveIntermediates/FateLost/IntermediateBuildFilesPath/GoogleMobileAds.build/Release-iphoneos/GoogleMobileAdsTarget.build/Objects-normal/arm64/GoogleMobileAdsTarget.SwiftFileList -DSWIFT_PACKAGE -DSWIFT_MODULE_RESOURCE_BUNDLE_UNAVAILABLE -Xcc -fmodule-map-file\=/Users/runner/Library/Developer/Xcode/DerivedData/FateLost-dsbvaqyopcoialazinyzimxmscaj/Build/Intermediates.noindex/ArchiveIntermediates/FateLost/IntermediateBuildFilesPath/GeneratedModuleMaps-iphoneos/UserMessagingPlatformTarget.modulemap -DXcode -plugin-path /Applications/Xcode_26.3.app/Contents/Developer/Toolchains/XcodeDefault.xctoolchain/usr/lib/swift/host/plugins/testing -enable-experimental-feature DebugDescriptionMacro -sdk /Applications/Xcode_26.3.app/Contents/Developer/Platforms/iPhoneOS.platform/Developer/SDKs/iPhoneOS26.2.sdk -target arm64-apple-ios13.0 -g -module-cache-path /Users/runner/Library/Developer/Xcode/DerivedData/ModuleCache.noindex -Xfrontend -serialize-debugging-options -suppress-warnings -swift-version 5 -I /Users/runner/Library/Developer/Xcode/DerivedData/FateLost-dsbvaqyopcoialazinyzimxmscaj/Build/Intermediates.noindex/ArchiveIntermediates/FateLost/BuildProductsPath/Release-iphoneos -Isystem /Applications/Xcode_26.3.app/Contents/Developer/Platforms/iPhoneOS.platform/Developer/usr/lib -F /Users/runner/Library/Developer/Xcode/DerivedData/FateLost-dsbvaqyopcoialazinyzimxmscaj/Build/Intermediates.noindex/ArchiveIntermediates/FateLost/BuildProductsPath/Release-iphoneos/PackageFrameworks -F /Users/runner/Library/Developer/Xcode/DerivedData/FateLost-dsbvaqyopcoialazinyzimxmscaj/Build/Intermediates.noindex/ArchiveIntermediates/FateLost/BuildProductsPath/Release-iphoneos -F /Applications/Xcode_26.3.app/Contents/Developer/Platforms/iPhoneOS.platform/Developer/Library/Frameworks -F /Applications/Xcode_26.3.app/Contents/Developer/Platforms/iPhoneOS.platform/Developer/SDKs/iPhoneOS26.2.sdk/Developer/Library/Frameworks -parse-as-library -c -num-threads 3 -Xcc -ivfsstatcache -Xcc /Users/runner/Library/Developer/Xcode/DerivedData/SDKStatCaches.noindex/iphoneos26.2-23C57-dc75598d0054f22ec865fa860f139d722dd23b4ebda140f7210d155ff1243552.sdkstatcache -output-file-map /Users/runner/Library/Developer/Xcode/DerivedData/FateLost-dsbvaqyopcoialazinyzimxmscaj/Build/Intermediates.noindex/ArchiveIntermediates/FateLost/IntermediateBuildFilesPath/GoogleMobileAds.build/Release-iphoneos/GoogleMobileAdsTarget.build/Objects-normal/arm64/GoogleMobileAdsTarget-OutputFileMap.json -use-frontend-parseable-output -save-temps -no-color-diagnostics -explicit-module-build -module-cache-path /Users/runner/Library/Developer/Xcode/DerivedData/FateLost-dsbvaqyopcoialazinyzimxmscaj/Build/Intermediates.noindex/ArchiveIntermediates/FateLost/IntermediateBuildFilesPath/SwiftExplicitPrecompiledModules -clang-scanner-module-cache-path /Users/runner/Library/Developer/Xcode/DerivedData/ModuleCache.noindex -sdk-module-cache-path /Users/runner/Library/Developer/Xcode/DerivedData/ModuleCache.noindex -serialize-diagnostics -emit-dependencies -emit-module -emit-module-path /Users/runner/Library/Developer/Xcode/DerivedData/FateLost-dsbvaqyopcoialazinyzimxmscaj/Build/Intermediates.noindex/ArchiveIntermediates/FateLost/IntermediateBuildFilesPath/GoogleMobileAds.build/Release-iphoneos/GoogleMobileAdsTarget.build/Objects-normal/arm64/GoogleMobileAdsTarget.swiftmodule -validate-clang-modules-once -clang-build-session-file /Users/runner/Library/Developer/Xcode/DerivedData/ModuleCache.noindex/Session.modulevalidation -Xcc -I/Users/runner/Library/Developer/Xcode/DerivedData/FateLost-dsbvaqyopcoialazinyzimxmscaj/Build/Intermediates.noindex/ArchiveIntermediates/FateLost/IntermediateBuildFilesPath/GoogleMobileAds.build/Release-iphoneos/GoogleMobileAdsTarget.build/swift-overrides.hmap -emit-const-values -Xfrontend -const-gather-protocols-file -Xfrontend /Users/runner/Library/Developer/Xcode/DerivedData/FateLost-dsbvaqyopcoialazinyzimxmscaj/Build/Intermediates.noindex/ArchiveIntermediates/FateLost/IntermediateBuildFilesPath/GoogleMobileAds.build/Release-iphoneos/GoogleMobileAdsTarget.build/Objects-normal/arm64/GoogleMobileAdsTarget_const_extract_protocols.json -Xcc -I/Users/runner/Library/Developer/Xcode/DerivedData/FateLost-dsbvaqyopcoialazinyzimxmscaj/SourcePackages/checkouts/swift-package-manager-google-user-messaging-platform/UserMessagingPlatformTarget/include -Xcc -I/Users/runner/Library/Developer/Xcode/DerivedData/FateLost-dsbvaqyopcoialazinyzimxmscaj/Build/Intermediates.noindex/ArchiveIntermediates/FateLost/BuildProductsPath/Release-iphoneos/include -Xcc -I/Users/runner/Library/Developer/Xcode/DerivedData/FateLost-dsbvaqyopcoialazinyzimxmscaj/Build/Intermediates.noindex/ArchiveIntermediates/FateLost/IntermediateBuildFilesPath/GoogleMobileAds.build/Release-iphoneos/GoogleMobileAdsTarget.build/DerivedSources-normal/arm64 -Xcc -I/Users/runner/Library/Developer/Xcode/DerivedData/FateLost-dsbvaqyopcoialazinyzimxmscaj/Build/Intermediates.noindex/ArchiveIntermediates/FateLost/IntermediateBuildFilesPath/GoogleMobileAds.build/Release-iphoneos/GoogleMobileAdsTarget.build/DerivedSources/arm64 -Xcc -I/Users/runner/Library/Developer/Xcode/DerivedData/FateLost-dsbvaqyopcoialazinyzimxmscaj/Build/Intermediates.noindex/ArchiveIntermediates/FateLost/IntermediateBuildFilesPath/GoogleMobileAds.build/Release-iphoneos/GoogleMobileAdsTarget.build/DerivedSources -Xcc -DSWIFT_PACKAGE -emit-objc-header -emit-objc-header-path /Users/runner/Library/Developer/Xcode/DerivedData/FateLost-dsbvaqyopcoialazinyzimxmscaj/Build/Intermediates.noindex/ArchiveIntermediates/FateLost/IntermediateBuildFilesPath/GoogleMobileAds.build/Release-iphoneos/GoogleMobileAdsTarget.build/Objects-normal/arm64/GoogleMobileAdsTarget-Swift.h -working-directory /Users/runner/work/FateLost/FateLost/FateLost.xcodeproj -no-emit-module-separately-wmo

ScanDependencies /Users/runner/Library/Developer/Xcode/DerivedData/FateLost-dsbvaqyopcoialazinyzimxmscaj/Build/Intermediates.noindex/ArchiveIntermediates/FateLost/IntermediateBuildFilesPath/GoogleUserMessagingPlatform.build/Release-iphoneos/UserMessagingPlatformTarget.build/Objects-normal/arm64/placeholder.o /Users/runner/Library/Developer/Xcode/DerivedData/FateLost-dsbvaqyopcoialazinyzimxmscaj/SourcePackages/checkouts/swift-package-manager-google-user-messaging-platform/UserMessagingPlatformTarget/placeholder.m normal arm64 objective-c com.apple.compilers.llvm.clang.1_0.compiler (in target 'UserMessagingPlatformTarget' from project 'GoogleUserMessagingPlatform')
    cd /Users/runner/work/FateLost/FateLost/FateLost.xcodeproj
    
    Using response file: /Users/runner/Library/Developer/Xcode/DerivedData/FateLost-dsbvaqyopcoialazinyzimxmscaj/Build/Intermediates.noindex/ArchiveIntermediates/FateLost/IntermediateBuildFilesPath/GoogleUserMessagingPlatform.build/Release-iphoneos/UserMessagingPlatformTarget.build/Objects-normal/arm64/e6072d4f65d7061329687fe24e3d63a7-common-args.resp
    
    builtin-ScanDependencies -o /Users/runner/Library/Developer/Xcode/DerivedData/FateLost-dsbvaqyopcoialazinyzimxmscaj/Build/Intermediates.noindex/ArchiveIntermediates/FateLost/IntermediateBuildFilesPath/GoogleUserMessagingPlatform.build/Release-iphoneos/UserMessagingPlatformTarget.build/Objects-normal/arm64/placeholder.o.scan -- /Applications/Xcode_26.3.app/Contents/Developer/Toolchains/XcodeDefault.xctoolchain/usr/bin/clang -x objective-c -ivfsstatcache /Users/runner/Library/Developer/Xcode/DerivedData/SDKStatCaches.noindex/iphoneos26.2-23C57-dc75598d0054f22ec865fa860f139d722dd23b4ebda140f7210d155ff1243552.sdkstatcache -fmessage-length\=0 -fdiagnostics-show-note-include-stack -fmacro-backtrace-limit\=0 -fno-color-diagnostics -fmodules-prune-interval\=86400 -fmodules-prune-after\=345600 -fbuild-session-file\=/Users/runner/Library/Developer/Xcode/DerivedData/ModuleCache.noindex/Session.modulevalidation -fmodules-validate-once-per-build-session -Wnon-modular-include-in-framework-module -Werror\=non-modular-include-in-framework-module -Wno-trigraphs -Wno-missing-field-initializers -Wno-missing-prototypes -Wno-return-type -Wno-implicit-atomic-properties -Wno-objc-interface-ivars -Wno-arc-repeated-use-of-weak -Wno-missing-braces -Wparentheses -Wswitch -Wno-unused-function -Wno-unused-label -Wno-unused-parameter -Wno-unused-variable -Wunused-value -Wno-empty-body -Wno-uninitialized -Wno-unknown-pragmas -w -Wno-shadow -Wno-four-char-constants -Wno-conversion -Wno-constant-conversion -Wno-int-conversion -Wno-bool-conversion -Wno-enum-conversion -Wno-float-conversion -Wno-non-literal-null-conversion -Wno-objc-literal-conversion -Wshorten-64-to-32 -Wpointer-sign -Wno-newline-eof -Wno-selector -Wno-strict-selector-match -Wno-undeclared-selector -Wno-deprecated-implementations -Wno-implicit-fallthrough -fstrict-aliasing -Wprotocol -Wdeprecated-declarations -Wno-sign-conversion -Wno-infinite-recursion -Wno-comma -Wno-block-capture-autoreleasing -Wno-strict-prototypes -Wno-semicolon-before-method-body @/Users/runner/Library/Developer/Xcode/DerivedData/FateLost-dsbvaqyopcoialazinyzimxmscaj/Build/Intermediates.noindex/ArchiveIntermediates/FateLost/IntermediateBuildFilesPath/GoogleUserMessagingPlatform.build/Release-iphoneos/UserMessagingPlatformTarget.build/Objects-normal/arm64/e6072d4f65d7061329687fe24e3d63a7-common-args.resp -MMD -MT dependencies -MF /Users/runner/Library/Developer/Xcode/DerivedData/FateLost-dsbvaqyopcoialazinyzimxmscaj/Build/Intermediates.noindex/ArchiveIntermediates/FateLost/IntermediateBuildFilesPath/GoogleUserMessagingPlatform.build/Release-iphoneos/UserMessagingPlatformTarget.build/Objects-normal/arm64/placeholder.d --serialize-diagnostics /Users/runner/Library/Developer/Xcode/DerivedData/FateLost-dsbvaqyopcoialazinyzimxmscaj/Build/Intermediates.noindex/ArchiveIntermediates/FateLost/IntermediateBuildFilesPath/GoogleUserMessagingPlatform.build/Release-iphoneos/UserMessagingPlatformTarget.build/Objects-normal/arm64/placeholder.dia -c /Users/runner/Library/Developer/Xcode/DerivedData/FateLost-dsbvaqyopcoialazinyzimxmscaj/SourcePackages/checkouts/swift-package-manager-google-user-messaging-platform/UserMessagingPlatformTarget/placeholder.m -o /Users/runner/Library/Developer/Xcode/DerivedData/FateLost-dsbvaqyopcoialazinyzimxmscaj/Build/Intermediates.noindex/ArchiveIntermediates/FateLost/IntermediateBuildFilesPath/GoogleUserMessagingPlatform.build/Release-iphoneos/UserMessagingPlatformTarget.build/Objects-normal/arm64/placeholder.o

CompileC /Users/runner/Library/Developer/Xcode/DerivedData/FateLost-dsbvaqyopcoialazinyzimxmscaj/Build/Intermediates.noindex/ArchiveIntermediates/FateLost/IntermediateBuildFilesPath/GoogleUserMessagingPlatform.build/Release-iphoneos/UserMessagingPlatformTarget.build/Objects-normal/arm64/placeholder.o /Users/runner/Library/Developer/Xcode/DerivedData/FateLost-dsbvaqyopcoialazinyzimxmscaj/SourcePackages/checkouts/swift-package-manager-google-user-messaging-platform/UserMessagingPlatformTarget/placeholder.m normal arm64 objective-c com.apple.compilers.llvm.clang.1_0.compiler (in target 'UserMessagingPlatformTarget' from project 'GoogleUserMessagingPlatform')
    cd /Users/runner/work/FateLost/FateLost/FateLost.xcodeproj
    
    Using response file: /Users/runner/Library/Developer/Xcode/DerivedData/FateLost-dsbvaqyopcoialazinyzimxmscaj/Build/Intermediates.noindex/ArchiveIntermediates/FateLost/IntermediateBuildFilesPath/GoogleUserMessagingPlatform.build/Release-iphoneos/UserMessagingPlatformTarget.build/Objects-normal/arm64/e6072d4f65d7061329687fe24e3d63a7-common-args.resp
    
    /Applications/Xcode_26.3.app/Contents/Developer/Toolchains/XcodeDefault.xctoolchain/usr/bin/clang -x objective-c -ivfsstatcache /Users/runner/Library/Developer/Xcode/DerivedData/SDKStatCaches.noindex/iphoneos26.2-23C57-dc75598d0054f22ec865fa860f139d722dd23b4ebda140f7210d155ff1243552.sdkstatcache -fmessage-length\=0 -fdiagnostics-show-note-include-stack -fmacro-backtrace-limit\=0 -fno-color-diagnostics -fmodules-prune-interval\=86400 -fmodules-prune-after\=345600 -fbuild-session-file\=/Users/runner/Library/Developer/Xcode/DerivedData/ModuleCache.noindex/Session.modulevalidation -fmodules-validate-once-per-build-session -Wnon-modular-include-in-framework-module -Werror\=non-modular-include-in-framework-module -Wno-trigraphs -Wno-missing-field-initializers -Wno-missing-prototypes -Wno-return-type -Wno-implicit-atomic-properties -Wno-objc-interface-ivars -Wno-arc-repeated-use-of-weak -Wno-missing-braces -Wparentheses -Wswitch -Wno-unused-function -Wno-unused-label -Wno-unused-parameter -Wno-unused-variable -Wunused-value -Wno-empty-body -Wno-uninitialized -Wno-unknown-pragmas -w -Wno-shadow -Wno-four-char-constants -Wno-conversion -Wno-constant-conversion -Wno-int-conversion -Wno-bool-conversion -Wno-enum-conversion -Wno-float-conversion -Wno-non-literal-null-conversion -Wno-objc-literal-conversion -Wshorten-64-to-32 -Wpointer-sign -Wno-newline-eof -Wno-selector -Wno-strict-selector-match -Wno-undeclared-selector -Wno-deprecated-implementations -Wno-implicit-fallthrough -fstrict-aliasing -Wprotocol -Wdeprecated-declarations -Wno-sign-conversion -Wno-infinite-recursion -Wno-comma -Wno-block-capture-autoreleasing -Wno-strict-prototypes -Wno-semicolon-before-method-body @/Users/runner/Library/Developer/Xcode/DerivedData/FateLost-dsbvaqyopcoialazinyzimxmscaj/Build/Intermediates.noindex/ArchiveIntermediates/FateLost/IntermediateBuildFilesPath/GoogleUserMessagingPlatform.build/Release-iphoneos/UserMessagingPlatformTarget.build/Objects-normal/arm64/e6072d4f65d7061329687fe24e3d63a7-common-args.resp -MMD -MT dependencies -MF /Users/runner/Library/Developer/Xcode/DerivedData/FateLost-dsbvaqyopcoialazinyzimxmscaj/Build/Intermediates.noindex/ArchiveIntermediates/FateLost/IntermediateBuildFilesPath/GoogleUserMessagingPlatform.build/Release-iphoneos/UserMessagingPlatformTarget.build/Objects-normal/arm64/placeholder.d --serialize-diagnostics /Users/runner/Library/Developer/Xcode/DerivedData/FateLost-dsbvaqyopcoialazinyzimxmscaj/Build/Intermediates.noindex/ArchiveIntermediates/FateLost/IntermediateBuildFilesPath/GoogleUserMessagingPlatform.build/Release-iphoneos/UserMessagingPlatformTarget.build/Objects-normal/arm64/placeholder.dia -c /Users/runner/Library/Developer/Xcode/DerivedData/FateLost-dsbvaqyopcoialazinyzimxmscaj/SourcePackages/checkouts/swift-package-manager-google-user-messaging-platform/UserMessagingPlatformTarget/placeholder.m -o /Users/runner/Library/Developer/Xcode/DerivedData/FateLost-dsbvaqyopcoialazinyzimxmscaj/Build/Intermediates.noindex/ArchiveIntermediates/FateLost/IntermediateBuildFilesPath/GoogleUserMessagingPlatform.build/Release-iphoneos/UserMessagingPlatformTarget.build/Objects-normal/arm64/placeholder.o

SwiftDriver\ Compilation GoogleMobileAdsTarget normal arm64 com.apple.xcode.tools.swift.compiler (in target 'GoogleMobileAdsTarget' from project 'GoogleMobileAds')
    cd /Users/runner/work/FateLost/FateLost/FateLost.xcodeproj
    builtin-Swift-Compilation -- /Applications/Xcode_26.3.app/Contents/Developer/Toolchains/XcodeDefault.xctoolchain/usr/bin/swiftc -module-name GoogleMobileAdsTarget -O -whole-module-optimization -enforce-exclusivity\=checked @/Users/runner/Library/Developer/Xcode/DerivedData/FateLost-dsbvaqyopcoialazinyzimxmscaj/Build/Intermediates.noindex/ArchiveIntermediates/FateLost/IntermediateBuildFilesPath/GoogleMobileAds.build/Release-iphoneos/GoogleMobileAdsTarget.build/Objects-normal/arm64/GoogleMobileAdsTarget.SwiftFileList -DSWIFT_PACKAGE -DSWIFT_MODULE_RESOURCE_BUNDLE_UNAVAILABLE -Xcc -fmodule-map-file\=/Users/runner/Library/Developer/Xcode/DerivedData/FateLost-dsbvaqyopcoialazinyzimxmscaj/Build/Intermediates.noindex/ArchiveIntermediates/FateLost/IntermediateBuildFilesPath/GeneratedModuleMaps-iphoneos/UserMessagingPlatformTarget.modulemap -DXcode -plugin-path /Applications/Xcode_26.3.app/Contents/Developer/Toolchains/XcodeDefault.xctoolchain/usr/lib/swift/host/plugins/testing -enable-experimental-feature DebugDescriptionMacro -sdk /Applications/Xcode_26.3.app/Contents/Developer/Platforms/iPhoneOS.platform/Developer/SDKs/iPhoneOS26.2.sdk -target arm64-apple-ios13.0 -g -module-cache-path /Users/runner/Library/Developer/Xcode/DerivedData/ModuleCache.noindex -Xfrontend -serialize-debugging-options -suppress-warnings -swift-version 5 -I /Users/runner/Library/Developer/Xcode/DerivedData/FateLost-dsbvaqyopcoialazinyzimxmscaj/Build/Intermediates.noindex/ArchiveIntermediates/FateLost/BuildProductsPath/Release-iphoneos -Isystem /Applications/Xcode_26.3.app/Contents/Developer/Platforms/iPhoneOS.platform/Developer/usr/lib -F /Users/runner/Library/Developer/Xcode/DerivedData/FateLost-dsbvaqyopcoialazinyzimxmscaj/Build/Intermediates.noindex/ArchiveIntermediates/FateLost/BuildProductsPath/Release-iphoneos/PackageFrameworks -F /Users/runner/Library/Developer/Xcode/DerivedData/FateLost-dsbvaqyopcoialazinyzimxmscaj/Build/Intermediates.noindex/ArchiveIntermediates/FateLost/BuildProductsPath/Release-iphoneos -F /Applications/Xcode_26.3.app/Contents/Developer/Platforms/iPhoneOS.platform/Developer/Library/Frameworks -F /Applications/Xcode_26.3.app/Contents/Developer/Platforms/iPhoneOS.platform/Developer/SDKs/iPhoneOS26.2.sdk/Developer/Library/Frameworks -parse-as-library -c -num-threads 3 -Xcc -ivfsstatcache -Xcc /Users/runner/Library/Developer/Xcode/DerivedData/SDKStatCaches.noindex/iphoneos26.2-23C57-dc75598d0054f22ec865fa860f139d722dd23b4ebda140f7210d155ff1243552.sdkstatcache -output-file-map /Users/runner/Library/Developer/Xcode/DerivedData/FateLost-dsbvaqyopcoialazinyzimxmscaj/Build/Intermediates.noindex/ArchiveIntermediates/FateLost/IntermediateBuildFilesPath/GoogleMobileAds.build/Release-iphoneos/GoogleMobileAdsTarget.build/Objects-normal/arm64/GoogleMobileAdsTarget-OutputFileMap.json -use-frontend-parseable-output -save-temps -no-color-diagnostics -explicit-module-build -module-cache-path /Users/runner/Library/Developer/Xcode/DerivedData/FateLost-dsbvaqyopcoialazinyzimxmscaj/Build/Intermediates.noindex/ArchiveIntermediates/FateLost/IntermediateBuildFilesPath/SwiftExplicitPrecompiledModules -clang-scanner-module-cache-path /Users/runner/Library/Developer/Xcode/DerivedData/ModuleCache.noindex -sdk-module-cache-path /Users/runner/Library/Developer/Xcode/DerivedData/ModuleCache.noindex -serialize-diagnostics -emit-dependencies -emit-module -emit-module-path /Users/runner/Library/Developer/Xcode/DerivedData/FateLost-dsbvaqyopcoialazinyzimxmscaj/Build/Intermediates.noindex/ArchiveIntermediates/FateLost/IntermediateBuildFilesPath/GoogleMobileAds.build/Release-iphoneos/GoogleMobileAdsTarget.build/Objects-normal/arm64/GoogleMobileAdsTarget.swiftmodule -validate-clang-modules-once -clang-build-session-file /Users/runner/Library/Developer/Xcode/DerivedData/ModuleCache.noindex/Session.modulevalidation -Xcc -I/Users/runner/Library/Developer/Xcode/DerivedData/FateLost-dsbvaqyopcoialazinyzimxmscaj/Build/Intermediates.noindex/ArchiveIntermediates/FateLost/IntermediateBuildFilesPath/GoogleMobileAds.build/Release-iphoneos/GoogleMobileAdsTarget.build/swift-overrides.hmap -emit-const-values -Xfrontend -const-gather-protocols-file -Xfrontend /Users/runner/Library/Developer/Xcode/DerivedData/FateLost-dsbvaqyopcoialazinyzimxmscaj/Build/Intermediates.noindex/ArchiveIntermediates/FateLost/IntermediateBuildFilesPath/GoogleMobileAds.build/Release-iphoneos/GoogleMobileAdsTarget.build/Objects-normal/arm64/GoogleMobileAdsTarget_const_extract_protocols.json -Xcc -I/Users/runner/Library/Developer/Xcode/DerivedData/FateLost-dsbvaqyopcoialazinyzimxmscaj/SourcePackages/checkouts/swift-package-manager-google-user-messaging-platform/UserMessagingPlatformTarget/include -Xcc -I/Users/runner/Library/Developer/Xcode/DerivedData/FateLost-dsbvaqyopcoialazinyzimxmscaj/Build/Intermediates.noindex/ArchiveIntermediates/FateLost/BuildProductsPath/Release-iphoneos/include -Xcc -I/Users/runner/Library/Developer/Xcode/DerivedData/FateLost-dsbvaqyopcoialazinyzimxmscaj/Build/Intermediates.noindex/ArchiveIntermediates/FateLost/IntermediateBuildFilesPath/GoogleMobileAds.build/Release-iphoneos/GoogleMobileAdsTarget.build/DerivedSources-normal/arm64 -Xcc -I/Users/runner/Library/Developer/Xcode/DerivedData/FateLost-dsbvaqyopcoialazinyzimxmscaj/Build/Intermediates.noindex/ArchiveIntermediates/FateLost/IntermediateBuildFilesPath/GoogleMobileAds.build/Release-iphoneos/GoogleMobileAdsTarget.build/DerivedSources/arm64 -Xcc -I/Users/runner/Library/Developer/Xcode/DerivedData/FateLost-dsbvaqyopcoialazinyzimxmscaj/Build/Intermediates.noindex/ArchiveIntermediates/FateLost/IntermediateBuildFilesPath/GoogleMobileAds.build/Release-iphoneos/GoogleMobileAdsTarget.build/DerivedSources -Xcc -DSWIFT_PACKAGE -emit-objc-header -emit-objc-header-path /Users/runner/Library/Developer/Xcode/DerivedData/FateLost-dsbvaqyopcoialazinyzimxmscaj/Build/Intermediates.noindex/ArchiveIntermediates/FateLost/IntermediateBuildFilesPath/GoogleMobileAds.build/Release-iphoneos/GoogleMobileAdsTarget.build/Objects-normal/arm64/GoogleMobileAdsTarget-Swift.h -working-directory /Users/runner/work/FateLost/FateLost/FateLost.xcodeproj -no-emit-module-separately-wmo

SwiftExplicitDependencyGeneratePcm arm64 /Users/runner/Library/Developer/Xcode/DerivedData/ModuleCache.noindex/SwiftShims-3EY9ELEMV3IMR8S2K139RMJ1X.pcm

SwiftExplicitDependencyGeneratePcm arm64 /Users/runner/Library/Developer/Xcode/DerivedData/ModuleCache.noindex/_SwiftConcurrencyShims-5HCTWJAQQTXWEM60RC25MRQE1.pcm

Ld /Users/runner/Library/Developer/Xcode/DerivedData/FateLost-dsbvaqyopcoialazinyzimxmscaj/Build/Intermediates.noindex/ArchiveIntermediates/FateLost/IntermediateBuildFilesPath/UninstalledProducts/iphoneos/UserMessagingPlatformTarget.o normal (in target 'UserMessagingPlatformTarget' from project 'GoogleUserMessagingPlatform')
    cd /Users/runner/Library/Developer/Xcode/DerivedData/FateLost-dsbvaqyopcoialazinyzimxmscaj/SourcePackages/checkouts/swift-package-manager-google-user-messaging-platform
    /Applications/Xcode_26.3.app/Contents/Developer/Toolchains/XcodeDefault.xctoolchain/usr/bin/clang -Xlinker -reproducible -target arm64-apple-ios12.0 -r -isysroot /Applications/Xcode_26.3.app/Contents/Developer/Platforms/iPhoneOS.platform/Developer/SDKs/iPhoneOS26.2.sdk -Os -w -L/Users/runner/Library/Developer/Xcode/DerivedData/FateLost-dsbvaqyopcoialazinyzimxmscaj/Build/Intermediates.noindex/ArchiveIntermediates/FateLost/IntermediateBuildFilesPath/EagerLinkingTBDs/Release-iphoneos -L/Users/runner/Library/Developer/Xcode/DerivedData/FateLost-dsbvaqyopcoialazinyzimxmscaj/Build/Intermediates.noindex/ArchiveIntermediates/FateLost/BuildProductsPath/Release-iphoneos -L/Applications/Xcode_26.3.app/Contents/Developer/Platforms/iPhoneOS.platform/Developer/usr/lib -F/Users/runner/Library/Developer/Xcode/DerivedData/FateLost-dsbvaqyopcoialazinyzimxmscaj/Build/Intermediates.noindex/ArchiveIntermediates/FateLost/IntermediateBuildFilesPath/EagerLinkingTBDs/Release-iphoneos -F/Users/runner/Library/Developer/Xcode/DerivedData/FateLost-dsbvaqyopcoialazinyzimxmscaj/Build/Intermediates.noindex/ArchiveIntermediates/FateLost/BuildProductsPath/Release-iphoneos -iframework /Applications/Xcode_26.3.app/Contents/Developer/Platforms/iPhoneOS.platform/Developer/Library/Frameworks -iframework /Applications/Xcode_26.3.app/Contents/Developer/Platforms/iPhoneOS.platform/Developer/SDKs/iPhoneOS26.2.sdk/Developer/Library/Frameworks -filelist /Users/runner/Library/Developer/Xcode/DerivedData/FateLost-dsbvaqyopcoialazinyzimxmscaj/Build/Intermediates.noindex/ArchiveIntermediates/FateLost/IntermediateBuildFilesPath/GoogleUserMessagingPlatform.build/Release-iphoneos/UserMessagingPlatformTarget.build/Objects-normal/arm64/UserMessagingPlatformTarget.LinkFileList -nostdlib -Xlinker -object_path_lto -Xlinker /Users/runner/Library/Developer/Xcode/DerivedData/FateLost-dsbvaqyopcoialazinyzimxmscaj/Build/Intermediates.noindex/ArchiveIntermediates/FateLost/IntermediateBuildFilesPath/GoogleUserMessagingPlatform.build/Release-iphoneos/UserMessagingPlatformTarget.build/Objects-normal/arm64/UserMessagingPlatformTarget_lto.o -Xlinker -dependency_info -Xlinker /Users/runner/Library/Developer/Xcode/DerivedData/FateLost-dsbvaqyopcoialazinyzimxmscaj/Build/Intermediates.noindex/ArchiveIntermediates/FateLost/IntermediateBuildFilesPath/GoogleUserMessagingPlatform.build/Release-iphoneos/UserMessagingPlatformTarget.build/Objects-normal/arm64/UserMessagingPlatformTarget_dependency_info.dat -fobjc-arc -fobjc-link-runtime -o /Users/runner/Library/Developer/Xcode/DerivedData/FateLost-dsbvaqyopcoialazinyzimxmscaj/Build/Intermediates.noindex/ArchiveIntermediates/FateLost/IntermediateBuildFilesPath/UninstalledProducts/iphoneos/UserMessagingPlatformTarget.o

SetOwnerAndGroup runner:staff /Users/runner/Library/Developer/Xcode/DerivedData/FateLost-dsbvaqyopcoialazinyzimxmscaj/Build/Intermediates.noindex/ArchiveIntermediates/FateLost/IntermediateBuildFilesPath/UninstalledProducts/iphoneos/UserMessagingPlatformTarget.o (in target 'UserMessagingPlatformTarget' from project 'GoogleUserMessagingPlatform')
    cd /Users/runner/Library/Developer/Xcode/DerivedData/FateLost-dsbvaqyopcoialazinyzimxmscaj/SourcePackages/checkouts/swift-package-manager-google-user-messaging-platform
    /usr/sbin/chown -RH runner:staff /Users/runner/Library/Developer/Xcode/DerivedData/FateLost-dsbvaqyopcoialazinyzimxmscaj/Build/Intermediates.noindex/ArchiveIntermediates/FateLost/IntermediateBuildFilesPath/UninstalledProducts/iphoneos/UserMessagingPlatformTarget.o

SetMode u+w,go-w,a+rX /Users/runner/Library/Developer/Xcode/DerivedData/FateLost-dsbvaqyopcoialazinyzimxmscaj/Build/Intermediates.noindex/ArchiveIntermediates/FateLost/IntermediateBuildFilesPath/UninstalledProducts/iphoneos/UserMessagingPlatformTarget.o (in target 'UserMessagingPlatformTarget' from project 'GoogleUserMessagingPlatform')
    cd /Users/runner/Library/Developer/Xcode/DerivedData/FateLost-dsbvaqyopcoialazinyzimxmscaj/SourcePackages/checkouts/swift-package-manager-google-user-messaging-platform
    /bin/chmod -RH u+w,go-w,a+rX /Users/runner/Library/Developer/Xcode/DerivedData/FateLost-dsbvaqyopcoialazinyzimxmscaj/Build/Intermediates.noindex/ArchiveIntermediates/FateLost/IntermediateBuildFilesPath/UninstalledProducts/iphoneos/UserMessagingPlatformTarget.o

RegisterExecutionPolicyException /Users/runner/Library/Developer/Xcode/DerivedData/FateLost-dsbvaqyopcoialazinyzimxmscaj/Build/Intermediates.noindex/ArchiveIntermediates/FateLost/IntermediateBuildFilesPath/UninstalledProducts/iphoneos/UserMessagingPlatformTarget.o (in target 'UserMessagingPlatformTarget' from project 'GoogleUserMessagingPlatform')
    cd /Users/runner/Library/Developer/Xcode/DerivedData/FateLost-dsbvaqyopcoialazinyzimxmscaj/SourcePackages/checkouts/swift-package-manager-google-user-messaging-platform
    builtin-RegisterExecutionPolicyException /Users/runner/Library/Developer/Xcode/DerivedData/FateLost-dsbvaqyopcoialazinyzimxmscaj/Build/Intermediates.noindex/ArchiveIntermediates/FateLost/IntermediateBuildFilesPath/UninstalledProducts/iphoneos/UserMessagingPlatformTarget.o

SwiftCompile normal arm64 Compiling\ placeholder.swift /Users/runner/Library/Developer/Xcode/DerivedData/FateLost-dsbvaqyopcoialazinyzimxmscaj/SourcePackages/checkouts/swift-package-manager-google-mobile-ads/GoogleMobileAdsTarget/placeholder.swift /Applications/Xcode_26.3.app/Contents/Developer/Toolchains/XcodeDefault.xctoolchain/usr/lib/swift/iphoneos/prebuilt-modules/26.2/Swift.swiftmodule/arm64e-apple-ios.swiftmodule /Applications/Xcode_26.3.app/Contents/Developer/Toolchains/XcodeDefault.xctoolchain/usr/lib/swift/iphoneos/prebuilt-modules/26.2/_Concurrency.swiftmodule/arm64e-apple-ios.swiftmodule /Applications/Xcode_26.3.app/Contents/Developer/Toolchains/XcodeDefault.xctoolchain/usr/lib/swift/iphoneos/prebuilt-modules/26.2/_StringProcessing.swiftmodule/arm64e-apple-ios.swiftmodule /Users/runner/Library/Developer/Xcode/DerivedData/ModuleCache.noindex/SwiftShims-3EY9ELEMV3IMR8S2K139RMJ1X.pcm /Users/runner/Library/Developer/Xcode/DerivedData/ModuleCache.noindex/_SwiftConcurrencyShims-5HCTWJAQQTXWEM60RC25MRQE1.pcm /Users/runner/Library/Developer/Xcode/DerivedData/FateLost-dsbvaqyopcoialazinyzimxmscaj/Build/Intermediates.noindex/ArchiveIntermediates/FateLost/IntermediateBuildFilesPath/GoogleMobileAds.build/Release-iphoneos/GoogleMobileAdsTarget.build/Objects-normal/arm64/GoogleMobileAdsTarget-dependencies-1.json (in target 'GoogleMobileAdsTarget' from project 'GoogleMobileAds')

SwiftCompile normal arm64 /Users/runner/Library/Developer/Xcode/DerivedData/FateLost-dsbvaqyopcoialazinyzimxmscaj/SourcePackages/checkouts/swift-package-manager-google-mobile-ads/GoogleMobileAdsTarget/placeholder.swift (in target 'GoogleMobileAdsTarget' from project 'GoogleMobileAds')
    cd /Users/runner/work/FateLost/FateLost/FateLost.xcodeproj
    

SwiftDriverJobDiscovery normal arm64 Compiling placeholder.swift (in target 'GoogleMobileAdsTarget' from project 'GoogleMobileAds')

SwiftDriver\ Compilation\ Requirements GoogleMobileAdsTarget normal arm64 com.apple.xcode.tools.swift.compiler (in target 'GoogleMobileAdsTarget' from project 'GoogleMobileAds')
    cd /Users/runner/work/FateLost/FateLost/FateLost.xcodeproj
    builtin-Swift-Compilation-Requirements -- /Applications/Xcode_26.3.app/Contents/Developer/Toolchains/XcodeDefault.xctoolchain/usr/bin/swiftc -module-name GoogleMobileAdsTarget -O -whole-module-optimization -enforce-exclusivity\=checked @/Users/runner/Library/Developer/Xcode/DerivedData/FateLost-dsbvaqyopcoialazinyzimxmscaj/Build/Intermediates.noindex/ArchiveIntermediates/FateLost/IntermediateBuildFilesPath/GoogleMobileAds.build/Release-iphoneos/GoogleMobileAdsTarget.build/Objects-normal/arm64/GoogleMobileAdsTarget.SwiftFileList -DSWIFT_PACKAGE -DSWIFT_MODULE_RESOURCE_BUNDLE_UNAVAILABLE -Xcc -fmodule-map-file\=/Users/runner/Library/Developer/Xcode/DerivedData/FateLost-dsbvaqyopcoialazinyzimxmscaj/Build/Intermediates.noindex/ArchiveIntermediates/FateLost/IntermediateBuildFilesPath/GeneratedModuleMaps-iphoneos/UserMessagingPlatformTarget.modulemap -DXcode -plugin-path /Applications/Xcode_26.3.app/Contents/Developer/Toolchains/XcodeDefault.xctoolchain/usr/lib/swift/host/plugins/testing -enable-experimental-feature DebugDescriptionMacro -sdk /Applications/Xcode_26.3.app/Contents/Developer/Platforms/iPhoneOS.platform/Developer/SDKs/iPhoneOS26.2.sdk -target arm64-apple-ios13.0 -g -module-cache-path /Users/runner/Library/Developer/Xcode/DerivedData/ModuleCache.noindex -Xfrontend -serialize-debugging-options -suppress-warnings -swift-version 5 -I /Users/runner/Library/Developer/Xcode/DerivedData/FateLost-dsbvaqyopcoialazinyzimxmscaj/Build/Intermediates.noindex/ArchiveIntermediates/FateLost/BuildProductsPath/Release-iphoneos -Isystem /Applications/Xcode_26.3.app/Contents/Developer/Platforms/iPhoneOS.platform/Developer/usr/lib -F /Users/runner/Library/Developer/Xcode/DerivedData/FateLost-dsbvaqyopcoialazinyzimxmscaj/Build/Intermediates.noindex/ArchiveIntermediates/FateLost/BuildProductsPath/Release-iphoneos/PackageFrameworks -F /Users/runner/Library/Developer/Xcode/DerivedData/FateLost-dsbvaqyopcoialazinyzimxmscaj/Build/Intermediates.noindex/ArchiveIntermediates/FateLost/BuildProductsPath/Release-iphoneos -F /Applications/Xcode_26.3.app/Contents/Developer/Platforms/iPhoneOS.platform/Developer/Library/Frameworks -F /Applications/Xcode_26.3.app/Contents/Developer/Platforms/iPhoneOS.platform/Developer/SDKs/iPhoneOS26.2.sdk/Developer/Library/Frameworks -parse-as-library -c -num-threads 3 -Xcc -ivfsstatcache -Xcc /Users/runner/Library/Developer/Xcode/DerivedData/SDKStatCaches.noindex/iphoneos26.2-23C57-dc75598d0054f22ec865fa860f139d722dd23b4ebda140f7210d155ff1243552.sdkstatcache -output-file-map /Users/runner/Library/Developer/Xcode/DerivedData/FateLost-dsbvaqyopcoialazinyzimxmscaj/Build/Intermediates.noindex/ArchiveIntermediates/FateLost/IntermediateBuildFilesPath/GoogleMobileAds.build/Release-iphoneos/GoogleMobileAdsTarget.build/Objects-normal/arm64/GoogleMobileAdsTarget-OutputFileMap.json -use-frontend-parseable-output -save-temps -no-color-diagnostics -explicit-module-build -module-cache-path /Users/runner/Library/Developer/Xcode/DerivedData/FateLost-dsbvaqyopcoialazinyzimxmscaj/Build/Intermediates.noindex/ArchiveIntermediates/FateLost/IntermediateBuildFilesPath/SwiftExplicitPrecompiledModules -clang-scanner-module-cache-path /Users/runner/Library/Developer/Xcode/DerivedData/ModuleCache.noindex -sdk-module-cache-path /Users/runner/Library/Developer/Xcode/DerivedData/ModuleCache.noindex -serialize-diagnostics -emit-dependencies -emit-module -emit-module-path /Users/runner/Library/Developer/Xcode/DerivedData/FateLost-dsbvaqyopcoialazinyzimxmscaj/Build/Intermediates.noindex/ArchiveIntermediates/FateLost/IntermediateBuildFilesPath/GoogleMobileAds.build/Release-iphoneos/GoogleMobileAdsTarget.build/Objects-normal/arm64/GoogleMobileAdsTarget.swiftmodule -validate-clang-modules-once -clang-build-session-file /Users/runner/Library/Developer/Xcode/DerivedData/ModuleCache.noindex/Session.modulevalidation -Xcc -I/Users/runner/Library/Developer/Xcode/DerivedData/FateLost-dsbvaqyopcoialazinyzimxmscaj/Build/Intermediates.noindex/ArchiveIntermediates/FateLost/IntermediateBuildFilesPath/GoogleMobileAds.build/Release-iphoneos/GoogleMobileAdsTarget.build/swift-overrides.hmap -emit-const-values -Xfrontend -const-gather-protocols-file -Xfrontend /Users/runner/Library/Developer/Xcode/DerivedData/FateLost-dsbvaqyopcoialazinyzimxmscaj/Build/Intermediates.noindex/ArchiveIntermediates/FateLost/IntermediateBuildFilesPath/GoogleMobileAds.build/Release-iphoneos/GoogleMobileAdsTarget.build/Objects-normal/arm64/GoogleMobileAdsTarget_const_extract_protocols.json -Xcc -I/Users/runner/Library/Developer/Xcode/DerivedData/FateLost-dsbvaqyopcoialazinyzimxmscaj/SourcePackages/checkouts/swift-package-manager-google-user-messaging-platform/UserMessagingPlatformTarget/include -Xcc -I/Users/runner/Library/Developer/Xcode/DerivedData/FateLost-dsbvaqyopcoialazinyzimxmscaj/Build/Intermediates.noindex/ArchiveIntermediates/FateLost/BuildProductsPath/Release-iphoneos/include -Xcc -I/Users/runner/Library/Developer/Xcode/DerivedData/FateLost-dsbvaqyopcoialazinyzimxmscaj/Build/Intermediates.noindex/ArchiveIntermediates/FateLost/IntermediateBuildFilesPath/GoogleMobileAds.build/Release-iphoneos/GoogleMobileAdsTarget.build/DerivedSources-normal/arm64 -Xcc -I/Users/runner/Library/Developer/Xcode/DerivedData/FateLost-dsbvaqyopcoialazinyzimxmscaj/Build/Intermediates.noindex/ArchiveIntermediates/FateLost/IntermediateBuildFilesPath/GoogleMobileAds.build/Release-iphoneos/GoogleMobileAdsTarget.build/DerivedSources/arm64 -Xcc -I/Users/runner/Library/Developer/Xcode/DerivedData/FateLost-dsbvaqyopcoialazinyzimxmscaj/Build/Intermediates.noindex/ArchiveIntermediates/FateLost/IntermediateBuildFilesPath/GoogleMobileAds.build/Release-iphoneos/GoogleMobileAdsTarget.build/DerivedSources -Xcc -DSWIFT_PACKAGE -emit-objc-header -emit-objc-header-path /Users/runner/Library/Developer/Xcode/DerivedData/FateLost-dsbvaqyopcoialazinyzimxmscaj/Build/Intermediates.noindex/ArchiveIntermediates/FateLost/IntermediateBuildFilesPath/GoogleMobileAds.build/Release-iphoneos/GoogleMobileAdsTarget.build/Objects-normal/arm64/GoogleMobileAdsTarget-Swift.h -working-directory /Users/runner/work/FateLost/FateLost/FateLost.xcodeproj -no-emit-module-separately-wmo

SwiftMergeGeneratedHeaders /Users/runner/Library/Developer/Xcode/DerivedData/FateLost-dsbvaqyopcoialazinyzimxmscaj/Build/Intermediates.noindex/ArchiveIntermediates/FateLost/IntermediateBuildFilesPath/GeneratedModuleMaps-iphoneos/GoogleMobileAdsTarget-Swift.h /Users/runner/Library/Developer/Xcode/DerivedData/FateLost-dsbvaqyopcoialazinyzimxmscaj/Build/Intermediates.noindex/ArchiveIntermediates/FateLost/IntermediateBuildFilesPath/GoogleMobileAds.build/Release-iphoneos/GoogleMobileAdsTarget.build/Objects-normal/arm64/GoogleMobileAdsTarget-Swift.h (in target 'GoogleMobileAdsTarget' from project 'GoogleMobileAds')
    cd /Users/runner/Library/Developer/Xcode/DerivedData/FateLost-dsbvaqyopcoialazinyzimxmscaj/SourcePackages/checkouts/swift-package-manager-google-mobile-ads
    builtin-swiftHeaderTool -arch arm64 /Users/runner/Library/Developer/Xcode/DerivedData/FateLost-dsbvaqyopcoialazinyzimxmscaj/Build/Intermediates.noindex/ArchiveIntermediates/FateLost/IntermediateBuildFilesPath/GoogleMobileAds.build/Release-iphoneos/GoogleMobileAdsTarget.build/Objects-normal/arm64/GoogleMobileAdsTarget-Swift.h -o /Users/runner/Library/Developer/Xcode/DerivedData/FateLost-dsbvaqyopcoialazinyzimxmscaj/Build/Intermediates.noindex/ArchiveIntermediates/FateLost/IntermediateBuildFilesPath/GeneratedModuleMaps-iphoneos/GoogleMobileAdsTarget-Swift.h

Copy /Users/runner/Library/Developer/Xcode/DerivedData/FateLost-dsbvaqyopcoialazinyzimxmscaj/Build/Intermediates.noindex/ArchiveIntermediates/FateLost/BuildProductsPath/Release-iphoneos/GoogleMobileAdsTarget.swiftmodule/arm64-apple-ios.swiftdoc /Users/runner/Library/Developer/Xcode/DerivedData/FateLost-dsbvaqyopcoialazinyzimxmscaj/Build/Intermediates.noindex/ArchiveIntermediates/FateLost/IntermediateBuildFilesPath/GoogleMobileAds.build/Release-iphoneos/GoogleMobileAdsTarget.build/Objects-normal/arm64/GoogleMobileAdsTarget.swiftdoc (in target 'GoogleMobileAdsTarget' from project 'GoogleMobileAds')
    cd /Users/runner/Library/Developer/Xcode/DerivedData/FateLost-dsbvaqyopcoialazinyzimxmscaj/SourcePackages/checkouts/swift-package-manager-google-mobile-ads
    builtin-copy -exclude .DS_Store -exclude CVS -exclude .svn -exclude .git -exclude .hg -strip-unsigned-binaries -strip-deterministic -strip-tool /Applications/Xcode_26.3.app/Contents/Developer/Toolchains/XcodeDefault.xctoolchain/usr/bin/strip -resolve-src-symlinks -rename /Users/runner/Library/Developer/Xcode/DerivedData/FateLost-dsbvaqyopcoialazinyzimxmscaj/Build/Intermediates.noindex/ArchiveIntermediates/FateLost/IntermediateBuildFilesPath/GoogleMobileAds.build/Release-iphoneos/GoogleMobileAdsTarget.build/Objects-normal/arm64/GoogleMobileAdsTarget.swiftdoc /Users/runner/Library/Developer/Xcode/DerivedData/FateLost-dsbvaqyopcoialazinyzimxmscaj/Build/Intermediates.noindex/ArchiveIntermediates/FateLost/BuildProductsPath/Release-iphoneos/GoogleMobileAdsTarget.swiftmodule/arm64-apple-ios.swiftdoc

Copy /Users/runner/Library/Developer/Xcode/DerivedData/FateLost-dsbvaqyopcoialazinyzimxmscaj/Build/Intermediates.noindex/ArchiveIntermediates/FateLost/BuildProductsPath/Release-iphoneos/GoogleMobileAdsTarget.swiftmodule/arm64-apple-ios.swiftmodule /Users/runner/Library/Developer/Xcode/DerivedData/FateLost-dsbvaqyopcoialazinyzimxmscaj/Build/Intermediates.noindex/ArchiveIntermediates/FateLost/IntermediateBuildFilesPath/GoogleMobileAds.build/Release-iphoneos/GoogleMobileAdsTarget.build/Objects-normal/arm64/GoogleMobileAdsTarget.swiftmodule (in target 'GoogleMobileAdsTarget' from project 'GoogleMobileAds')
    cd /Users/runner/Library/Developer/Xcode/DerivedData/FateLost-dsbvaqyopcoialazinyzimxmscaj/SourcePackages/checkouts/swift-package-manager-google-mobile-ads
    builtin-copy -exclude .DS_Store -exclude CVS -exclude .svn -exclude .git -exclude .hg -strip-unsigned-binaries -strip-deterministic -strip-tool /Applications/Xcode_26.3.app/Contents/Developer/Toolchains/XcodeDefault.xctoolchain/usr/bin/strip -resolve-src-symlinks -rename /Users/runner/Library/Developer/Xcode/DerivedData/FateLost-dsbvaqyopcoialazinyzimxmscaj/Build/Intermediates.noindex/ArchiveIntermediates/FateLost/IntermediateBuildFilesPath/GoogleMobileAds.build/Release-iphoneos/GoogleMobileAdsTarget.build/Objects-normal/arm64/GoogleMobileAdsTarget.swiftmodule /Users/runner/Library/Developer/Xcode/DerivedData/FateLost-dsbvaqyopcoialazinyzimxmscaj/Build/Intermediates.noindex/ArchiveIntermediates/FateLost/BuildProductsPath/Release-iphoneos/GoogleMobileAdsTarget.swiftmodule/arm64-apple-ios.swiftmodule

Copy /Users/runner/Library/Developer/Xcode/DerivedData/FateLost-dsbvaqyopcoialazinyzimxmscaj/Build/Intermediates.noindex/ArchiveIntermediates/FateLost/BuildProductsPath/Release-iphoneos/GoogleMobileAdsTarget.swiftmodule/arm64-apple-ios.abi.json /Users/runner/Library/Developer/Xcode/DerivedData/FateLost-dsbvaqyopcoialazinyzimxmscaj/Build/Intermediates.noindex/ArchiveIntermediates/FateLost/IntermediateBuildFilesPath/GoogleMobileAds.build/Release-iphoneos/GoogleMobileAdsTarget.build/Objects-normal/arm64/GoogleMobileAdsTarget.abi.json (in target 'GoogleMobileAdsTarget' from project 'GoogleMobileAds')
    cd /Users/runner/Library/Developer/Xcode/DerivedData/FateLost-dsbvaqyopcoialazinyzimxmscaj/SourcePackages/checkouts/swift-package-manager-google-mobile-ads
    builtin-copy -exclude .DS_Store -exclude CVS -exclude .svn -exclude .git -exclude .hg -strip-unsigned-binaries -strip-deterministic -strip-tool /Applications/Xcode_26.3.app/Contents/Developer/Toolchains/XcodeDefault.xctoolchain/usr/bin/strip -resolve-src-symlinks -rename /Users/runner/Library/Developer/Xcode/DerivedData/FateLost-dsbvaqyopcoialazinyzimxmscaj/Build/Intermediates.noindex/ArchiveIntermediates/FateLost/IntermediateBuildFilesPath/GoogleMobileAds.build/Release-iphoneos/GoogleMobileAdsTarget.build/Objects-normal/arm64/GoogleMobileAdsTarget.abi.json /Users/runner/Library/Developer/Xcode/DerivedData/FateLost-dsbvaqyopcoialazinyzimxmscaj/Build/Intermediates.noindex/ArchiveIntermediates/FateLost/BuildProductsPath/Release-iphoneos/GoogleMobileAdsTarget.swiftmodule/arm64-apple-ios.abi.json

Ld /Users/runner/Library/Developer/Xcode/DerivedData/FateLost-dsbvaqyopcoialazinyzimxmscaj/Build/Intermediates.noindex/ArchiveIntermediates/FateLost/IntermediateBuildFilesPath/UninstalledProducts/iphoneos/GoogleMobileAdsTarget.o normal (in target 'GoogleMobileAdsTarget' from project 'GoogleMobileAds')
    cd /Users/runner/Library/Developer/Xcode/DerivedData/FateLost-dsbvaqyopcoialazinyzimxmscaj/SourcePackages/checkouts/swift-package-manager-google-mobile-ads
    /Applications/Xcode_26.3.app/Contents/Developer/Toolchains/XcodeDefault.xctoolchain/usr/bin/clang -Xlinker -reproducible -target arm64-apple-ios13.0 -r -isysroot /Applications/Xcode_26.3.app/Contents/Developer/Platforms/iPhoneOS.platform/Developer/SDKs/iPhoneOS26.2.sdk -Os -w -L/Users/runner/Library/Developer/Xcode/DerivedData/FateLost-dsbvaqyopcoialazinyzimxmscaj/Build/Intermediates.noindex/ArchiveIntermediates/FateLost/IntermediateBuildFilesPath/EagerLinkingTBDs/Release-iphoneos -L/Users/runner/Library/Developer/Xcode/DerivedData/FateLost-dsbvaqyopcoialazinyzimxmscaj/Build/Intermediates.noindex/ArchiveIntermediates/FateLost/BuildProductsPath/Release-iphoneos -L/Applications/Xcode_26.3.app/Contents/Developer/Platforms/iPhoneOS.platform/Developer/usr/lib -F/Users/runner/Library/Developer/Xcode/DerivedData/FateLost-dsbvaqyopcoialazinyzimxmscaj/Build/Intermediates.noindex/ArchiveIntermediates/FateLost/IntermediateBuildFilesPath/EagerLinkingTBDs/Release-iphoneos -F/Users/runner/Library/Developer/Xcode/DerivedData/FateLost-dsbvaqyopcoialazinyzimxmscaj/Build/Intermediates.noindex/ArchiveIntermediates/FateLost/BuildProductsPath/Release-iphoneos/PackageFrameworks -F/Users/runner/Library/Developer/Xcode/DerivedData/FateLost-dsbvaqyopcoialazinyzimxmscaj/Build/Intermediates.noindex/ArchiveIntermediates/FateLost/BuildProductsPath/Release-iphoneos -iframework /Applications/Xcode_26.3.app/Contents/Developer/Platforms/iPhoneOS.platform/Developer/Library/Frameworks -iframework /Applications/Xcode_26.3.app/Contents/Developer/Platforms/iPhoneOS.platform/Developer/SDKs/iPhoneOS26.2.sdk/Developer/Library/Frameworks -filelist /Users/runner/Library/Developer/Xcode/DerivedData/FateLost-dsbvaqyopcoialazinyzimxmscaj/Build/Intermediates.noindex/ArchiveIntermediates/FateLost/IntermediateBuildFilesPath/GoogleMobileAds.build/Release-iphoneos/GoogleMobileAdsTarget.build/Objects-normal/arm64/GoogleMobileAdsTarget.LinkFileList -nostdlib -Xlinker -object_path_lto -Xlinker /Users/runner/Library/Developer/Xcode/DerivedData/FateLost-dsbvaqyopcoialazinyzimxmscaj/Build/Intermediates.noindex/ArchiveIntermediates/FateLost/IntermediateBuildFilesPath/GoogleMobileAds.build/Release-iphoneos/GoogleMobileAdsTarget.build/Objects-normal/arm64/GoogleMobileAdsTarget_lto.o -Xlinker -dependency_info -Xlinker /Users/runner/Library/Developer/Xcode/DerivedData/FateLost-dsbvaqyopcoialazinyzimxmscaj/Build/Intermediates.noindex/ArchiveIntermediates/FateLost/IntermediateBuildFilesPath/GoogleMobileAds.build/Release-iphoneos/GoogleMobileAdsTarget.build/Objects-normal/arm64/GoogleMobileAdsTarget_dependency_info.dat -fobjc-link-runtime -L/Applications/Xcode_26.3.app/Contents/Developer/Toolchains/XcodeDefault.xctoolchain/usr/lib/swift/iphoneos -L/usr/lib/swift -Xlinker -add_ast_path -Xlinker /Users/runner/Library/Developer/Xcode/DerivedData/FateLost-dsbvaqyopcoialazinyzimxmscaj/Build/Intermediates.noindex/ArchiveIntermediates/FateLost/IntermediateBuildFilesPath/GoogleMobileAds.build/Release-iphoneos/GoogleMobileAdsTarget.build/Objects-normal/arm64/GoogleMobileAdsTarget.swiftmodule @/Users/runner/Library/Developer/Xcode/DerivedData/FateLost-dsbvaqyopcoialazinyzimxmscaj/Build/Intermediates.noindex/ArchiveIntermediates/FateLost/IntermediateBuildFilesPath/GoogleMobileAds.build/Release-iphoneos/GoogleMobileAdsTarget.build/Objects-normal/arm64/GoogleMobileAdsTarget-linker-args.resp -o /Users/runner/Library/Developer/Xcode/DerivedData/FateLost-dsbvaqyopcoialazinyzimxmscaj/Build/Intermediates.noindex/ArchiveIntermediates/FateLost/IntermediateBuildFilesPath/UninstalledProducts/iphoneos/GoogleMobileAdsTarget.o

ProcessProductPackaging /Users/runner/Library/Developer/Xcode/UserData/Provisioning\ Profiles/f856f040-c400-463c-bdd0-4d2544896f34.mobileprovision /Users/runner/Library/Developer/Xcode/DerivedData/FateLost-dsbvaqyopcoialazinyzimxmscaj/Build/Intermediates.noindex/ArchiveIntermediates/FateLost/InstallationBuildProductsLocation/Applications/FateLost.app/embedded.mobileprovision (in target 'FateLost' from project 'FateLost')
    cd /Users/runner/work/FateLost/FateLost
    builtin-productPackagingUtility /Users/runner/Library/Developer/Xcode/UserData/Provisioning\ Profiles/f856f040-c400-463c-bdd0-4d2544896f34.mobileprovision -o /Users/runner/Library/Developer/Xcode/DerivedData/FateLost-dsbvaqyopcoialazinyzimxmscaj/Build/Intermediates.noindex/ArchiveIntermediates/FateLost/InstallationBuildProductsLocation/Applications/FateLost.app/embedded.mobileprovision

ProcessProductPackaging "" /Users/runner/Library/Developer/Xcode/DerivedData/FateLost-dsbvaqyopcoialazinyzimxmscaj/Build/Intermediates.noindex/ArchiveIntermediates/FateLost/IntermediateBuildFilesPath/FateLost.build/Release-iphoneos/FateLost.build/FateLost.app.xcent (in target 'FateLost' from project 'FateLost')
    cd /Users/runner/work/FateLost/FateLost
    
    Entitlements:
    
    {
    "application-identifier" = "7X49UN26T8.com.wickedstudios.fatelost";
    "com.apple.developer.team-identifier" = 7X49UN26T8;
    "get-task-allow" = 1;
}
    
    builtin-productPackagingUtility -entitlements -format xml -o /Users/runner/Library/Developer/Xcode/DerivedData/FateLost-dsbvaqyopcoialazinyzimxmscaj/Build/Intermediates.noindex/ArchiveIntermediates/FateLost/IntermediateBuildFilesPath/FateLost.build/Release-iphoneos/FateLost.build/FateLost.app.xcent

ProcessProductPackagingDER /Users/runner/Library/Developer/Xcode/DerivedData/FateLost-dsbvaqyopcoialazinyzimxmscaj/Build/Intermediates.noindex/ArchiveIntermediates/FateLost/IntermediateBuildFilesPath/FateLost.build/Release-iphoneos/FateLost.build/FateLost.app.xcent /Users/runner/Library/Developer/Xcode/DerivedData/FateLost-dsbvaqyopcoialazinyzimxmscaj/Build/Intermediates.noindex/ArchiveIntermediates/FateLost/IntermediateBuildFilesPath/FateLost.build/Release-iphoneos/FateLost.build/FateLost.app.xcent.der (in target 'FateLost' from project 'FateLost')
    cd /Users/runner/work/FateLost/FateLost
    /usr/bin/derq query -f xml -i /Users/runner/Library/Developer/Xcode/DerivedData/FateLost-dsbvaqyopcoialazinyzimxmscaj/Build/Intermediates.noindex/ArchiveIntermediates/FateLost/IntermediateBuildFilesPath/FateLost.build/Release-iphoneos/FateLost.build/FateLost.app.xcent -o /Users/runner/Library/Developer/Xcode/DerivedData/FateLost-dsbvaqyopcoialazinyzimxmscaj/Build/Intermediates.noindex/ArchiveIntermediates/FateLost/IntermediateBuildFilesPath/FateLost.build/Release-iphoneos/FateLost.build/FateLost.app.xcent.der --raw

MkDir /Users/runner/Library/Developer/Xcode/DerivedData/FateLost-dsbvaqyopcoialazinyzimxmscaj/Build/Intermediates.noindex/ArchiveIntermediates/FateLost/IntermediateBuildFilesPath/FateLost.build/Release-iphoneos/FateLost.build/assetcatalog_output/unthinned (in target 'FateLost' from project 'FateLost')
    cd /Users/runner/work/FateLost/FateLost
    /bin/mkdir -p /Users/runner/Library/Developer/Xcode/DerivedData/FateLost-dsbvaqyopcoialazinyzimxmscaj/Build/Intermediates.noindex/ArchiveIntermediates/FateLost/IntermediateBuildFilesPath/FateLost.build/Release-iphoneos/FateLost.build/assetcatalog_output/unthinned

MkDir /Users/runner/Library/Developer/Xcode/DerivedData/FateLost-dsbvaqyopcoialazinyzimxmscaj/Build/Intermediates.noindex/ArchiveIntermediates/FateLost/IntermediateBuildFilesPath/FateLost.build/Release-iphoneos/FateLost.build/assetcatalog_output/thinned (in target 'FateLost' from project 'FateLost')
    cd /Users/runner/work/FateLost/FateLost
    /bin/mkdir -p /Users/runner/Library/Developer/Xcode/DerivedData/FateLost-dsbvaqyopcoialazinyzimxmscaj/Build/Intermediates.noindex/ArchiveIntermediates/FateLost/IntermediateBuildFilesPath/FateLost.build/Release-iphoneos/FateLost.build/assetcatalog_output/thinned

GenerateAssetSymbols /Users/runner/work/FateLost/FateLost/FateLost/Resources/Assets.xcassets (in target 'FateLost' from project 'FateLost')
    cd /Users/runner/work/FateLost/FateLost
    /Applications/Xcode_26.3.app/Contents/Developer/usr/bin/actool /Users/runner/work/FateLost/FateLost/FateLost/Resources/Assets.xcassets --compile /Users/runner/Library/Developer/Xcode/DerivedData/FateLost-dsbvaqyopcoialazinyzimxmscaj/Build/Intermediates.noindex/ArchiveIntermediates/FateLost/InstallationBuildProductsLocation/Applications/FateLost.app --output-format human-readable-text --notices --warnings --export-dependency-info /Users/runner/Library/Developer/Xcode/DerivedData/FateLost-dsbvaqyopcoialazinyzimxmscaj/Build/Intermediates.noindex/ArchiveIntermediates/FateLost/IntermediateBuildFilesPath/FateLost.build/Release-iphoneos/FateLost.build/assetcatalog_dependencies --output-partial-info-plist /Users/runner/Library/Developer/Xcode/DerivedData/FateLost-dsbvaqyopcoialazinyzimxmscaj/Build/Intermediates.noindex/ArchiveIntermediates/FateLost/IntermediateBuildFilesPath/FateLost.build/Release-iphoneos/FateLost.build/assetcatalog_generated_info.plist --app-icon AppIcon --accent-color AccentColor --compress-pngs --enable-on-demand-resources YES --development-region en --target-device iphone --target-device ipad --minimum-deployment-target 17.0 --platform iphoneos --bundle-identifier com.wickedstudios.fatelost --generate-swift-asset-symbol-extensions NO --generate-swift-asset-symbols /Users/runner/Library/Developer/Xcode/DerivedData/FateLost-dsbvaqyopcoialazinyzimxmscaj/Build/Intermediates.noindex/ArchiveIntermediates/FateLost/IntermediateBuildFilesPath/FateLost.build/Release-iphoneos/FateLost.build/DerivedSources/GeneratedAssetSymbols.swift --generate-objc-asset-symbols /Users/runner/Library/Developer/Xcode/DerivedData/FateLost-dsbvaqyopcoialazinyzimxmscaj/Build/Intermediates.noindex/ArchiveIntermediates/FateLost/IntermediateBuildFilesPath/FateLost.build/Release-iphoneos/FateLost.build/DerivedSources/GeneratedAssetSymbols.h --generate-asset-symbol-index /Users/runner/Library/Developer/Xcode/DerivedData/FateLost-dsbvaqyopcoialazinyzimxmscaj/Build/Intermediates.noindex/ArchiveIntermediates/FateLost/IntermediateBuildFilesPath/FateLost.build/Release-iphoneos/FateLost.build/DerivedSources/GeneratedAssetSymbols-Index.plist
/* com.apple.actool.compilation-results */
/Users/runner/Library/Developer/Xcode/DerivedData/FateLost-dsbvaqyopcoialazinyzimxmscaj/Build/Intermediates.noindex/ArchiveIntermediates/FateLost/IntermediateBuildFilesPath/FateLost.build/Release-iphoneos/FateLost.build/DerivedSources/GeneratedAssetSymbols-Index.plist
/Users/runner/Library/Developer/Xcode/DerivedData/FateLost-dsbvaqyopcoialazinyzimxmscaj/Build/Intermediates.noindex/ArchiveIntermediates/FateLost/IntermediateBuildFilesPath/FateLost.build/Release-iphoneos/FateLost.build/DerivedSources/GeneratedAssetSymbols.h
/Users/runner/Library/Developer/Xcode/DerivedData/FateLost-dsbvaqyopcoialazinyzimxmscaj/Build/Intermediates.noindex/ArchiveIntermediates/FateLost/IntermediateBuildFilesPath/FateLost.build/Release-iphoneos/FateLost.build/DerivedSources/GeneratedAssetSymbols.swift


CompileAssetCatalogVariant thinned /Users/runner/Library/Developer/Xcode/DerivedData/FateLost-dsbvaqyopcoialazinyzimxmscaj/Build/Intermediates.noindex/ArchiveIntermediates/FateLost/InstallationBuildProductsLocation/Applications/FateLost.app /Users/runner/work/FateLost/FateLost/FateLost/Resources/Assets.xcassets (in target 'FateLost' from project 'FateLost')
    cd /Users/runner/work/FateLost/FateLost
    /Applications/Xcode_26.3.app/Contents/Developer/usr/bin/actool /Users/runner/work/FateLost/FateLost/FateLost/Resources/Assets.xcassets --compile /Users/runner/Library/Developer/Xcode/DerivedData/FateLost-dsbvaqyopcoialazinyzimxmscaj/Build/Intermediates.noindex/ArchiveIntermediates/FateLost/IntermediateBuildFilesPath/FateLost.build/Release-iphoneos/FateLost.build/assetcatalog_output/thinned --output-format human-readable-text --notices --warnings --export-dependency-info /Users/runner/Library/Developer/Xcode/DerivedData/FateLost-dsbvaqyopcoialazinyzimxmscaj/Build/Intermediates.noindex/ArchiveIntermediates/FateLost/IntermediateBuildFilesPath/FateLost.build/Release-iphoneos/FateLost.build/assetcatalog_dependencies_thinned --output-partial-info-plist /Users/runner/Library/Developer/Xcode/DerivedData/FateLost-dsbvaqyopcoialazinyzimxmscaj/Build/Intermediates.noindex/ArchiveIntermediates/FateLost/IntermediateBuildFilesPath/FateLost.build/Release-iphoneos/FateLost.build/assetcatalog_generated_info.plist_thinned --app-icon AppIcon --accent-color AccentColor --compress-pngs --enable-on-demand-resources YES --development-region en --target-device iphone --target-device ipad --minimum-deployment-target 17.0 --platform iphoneos
/* com.apple.actool.compilation-results */
/Users/runner/Library/Developer/Xcode/DerivedData/FateLost-dsbvaqyopcoialazinyzimxmscaj/Build/Intermediates.noindex/ArchiveIntermediates/FateLost/IntermediateBuildFilesPath/FateLost.build/Release-iphoneos/FateLost.build/assetcatalog_generated_info.plist_thinned
/Users/runner/Library/Developer/Xcode/DerivedData/FateLost-dsbvaqyopcoialazinyzimxmscaj/Build/Intermediates.noindex/ArchiveIntermediates/FateLost/IntermediateBuildFilesPath/FateLost.build/Release-iphoneos/FateLost.build/assetcatalog_output/thinned/AppIcon60x60@2x.png
/Users/runner/Library/Developer/Xcode/DerivedData/FateLost-dsbvaqyopcoialazinyzimxmscaj/Build/Intermediates.noindex/ArchiveIntermediates/FateLost/IntermediateBuildFilesPath/FateLost.build/Release-iphoneos/FateLost.build/assetcatalog_output/thinned/AppIcon76x76@2x~ipad.png
/Users/runner/Library/Developer/Xcode/DerivedData/FateLost-dsbvaqyopcoialazinyzimxmscaj/Build/Intermediates.noindex/ArchiveIntermediates/FateLost/IntermediateBuildFilesPath/FateLost.build/Release-iphoneos/FateLost.build/assetcatalog_output/thinned/Assets.car


ExtractAppIntentsMetadata (in target 'GoogleMobileAdsTarget' from project 'GoogleMobileAds')
    cd /Users/runner/Library/Developer/Xcode/DerivedData/FateLost-dsbvaqyopcoialazinyzimxmscaj/SourcePackages/checkouts/swift-package-manager-google-mobile-ads
    /Applications/Xcode_26.3.app/Contents/Developer/Toolchains/XcodeDefault.xctoolchain/usr/bin/appintentsmetadataprocessor --toolchain-dir /var/run/com.apple.security.cryptexd/mnt/com.apple.MobileAsset.MetalToolchain-v17.3.7003.10.L7IXpU/Metal.xctoolchain --module-name GoogleMobileAdsTarget --sdk-root /Applications/Xcode_26.3.app/Contents/Developer/Platforms/iPhoneOS.platform/Developer/SDKs/iPhoneOS26.2.sdk --xcode-version 17C529 --platform-family iOS --deployment-target 13.0 --bundle-identifier swift-package-manager-google-mobile-ads.GoogleMobileAdsTarget --output /Users/runner/Library/Developer/Xcode/DerivedData/FateLost-dsbvaqyopcoialazinyzimxmscaj/Build/Intermediates.noindex/ArchiveIntermediates/FateLost/IntermediateBuildFilesPath/UninstalledProducts/iphoneos/GoogleMobileAdsTarget.appintents --target-triple arm64-apple-ios13.0 --binary-file /Users/runner/Library/Developer/Xcode/DerivedData/FateLost-dsbvaqyopcoialazinyzimxmscaj/Build/Intermediates.noindex/ArchiveIntermediates/FateLost/IntermediateBuildFilesPath/UninstalledProducts/iphoneos/GoogleMobileAdsTarget.o --dependency-file /Users/runner/Library/Developer/Xcode/DerivedData/FateLost-dsbvaqyopcoialazinyzimxmscaj/Build/Intermediates.noindex/ArchiveIntermediates/FateLost/IntermediateBuildFilesPath/GoogleMobileAds.build/Release-iphoneos/GoogleMobileAdsTarget.build/Objects-normal/arm64/GoogleMobileAdsTarget_dependency_info.dat --stringsdata-file /Users/runner/Library/Developer/Xcode/DerivedData/FateLost-dsbvaqyopcoialazinyzimxmscaj/Build/Intermediates.noindex/ArchiveIntermediates/FateLost/IntermediateBuildFilesPath/GoogleMobileAds.build/Release-iphoneos/GoogleMobileAdsTarget.build/Objects-normal/arm64/ExtractedAppShortcutsMetadata.stringsdata --source-file-list /Users/runner/Library/Developer/Xcode/DerivedData/FateLost-dsbvaqyopcoialazinyzimxmscaj/Build/Intermediates.noindex/ArchiveIntermediates/FateLost/IntermediateBuildFilesPath/GoogleMobileAds.build/Release-iphoneos/GoogleMobileAdsTarget.build/Objects-normal/arm64/GoogleMobileAdsTarget.SwiftFileList --metadata-file-list /Users/runner/Library/Developer/Xcode/DerivedData/FateLost-dsbvaqyopcoialazinyzimxmscaj/Build/Intermediates.noindex/ArchiveIntermediates/FateLost/IntermediateBuildFilesPath/GoogleMobileAds.build/Release-iphoneos/GoogleMobileAdsTarget.build/GoogleMobileAdsTarget.DependencyMetadataFileList --static-metadata-file-list /Users/runner/Library/Developer/Xcode/DerivedData/FateLost-dsbvaqyopcoialazinyzimxmscaj/Build/Intermediates.noindex/ArchiveIntermediates/FateLost/IntermediateBuildFilesPath/GoogleMobileAds.build/Release-iphoneos/GoogleMobileAdsTarget.build/GoogleMobileAdsTarget.DependencyStaticMetadataFileList --swift-const-vals-list /Users/runner/Library/Developer/Xcode/DerivedData/FateLost-dsbvaqyopcoialazinyzimxmscaj/Build/Intermediates.noindex/ArchiveIntermediates/FateLost/IntermediateBuildFilesPath/GoogleMobileAds.build/Release-iphoneos/GoogleMobileAdsTarget.build/Objects-normal/arm64/GoogleMobileAdsTarget.SwiftConstValuesFileList --force --compile-time-extraction --deployment-aware-processing --validate-assistant-intents --no-app-shortcuts-localization
2026-09-28 01:00:53.526 appintentsmetadataprocessor[4296:16106] Starting appintentsmetadataprocessor export
2026-09-28 01:00:53.859 appintentsmetadataprocessor[4296:16106] Extracted no relevant App Intents symbols, skipping writing output

SwiftDriver FateLost normal arm64 com.apple.xcode.tools.swift.compiler (in target 'FateLost' from project 'FateLost')
    cd /Users/runner/work/FateLost/FateLost
    builtin-SwiftDriver -- /Applications/Xcode_26.3.app/Contents/Developer/Toolchains/XcodeDefault.xctoolchain/usr/bin/swiftc -module-name FateLost -O -whole-module-optimization -enforce-exclusivity\=checked @/Users/runner/Library/Developer/Xcode/DerivedData/FateLost-dsbvaqyopcoialazinyzimxmscaj/Build/Intermediates.noindex/ArchiveIntermediates/FateLost/IntermediateBuildFilesPath/FateLost.build/Release-iphoneos/FateLost.build/Objects-normal/arm64/FateLost.SwiftFileList -Xcc -fmodule-map-file\=/Users/runner/Library/Developer/Xcode/DerivedData/FateLost-dsbvaqyopcoialazinyzimxmscaj/Build/Intermediates.noindex/ArchiveIntermediates/FateLost/IntermediateBuildFilesPath/GeneratedModuleMaps-iphoneos/UserMessagingPlatformTarget.modulemap -enable-bare-slash-regex -enable-experimental-feature DebugDescriptionMacro -sdk /Applications/Xcode_26.3.app/Contents/Developer/Platforms/iPhoneOS.platform/Developer/SDKs/iPhoneOS26.2.sdk -target arm64-apple-ios17.0 -g -module-cache-path /Users/runner/Library/Developer/Xcode/DerivedData/ModuleCache.noindex -Xfrontend -serialize-debugging-options -swift-version 5 -I /Users/runner/Library/Developer/Xcode/DerivedData/FateLost-dsbvaqyopcoialazinyzimxmscaj/Build/Intermediates.noindex/ArchiveIntermediates/FateLost/BuildProductsPath/Release-iphoneos -F /Users/runner/Library/Developer/Xcode/DerivedData/FateLost-dsbvaqyopcoialazinyzimxmscaj/Build/Intermediates.noindex/ArchiveIntermediates/FateLost/BuildProductsPath/Release-iphoneos/PackageFrameworks -F /Users/runner/Library/Developer/Xcode/DerivedData/FateLost-dsbvaqyopcoialazinyzimxmscaj/Build/Intermediates.noindex/ArchiveIntermediates/FateLost/BuildProductsPath/Release-iphoneos/PackageFrameworks -F /Users/runner/Library/Developer/Xcode/DerivedData/FateLost-dsbvaqyopcoialazinyzimxmscaj/Build/Intermediates.noindex/ArchiveIntermediates/FateLost/BuildProductsPath/Release-iphoneos -emit-localized-strings -emit-localized-strings-path /Users/runner/Library/Developer/Xcode/DerivedData/FateLost-dsbvaqyopcoialazinyzimxmscaj/Build/Intermediates.noindex/ArchiveIntermediates/FateLost/IntermediateBuildFilesPath/FateLost.build/Release-iphoneos/FateLost.build/Objects-normal/arm64 -c -num-threads 3 -Xcc -ivfsstatcache -Xcc /Users/runner/Library/Developer/Xcode/DerivedData/SDKStatCaches.noindex/iphoneos26.2-23C57-dc75598d0054f22ec865fa860f139d722dd23b4ebda140f7210d155ff1243552.sdkstatcache -output-file-map /Users/runner/Library/Developer/Xcode/DerivedData/FateLost-dsbvaqyopcoialazinyzimxmscaj/Build/Intermediates.noindex/ArchiveIntermediates/FateLost/IntermediateBuildFilesPath/FateLost.build/Release-iphoneos/FateLost.build/Objects-normal/arm64/FateLost-OutputFileMap.json -use-frontend-parseable-output -save-temps -no-color-diagnostics -explicit-module-build -module-cache-path /Users/runner/Library/Developer/Xcode/DerivedData/FateLost-dsbvaqyopcoialazinyzimxmscaj/Build/Intermediates.noindex/ArchiveIntermediates/FateLost/IntermediateBuildFilesPath/SwiftExplicitPrecompiledModules -clang-scanner-module-cache-path /Users/runner/Library/Developer/Xcode/DerivedData/ModuleCache.noindex -sdk-module-cache-path /Users/runner/Library/Developer/Xcode/DerivedData/ModuleCache.noindex -serialize-diagnostics -emit-dependencies -emit-module -emit-module-path /Users/runner/Library/Developer/Xcode/DerivedData/FateLost-dsbvaqyopcoialazinyzimxmscaj/Build/Intermediates.noindex/ArchiveIntermediates/FateLost/IntermediateBuildFilesPath/FateLost.build/Release-iphoneos/FateLost.build/Objects-normal/arm64/FateLost.swiftmodule -validate-clang-modules-once -clang-build-session-file /Users/runner/Library/Developer/Xcode/DerivedData/ModuleCache.noindex/Session.modulevalidation -Xcc -I/Users/runner/Library/Developer/Xcode/DerivedData/FateLost-dsbvaqyopcoialazinyzimxmscaj/Build/Intermediates.noindex/ArchiveIntermediates/FateLost/IntermediateBuildFilesPath/FateLost.build/Release-iphoneos/FateLost.build/swift-overrides.hmap -emit-const-values -Xfrontend -const-gather-protocols-file -Xfrontend /Users/runner/Library/Developer/Xcode/DerivedData/FateLost-dsbvaqyopcoialazinyzimxmscaj/Build/Intermediates.noindex/ArchiveIntermediates/FateLost/IntermediateBuildFilesPath/FateLost.build/Release-iphoneos/FateLost.build/Objects-normal/arm64/FateLost_const_extract_protocols.json -Xcc -iquote -Xcc /Users/runner/Library/Developer/Xcode/DerivedData/FateLost-dsbvaqyopcoialazinyzimxmscaj/Build/Intermediates.noindex/ArchiveIntermediates/FateLost/IntermediateBuildFilesPath/FateLost.build/Release-iphoneos/FateLost.build/FateLost-generated-files.hmap -Xcc -I/Users/runner/Library/Developer/Xcode/DerivedData/FateLost-dsbvaqyopcoialazinyzimxmscaj/Build/Intermediates.noindex/ArchiveIntermediates/FateLost/IntermediateBuildFilesPath/FateLost.build/Release-iphoneos/FateLost.build/FateLost-own-target-headers.hmap -Xcc -I/Users/runner/Library/Developer/Xcode/DerivedData/FateLost-dsbvaqyopcoialazinyzimxmscaj/Build/Intermediates.noindex/ArchiveIntermediates/FateLost/IntermediateBuildFilesPath/FateLost.build/Release-iphoneos/FateLost.build/FateLost-all-non-framework-target-headers.hmap -Xcc -ivfsoverlay -Xcc /Users/runner/Library/Developer/Xcode/DerivedData/FateLost-dsbvaqyopcoialazinyzimxmscaj/Build/Intermediates.noindex/ArchiveIntermediates/FateLost/IntermediateBuildFilesPath/FateLost.build/Release-iphoneos/FateLost-b7204f8cf0954d34cbb54ca2f9d32c2a-VFS-iphoneos/all-product-headers.yaml -Xcc -iquote -Xcc /Users/runner/Library/Developer/Xcode/DerivedData/FateLost-dsbvaqyopcoialazinyzimxmscaj/Build/Intermediates.noindex/ArchiveIntermediates/FateLost/IntermediateBuildFilesPath/FateLost.build/Release-iphoneos/FateLost.build/FateLost-project-headers.hmap -Xcc -I/Users/runner/Library/Developer/Xcode/DerivedData/FateLost-dsbvaqyopcoialazinyzimxmscaj/SourcePackages/checkouts/swift-package-manager-google-user-messaging-platform/UserMessagingPlatformTarget/include -Xcc -I/Users/runner/Library/Developer/Xcode/DerivedData/FateLost-dsbvaqyopcoialazinyzimxmscaj/Build/Intermediates.noindex/ArchiveIntermediates/FateLost/BuildProductsPath/Release-iphoneos/include -Xcc -I/Users/runner/Library/Developer/Xcode/DerivedData/FateLost-dsbvaqyopcoialazinyzimxmscaj/Build/Intermediates.noindex/ArchiveIntermediates/FateLost/IntermediateBuildFilesPath/FateLost.build/Release-iphoneos/FateLost.build/DerivedSources-normal/arm64 -Xcc -I/Users/runner/Library/Developer/Xcode/DerivedData/FateLost-dsbvaqyopcoialazinyzimxmscaj/Build/Intermediates.noindex/ArchiveIntermediates/FateLost/IntermediateBuildFilesPath/FateLost.build/Release-iphoneos/FateLost.build/DerivedSources/arm64 -Xcc -I/Users/runner/Library/Developer/Xcode/DerivedData/FateLost-dsbvaqyopcoialazinyzimxmscaj/Build/Intermediates.noindex/ArchiveIntermediates/FateLost/IntermediateBuildFilesPath/FateLost.build/Release-iphoneos/FateLost.build/DerivedSources -emit-objc-header -emit-objc-header-path /Users/runner/Library/Developer/Xcode/DerivedData/FateLost-dsbvaqyopcoialazinyzimxmscaj/Build/Intermediates.noindex/ArchiveIntermediates/FateLost/IntermediateBuildFilesPath/FateLost.build/Release-iphoneos/FateLost.build/Objects-normal/arm64/FateLost-Swift.h -working-directory /Users/runner/work/FateLost/FateLost -no-emit-module-separately-wmo

SetOwnerAndGroup runner:staff /Users/runner/Library/Developer/Xcode/DerivedData/FateLost-dsbvaqyopcoialazinyzimxmscaj/Build/Intermediates.noindex/ArchiveIntermediates/FateLost/IntermediateBuildFilesPath/UninstalledProducts/iphoneos/GoogleMobileAdsTarget.o (in target 'GoogleMobileAdsTarget' from project 'GoogleMobileAds')
    cd /Users/runner/Library/Developer/Xcode/DerivedData/FateLost-dsbvaqyopcoialazinyzimxmscaj/SourcePackages/checkouts/swift-package-manager-google-mobile-ads
    /usr/sbin/chown -RH runner:staff /Users/runner/Library/Developer/Xcode/DerivedData/FateLost-dsbvaqyopcoialazinyzimxmscaj/Build/Intermediates.noindex/ArchiveIntermediates/FateLost/IntermediateBuildFilesPath/UninstalledProducts/iphoneos/GoogleMobileAdsTarget.o

SetMode u+w,go-w,a+rX /Users/runner/Library/Developer/Xcode/DerivedData/FateLost-dsbvaqyopcoialazinyzimxmscaj/Build/Intermediates.noindex/ArchiveIntermediates/FateLost/IntermediateBuildFilesPath/UninstalledProducts/iphoneos/GoogleMobileAdsTarget.o (in target 'GoogleMobileAdsTarget' from project 'GoogleMobileAds')
    cd /Users/runner/Library/Developer/Xcode/DerivedData/FateLost-dsbvaqyopcoialazinyzimxmscaj/SourcePackages/checkouts/swift-package-manager-google-mobile-ads
    /bin/chmod -RH u+w,go-w,a+rX /Users/runner/Library/Developer/Xcode/DerivedData/FateLost-dsbvaqyopcoialazinyzimxmscaj/Build/Intermediates.noindex/ArchiveIntermediates/FateLost/IntermediateBuildFilesPath/UninstalledProducts/iphoneos/GoogleMobileAdsTarget.o

RegisterExecutionPolicyException /Users/runner/Library/Developer/Xcode/DerivedData/FateLost-dsbvaqyopcoialazinyzimxmscaj/Build/Intermediates.noindex/ArchiveIntermediates/FateLost/IntermediateBuildFilesPath/UninstalledProducts/iphoneos/GoogleMobileAdsTarget.o (in target 'GoogleMobileAdsTarget' from project 'GoogleMobileAds')
    cd /Users/runner/Library/Developer/Xcode/DerivedData/FateLost-dsbvaqyopcoialazinyzimxmscaj/SourcePackages/checkouts/swift-package-manager-google-mobile-ads
    builtin-RegisterExecutionPolicyException /Users/runner/Library/Developer/Xcode/DerivedData/FateLost-dsbvaqyopcoialazinyzimxmscaj/Build/Intermediates.noindex/ArchiveIntermediates/FateLost/IntermediateBuildFilesPath/UninstalledProducts/iphoneos/GoogleMobileAdsTarget.o

CpResource /Users/runner/Library/Developer/Xcode/DerivedData/FateLost-dsbvaqyopcoialazinyzimxmscaj/Build/Intermediates.noindex/ArchiveIntermediates/FateLost/InstallationBuildProductsLocation/Applications/FateLost.app/ui_tree_open.wav /Users/runner/work/FateLost/FateLost/FateLost/Resources/Audio/ui_tree_open.wav (in target 'FateLost' from project 'FateLost')
    cd /Users/runner/work/FateLost/FateLost
    builtin-copy -exclude .DS_Store -exclude CVS -exclude .svn -exclude .git -exclude .hg -resolve-src-symlinks /Users/runner/work/FateLost/FateLost/FateLost/Resources/Audio/ui_tree_open.wav /Users/runner/Library/Developer/Xcode/DerivedData/FateLost-dsbvaqyopcoialazinyzimxmscaj/Build/Intermediates.noindex/ArchiveIntermediates/FateLost/InstallationBuildProductsLocation/Applications/FateLost.app

CpResource /Users/runner/Library/Developer/Xcode/DerivedData/FateLost-dsbvaqyopcoialazinyzimxmscaj/Build/Intermediates.noindex/ArchiveIntermediates/FateLost/InstallationBuildProductsLocation/Applications/FateLost.app/ui_skill_learn.wav /Users/runner/work/FateLost/FateLost/FateLost/Resources/Audio/ui_skill_learn.wav (in target 'FateLost' from project 'FateLost')
    cd /Users/runner/work/FateLost/FateLost
    builtin-copy -exclude .DS_Store -exclude CVS -exclude .svn -exclude .git -exclude .hg -resolve-src-symlinks /Users/runner/work/FateLost/FateLost/FateLost/Resources/Audio/ui_skill_learn.wav /Users/runner/Library/Developer/Xcode/DerivedData/FateLost-dsbvaqyopcoialazinyzimxmscaj/Build/Intermediates.noindex/ArchiveIntermediates/FateLost/InstallationBuildProductsLocation/Applications/FateLost.app

CpResource /Users/runner/Library/Developer/Xcode/DerivedData/FateLost-dsbvaqyopcoialazinyzimxmscaj/Build/Intermediates.noindex/ArchiveIntermediates/FateLost/InstallationBuildProductsLocation/Applications/FateLost.app/ui_confirm.wav /Users/runner/work/FateLost/FateLost/FateLost/Resources/Audio/ui_confirm.wav (in target 'FateLost' from project 'FateLost')
    cd /Users/runner/work/FateLost/FateLost
    builtin-copy -exclude .DS_Store -exclude CVS -exclude .svn -exclude .git -exclude .hg -resolve-src-symlinks /Users/runner/work/FateLost/FateLost/FateLost/Resources/Audio/ui_confirm.wav /Users/runner/Library/Developer/Xcode/DerivedData/FateLost-dsbvaqyopcoialazinyzimxmscaj/Build/Intermediates.noindex/ArchiveIntermediates/FateLost/InstallationBuildProductsLocation/Applications/FateLost.app

CpResource /Users/runner/Library/Developer/Xcode/DerivedData/FateLost-dsbvaqyopcoialazinyzimxmscaj/Build/Intermediates.noindex/ArchiveIntermediates/FateLost/InstallationBuildProductsLocation/Applications/FateLost.app/ui_back.wav /Users/runner/work/FateLost/FateLost/FateLost/Resources/Audio/ui_back.wav (in target 'FateLost' from project 'FateLost')
    cd /Users/runner/work/FateLost/FateLost
    builtin-copy -exclude .DS_Store -exclude CVS -exclude .svn -exclude .git -exclude .hg -resolve-src-symlinks /Users/runner/work/FateLost/FateLost/FateLost/Resources/Audio/ui_back.wav /Users/runner/Library/Developer/Xcode/DerivedData/FateLost-dsbvaqyopcoialazinyzimxmscaj/Build/Intermediates.noindex/ArchiveIntermediates/FateLost/InstallationBuildProductsLocation/Applications/FateLost.app

CpResource /Users/runner/Library/Developer/Xcode/DerivedData/FateLost-dsbvaqyopcoialazinyzimxmscaj/Build/Intermediates.noindex/ArchiveIntermediates/FateLost/InstallationBuildProductsLocation/Applications/FateLost.app/sfx_swing_3.wav /Users/runner/work/FateLost/FateLost/FateLost/Resources/Audio/sfx_swing_3.wav (in target 'FateLost' from project 'FateLost')
    cd /Users/runner/work/FateLost/FateLost
    builtin-copy -exclude .DS_Store -exclude CVS -exclude .svn -exclude .git -exclude .hg -resolve-src-symlinks /Users/runner/work/FateLost/FateLost/FateLost/Resources/Audio/sfx_swing_3.wav /Users/runner/Library/Developer/Xcode/DerivedData/FateLost-dsbvaqyopcoialazinyzimxmscaj/Build/Intermediates.noindex/ArchiveIntermediates/FateLost/InstallationBuildProductsLocation/Applications/FateLost.app

CpResource /Users/runner/Library/Developer/Xcode/DerivedData/FateLost-dsbvaqyopcoialazinyzimxmscaj/Build/Intermediates.noindex/ArchiveIntermediates/FateLost/InstallationBuildProductsLocation/Applications/FateLost.app/sfx_swing_2.wav /Users/runner/work/FateLost/FateLost/FateLost/Resources/Audio/sfx_swing_2.wav (in target 'FateLost' from project 'FateLost')
    cd /Users/runner/work/FateLost/FateLost
    builtin-copy -exclude .DS_Store -exclude CVS -exclude .svn -exclude .git -exclude .hg -resolve-src-symlinks /Users/runner/work/FateLost/FateLost/FateLost/Resources/Audio/sfx_swing_2.wav /Users/runner/Library/Developer/Xcode/DerivedData/FateLost-dsbvaqyopcoialazinyzimxmscaj/Build/Intermediates.noindex/ArchiveIntermediates/FateLost/InstallationBuildProductsLocation/Applications/FateLost.app

CpResource /Users/runner/Library/Developer/Xcode/DerivedData/FateLost-dsbvaqyopcoialazinyzimxmscaj/Build/Intermediates.noindex/ArchiveIntermediates/FateLost/InstallationBuildProductsLocation/Applications/FateLost.app/sfx_swing_1.wav /Users/runner/work/FateLost/FateLost/FateLost/Resources/Audio/sfx_swing_1.wav (in target 'FateLost' from project 'FateLost')
    cd /Users/runner/work/FateLost/FateLost
    builtin-copy -exclude .DS_Store -exclude CVS -exclude .svn -exclude .git -exclude .hg -resolve-src-symlinks /Users/runner/work/FateLost/FateLost/FateLost/Resources/Audio/sfx_swing_1.wav /Users/runner/Library/Developer/Xcode/DerivedData/FateLost-dsbvaqyopcoialazinyzimxmscaj/Build/Intermediates.noindex/ArchiveIntermediates/FateLost/InstallationBuildProductsLocation/Applications/FateLost.app

CpResource /Users/runner/Library/Developer/Xcode/DerivedData/FateLost-dsbvaqyopcoialazinyzimxmscaj/Build/Intermediates.noindex/ArchiveIntermediates/FateLost/InstallationBuildProductsLocation/Applications/FateLost.app/sfx_summon.wav /Users/runner/work/FateLost/FateLost/FateLost/Resources/Audio/sfx_summon.wav (in target 'FateLost' from project 'FateLost')
    cd /Users/runner/work/FateLost/FateLost
    builtin-copy -exclude .DS_Store -exclude CVS -exclude .svn -exclude .git -exclude .hg -resolve-src-symlinks /Users/runner/work/FateLost/FateLost/FateLost/Resources/Audio/sfx_summon.wav /Users/runner/Library/Developer/Xcode/DerivedData/FateLost-dsbvaqyopcoialazinyzimxmscaj/Build/Intermediates.noindex/ArchiveIntermediates/FateLost/InstallationBuildProductsLocation/Applications/FateLost.app

CpResource /Users/runner/Library/Developer/Xcode/DerivedData/FateLost-dsbvaqyopcoialazinyzimxmscaj/Build/Intermediates.noindex/ArchiveIntermediates/FateLost/InstallationBuildProductsLocation/Applications/FateLost.app/sfx_shapeshift.wav /Users/runner/work/FateLost/FateLost/FateLost/Resources/Audio/sfx_shapeshift.wav (in target 'FateLost' from project 'FateLost')
    cd /Users/runner/work/FateLost/FateLost
    builtin-copy -exclude .DS_Store -exclude CVS -exclude .svn -exclude .git -exclude .hg -resolve-src-symlinks /Users/runner/work/FateLost/FateLost/FateLost/Resources/Audio/sfx_shapeshift.wav /Users/runner/Library/Developer/Xcode/DerivedData/FateLost-dsbvaqyopcoialazinyzimxmscaj/Build/Intermediates.noindex/ArchiveIntermediates/FateLost/InstallationBuildProductsLocation/Applications/FateLost.app

CpResource /Users/runner/Library/Developer/Xcode/DerivedData/FateLost-dsbvaqyopcoialazinyzimxmscaj/Build/Intermediates.noindex/ArchiveIntermediates/FateLost/InstallationBuildProductsLocation/Applications/FateLost.app/sfx_player_hurt.wav /Users/runner/work/FateLost/FateLost/FateLost/Resources/Audio/sfx_player_hurt.wav (in target 'FateLost' from project 'FateLost')
    cd /Users/runner/work/FateLost/FateLost
    builtin-copy -exclude .DS_Store -exclude CVS -exclude .svn -exclude .git -exclude .hg -resolve-src-symlinks /Users/runner/work/FateLost/FateLost/FateLost/Resources/Audio/sfx_player_hurt.wav /Users/runner/Library/Developer/Xcode/DerivedData/FateLost-dsbvaqyopcoialazinyzimxmscaj/Build/Intermediates.noindex/ArchiveIntermediates/FateLost/InstallationBuildProductsLocation/Applications/FateLost.app

CpResource /Users/runner/Library/Developer/Xcode/DerivedData/FateLost-dsbvaqyopcoialazinyzimxmscaj/Build/Intermediates.noindex/ArchiveIntermediates/FateLost/InstallationBuildProductsLocation/Applications/FateLost.app/sfx_player_death.wav /Users/runner/work/FateLost/FateLost/FateLost/Resources/Audio/sfx_player_death.wav (in target 'FateLost' from project 'FateLost')
    cd /Users/runner/work/FateLost/FateLost
    builtin-copy -exclude .DS_Store -exclude CVS -exclude .svn -exclude .git -exclude .hg -resolve-src-symlinks /Users/runner/work/FateLost/FateLost/FateLost/Resources/Audio/sfx_player_death.wav /Users/runner/Library/Developer/Xcode/DerivedData/FateLost-dsbvaqyopcoialazinyzimxmscaj/Build/Intermediates.noindex/ArchiveIntermediates/FateLost/InstallationBuildProductsLocation/Applications/FateLost.app

CpResource /Users/runner/Library/Developer/Xcode/DerivedData/FateLost-dsbvaqyopcoialazinyzimxmscaj/Build/Intermediates.noindex/ArchiveIntermediates/FateLost/InstallationBuildProductsLocation/Applications/FateLost.app/sfx_level_up.wav /Users/runner/work/FateLost/FateLost/FateLost/Resources/Audio/sfx_level_up.wav (in target 'FateLost' from project 'FateLost')
    cd /Users/runner/work/FateLost/FateLost
    builtin-copy -exclude .DS_Store -exclude CVS -exclude .svn -exclude .git -exclude .hg -resolve-src-symlinks /Users/runner/work/FateLost/FateLost/FateLost/Resources/Audio/sfx_level_up.wav /Users/runner/Library/Developer/Xcode/DerivedData/FateLost-dsbvaqyopcoialazinyzimxmscaj/Build/Intermediates.noindex/ArchiveIntermediates/FateLost/InstallationBuildProductsLocation/Applications/FateLost.app

CpResource /Users/runner/Library/Developer/Xcode/DerivedData/FateLost-dsbvaqyopcoialazinyzimxmscaj/Build/Intermediates.noindex/ArchiveIntermediates/FateLost/InstallationBuildProductsLocation/Applications/FateLost.app/sfx_keg_blast.wav /Users/runner/work/FateLost/FateLost/FateLost/Resources/Audio/sfx_keg_blast.wav (in target 'FateLost' from project 'FateLost')
    cd /Users/runner/work/FateLost/FateLost
    builtin-copy -exclude .DS_Store -exclude CVS -exclude .svn -exclude .git -exclude .hg -resolve-src-symlinks /Users/runner/work/FateLost/FateLost/FateLost/Resources/Audio/sfx_keg_blast.wav /Users/runner/Library/Developer/Xcode/DerivedData/FateLost-dsbvaqyopcoialazinyzimxmscaj/Build/Intermediates.noindex/ArchiveIntermediates/FateLost/InstallationBuildProductsLocation/Applications/FateLost.app

CpResource /Users/runner/Library/Developer/Xcode/DerivedData/FateLost-dsbvaqyopcoialazinyzimxmscaj/Build/Intermediates.noindex/ArchiveIntermediates/FateLost/InstallationBuildProductsLocation/Applications/FateLost.app/sfx_hit_critical.wav /Users/runner/work/FateLost/FateLost/FateLost/Resources/Audio/sfx_hit_critical.wav (in target 'FateLost' from project 'FateLost')
    cd /Users/runner/work/FateLost/FateLost
    builtin-copy -exclude .DS_Store -exclude CVS -exclude .svn -exclude .git -exclude .hg -resolve-src-symlinks /Users/runner/work/FateLost/FateLost/FateLost/Resources/Audio/sfx_hit_critical.wav /Users/runner/Library/Developer/Xcode/DerivedData/FateLost-dsbvaqyopcoialazinyzimxmscaj/Build/Intermediates.noindex/ArchiveIntermediates/FateLost/InstallationBuildProductsLocation/Applications/FateLost.app

CpResource /Users/runner/Library/Developer/Xcode/DerivedData/FateLost-dsbvaqyopcoialazinyzimxmscaj/Build/Intermediates.noindex/ArchiveIntermediates/FateLost/InstallationBuildProductsLocation/Applications/FateLost.app/sfx_hit_3.wav /Users/runner/work/FateLost/FateLost/FateLost/Resources/Audio/sfx_hit_3.wav (in target 'FateLost' from project 'FateLost')
    cd /Users/runner/work/FateLost/FateLost
    builtin-copy -exclude .DS_Store -exclude CVS -exclude .svn -exclude .git -exclude .hg -resolve-src-symlinks /Users/runner/work/FateLost/FateLost/FateLost/Resources/Audio/sfx_hit_3.wav /Users/runner/Library/Developer/Xcode/DerivedData/FateLost-dsbvaqyopcoialazinyzimxmscaj/Build/Intermediates.noindex/ArchiveIntermediates/FateLost/InstallationBuildProductsLocation/Applications/FateLost.app

CpResource /Users/runner/Library/Developer/Xcode/DerivedData/FateLost-dsbvaqyopcoialazinyzimxmscaj/Build/Intermediates.noindex/ArchiveIntermediates/FateLost/InstallationBuildProductsLocation/Applications/FateLost.app/sfx_hit_2.wav /Users/runner/work/FateLost/FateLost/FateLost/Resources/Audio/sfx_hit_2.wav (in target 'FateLost' from project 'FateLost')
    cd /Users/runner/work/FateLost/FateLost
    builtin-copy -exclude .DS_Store -exclude CVS -exclude .svn -exclude .git -exclude .hg -resolve-src-symlinks /Users/runner/work/FateLost/FateLost/FateLost/Resources/Audio/sfx_hit_2.wav /Users/runner/Library/Developer/Xcode/DerivedData/FateLost-dsbvaqyopcoialazinyzimxmscaj/Build/Intermediates.noindex/ArchiveIntermediates/FateLost/InstallationBuildProductsLocation/Applications/FateLost.app

CpResource /Users/runner/Library/Developer/Xcode/DerivedData/FateLost-dsbvaqyopcoialazinyzimxmscaj/Build/Intermediates.noindex/ArchiveIntermediates/FateLost/InstallationBuildProductsLocation/Applications/FateLost.app/sfx_hit_1.wav /Users/runner/work/FateLost/FateLost/FateLost/Resources/Audio/sfx_hit_1.wav (in target 'FateLost' from project 'FateLost')
    cd /Users/runner/work/FateLost/FateLost
    builtin-copy -exclude .DS_Store -exclude CVS -exclude .svn -exclude .git -exclude .hg -resolve-src-symlinks /Users/runner/work/FateLost/FateLost/FateLost/Resources/Audio/sfx_hit_1.wav /Users/runner/Library/Developer/Xcode/DerivedData/FateLost-dsbvaqyopcoialazinyzimxmscaj/Build/Intermediates.noindex/ArchiveIntermediates/FateLost/InstallationBuildProductsLocation/Applications/FateLost.app

CpResource /Users/runner/Library/Developer/Xcode/DerivedData/FateLost-dsbvaqyopcoialazinyzimxmscaj/Build/Intermediates.noindex/ArchiveIntermediates/FateLost/InstallationBuildProductsLocation/Applications/FateLost.app/sfx_heal.wav /Users/runner/work/FateLost/FateLost/FateLost/Resources/Audio/sfx_heal.wav (in target 'FateLost' from project 'FateLost')
    cd /Users/runner/work/FateLost/FateLost
    builtin-copy -exclude .DS_Store -exclude CVS -exclude .svn -exclude .git -exclude .hg -resolve-src-symlinks /Users/runner/work/FateLost/FateLost/FateLost/Resources/Audio/sfx_heal.wav /Users/runner/Library/Developer/Xcode/DerivedData/FateLost-dsbvaqyopcoialazinyzimxmscaj/Build/Intermediates.noindex/ArchiveIntermediates/FateLost/InstallationBuildProductsLocation/Applications/FateLost.app

CpResource /Users/runner/Library/Developer/Xcode/DerivedData/FateLost-dsbvaqyopcoialazinyzimxmscaj/Build/Intermediates.noindex/ArchiveIntermediates/FateLost/InstallationBuildProductsLocation/Applications/FateLost.app/sfx_goblin_death_2.wav /Users/runner/work/FateLost/FateLost/FateLost/Resources/Audio/sfx_goblin_death_2.wav (in target 'FateLost' from project 'FateLost')
    cd /Users/runner/work/FateLost/FateLost
    builtin-copy -exclude .DS_Store -exclude CVS -exclude .svn -exclude .git -exclude .hg -resolve-src-symlinks /Users/runner/work/FateLost/FateLost/FateLost/Resources/Audio/sfx_goblin_death_2.wav /Users/runner/Library/Developer/Xcode/DerivedData/FateLost-dsbvaqyopcoialazinyzimxmscaj/Build/Intermediates.noindex/ArchiveIntermediates/FateLost/InstallationBuildProductsLocation/Applications/FateLost.app

CpResource /Users/runner/Library/Developer/Xcode/DerivedData/FateLost-dsbvaqyopcoialazinyzimxmscaj/Build/Intermediates.noindex/ArchiveIntermediates/FateLost/InstallationBuildProductsLocation/Applications/FateLost.app/sfx_goblin_death_1.wav /Users/runner/work/FateLost/FateLost/FateLost/Resources/Audio/sfx_goblin_death_1.wav (in target 'FateLost' from project 'FateLost')
    cd /Users/runner/work/FateLost/FateLost
    builtin-copy -exclude .DS_Store -exclude CVS -exclude .svn -exclude .git -exclude .hg -resolve-src-symlinks /Users/runner/work/FateLost/FateLost/FateLost/Resources/Audio/sfx_goblin_death_1.wav /Users/runner/Library/Developer/Xcode/DerivedData/FateLost-dsbvaqyopcoialazinyzimxmscaj/Build/Intermediates.noindex/ArchiveIntermediates/FateLost/InstallationBuildProductsLocation/Applications/FateLost.app

CpResource /Users/runner/Library/Developer/Xcode/DerivedData/FateLost-dsbvaqyopcoialazinyzimxmscaj/Build/Intermediates.noindex/ArchiveIntermediates/FateLost/InstallationBuildProductsLocation/Applications/FateLost.app/sfx_ember_5.wav /Users/runner/work/FateLost/FateLost/FateLost/Resources/Audio/sfx_ember_5.wav (in target 'FateLost' from project 'FateLost')
    cd /Users/runner/work/FateLost/FateLost
    builtin-copy -exclude .DS_Store -exclude CVS -exclude .svn -exclude .git -exclude .hg -resolve-src-symlinks /Users/runner/work/FateLost/FateLost/FateLost/Resources/Audio/sfx_ember_5.wav /Users/runner/Library/Developer/Xcode/DerivedData/FateLost-dsbvaqyopcoialazinyzimxmscaj/Build/Intermediates.noindex/ArchiveIntermediates/FateLost/InstallationBuildProductsLocation/Applications/FateLost.app

CpResource /Users/runner/Library/Developer/Xcode/DerivedData/FateLost-dsbvaqyopcoialazinyzimxmscaj/Build/Intermediates.noindex/ArchiveIntermediates/FateLost/InstallationBuildProductsLocation/Applications/FateLost.app/sfx_ember_4.wav /Users/runner/work/FateLost/FateLost/FateLost/Resources/Audio/sfx_ember_4.wav (in target 'FateLost' from project 'FateLost')
    cd /Users/runner/work/FateLost/FateLost
    builtin-copy -exclude .DS_Store -exclude CVS -exclude .svn -exclude .git -exclude .hg -resolve-src-symlinks /Users/runner/work/FateLost/FateLost/FateLost/Resources/Audio/sfx_ember_4.wav /Users/runner/Library/Developer/Xcode/DerivedData/FateLost-dsbvaqyopcoialazinyzimxmscaj/Build/Intermediates.noindex/ArchiveIntermediates/FateLost/InstallationBuildProductsLocation/Applications/FateLost.app

CpResource /Users/runner/Library/Developer/Xcode/DerivedData/FateLost-dsbvaqyopcoialazinyzimxmscaj/Build/Intermediates.noindex/ArchiveIntermediates/FateLost/InstallationBuildProductsLocation/Applications/FateLost.app/sfx_ember_3.wav /Users/runner/work/FateLost/FateLost/FateLost/Resources/Audio/sfx_ember_3.wav (in target 'FateLost' from project 'FateLost')
    cd /Users/runner/work/FateLost/FateLost
    builtin-copy -exclude .DS_Store -exclude CVS -exclude .svn -exclude .git -exclude .hg -resolve-src-symlinks /Users/runner/work/FateLost/FateLost/FateLost/Resources/Audio/sfx_ember_3.wav /Users/runner/Library/Developer/Xcode/DerivedData/FateLost-dsbvaqyopcoialazinyzimxmscaj/Build/Intermediates.noindex/ArchiveIntermediates/FateLost/InstallationBuildProductsLocation/Applications/FateLost.app

CpResource /Users/runner/Library/Developer/Xcode/DerivedData/FateLost-dsbvaqyopcoialazinyzimxmscaj/Build/Intermediates.noindex/ArchiveIntermediates/FateLost/InstallationBuildProductsLocation/Applications/FateLost.app/sfx_ember_2.wav /Users/runner/work/FateLost/FateLost/FateLost/Resources/Audio/sfx_ember_2.wav (in target 'FateLost' from project 'FateLost')
    cd /Users/runner/work/FateLost/FateLost
    builtin-copy -exclude .DS_Store -exclude CVS -exclude .svn -exclude .git -exclude .hg -resolve-src-symlinks /Users/runner/work/FateLost/FateLost/FateLost/Resources/Audio/sfx_ember_2.wav /Users/runner/Library/Developer/Xcode/DerivedData/FateLost-dsbvaqyopcoialazinyzimxmscaj/Build/Intermediates.noindex/ArchiveIntermediates/FateLost/InstallationBuildProductsLocation/Applications/FateLost.app

CpResource /Users/runner/Library/Developer/Xcode/DerivedData/FateLost-dsbvaqyopcoialazinyzimxmscaj/Build/Intermediates.noindex/ArchiveIntermediates/FateLost/InstallationBuildProductsLocation/Applications/FateLost.app/sfx_ember_1.wav /Users/runner/work/FateLost/FateLost/FateLost/Resources/Audio/sfx_ember_1.wav (in target 'FateLost' from project 'FateLost')
    cd /Users/runner/work/FateLost/FateLost
    builtin-copy -exclude .DS_Store -exclude CVS -exclude .svn -exclude .git -exclude .hg -resolve-src-symlinks /Users/runner/work/FateLost/FateLost/FateLost/Resources/Audio/sfx_ember_1.wav /Users/runner/Library/Developer/Xcode/DerivedData/FateLost-dsbvaqyopcoialazinyzimxmscaj/Build/Intermediates.noindex/ArchiveIntermediates/FateLost/InstallationBuildProductsLocation/Applications/FateLost.app

CpResource /Users/runner/Library/Developer/Xcode/DerivedData/FateLost-dsbvaqyopcoialazinyzimxmscaj/Build/Intermediates.noindex/ArchiveIntermediates/FateLost/InstallationBuildProductsLocation/Applications/FateLost.app/sfx_dodge.wav /Users/runner/work/FateLost/FateLost/FateLost/Resources/Audio/sfx_dodge.wav (in target 'FateLost' from project 'FateLost')
    cd /Users/runner/work/FateLost/FateLost
    builtin-copy -exclude .DS_Store -exclude CVS -exclude .svn -exclude .git -exclude .hg -resolve-src-symlinks /Users/runner/work/FateLost/FateLost/FateLost/Resources/Audio/sfx_dodge.wav /Users/runner/Library/Developer/Xcode/DerivedData/FateLost-dsbvaqyopcoialazinyzimxmscaj/Build/Intermediates.noindex/ArchiveIntermediates/FateLost/InstallationBuildProductsLocation/Applications/FateLost.app

CpResource /Users/runner/Library/Developer/Xcode/DerivedData/FateLost-dsbvaqyopcoialazinyzimxmscaj/Build/Intermediates.noindex/ArchiveIntermediates/FateLost/InstallationBuildProductsLocation/Applications/FateLost.app/sfx_dash.wav /Users/runner/work/FateLost/FateLost/FateLost/Resources/Audio/sfx_dash.wav (in target 'FateLost' from project 'FateLost')
    cd /Users/runner/work/FateLost/FateLost
    builtin-copy -exclude .DS_Store -exclude CVS -exclude .svn -exclude .git -exclude .hg -resolve-src-symlinks /Users/runner/work/FateLost/FateLost/FateLost/Resources/Audio/sfx_dash.wav /Users/runner/Library/Developer/Xcode/DerivedData/FateLost-dsbvaqyopcoialazinyzimxmscaj/Build/Intermediates.noindex/ArchiveIntermediates/FateLost/InstallationBuildProductsLocation/Applications/FateLost.app

CpResource /Users/runner/Library/Developer/Xcode/DerivedData/FateLost-dsbvaqyopcoialazinyzimxmscaj/Build/Intermediates.noindex/ArchiveIntermediates/FateLost/InstallationBuildProductsLocation/Applications/FateLost.app/sfx_bow_shot.wav /Users/runner/work/FateLost/FateLost/FateLost/Resources/Audio/sfx_bow_shot.wav (in target 'FateLost' from project 'FateLost')
    cd /Users/runner/work/FateLost/FateLost
    builtin-copy -exclude .DS_Store -exclude CVS -exclude .svn -exclude .git -exclude .hg -resolve-src-symlinks /Users/runner/work/FateLost/FateLost/FateLost/Resources/Audio/sfx_bow_shot.wav /Users/runner/Library/Developer/Xcode/DerivedData/FateLost-dsbvaqyopcoialazinyzimxmscaj/Build/Intermediates.noindex/ArchiveIntermediates/FateLost/InstallationBuildProductsLocation/Applications/FateLost.app

CpResource /Users/runner/Library/Developer/Xcode/DerivedData/FateLost-dsbvaqyopcoialazinyzimxmscaj/Build/Intermediates.noindex/ArchiveIntermediates/FateLost/InstallationBuildProductsLocation/Applications/FateLost.app/sfx_arcane_cast.wav /Users/runner/work/FateLost/FateLost/FateLost/Resources/Audio/sfx_arcane_cast.wav (in target 'FateLost' from project 'FateLost')
    cd /Users/runner/work/FateLost/FateLost
    builtin-copy -exclude .DS_Store -exclude CVS -exclude .svn -exclude .git -exclude .hg -resolve-src-symlinks /Users/runner/work/FateLost/FateLost/FateLost/Resources/Audio/sfx_arcane_cast.wav /Users/runner/Library/Developer/Xcode/DerivedData/FateLost-dsbvaqyopcoialazinyzimxmscaj/Build/Intermediates.noindex/ArchiveIntermediates/FateLost/InstallationBuildProductsLocation/Applications/FateLost.app

CpResource /Users/runner/Library/Developer/Xcode/DerivedData/FateLost-dsbvaqyopcoialazinyzimxmscaj/Build/Intermediates.noindex/ArchiveIntermediates/FateLost/InstallationBuildProductsLocation/Applications/FateLost.app/sfx_arcane_burst.wav /Users/runner/work/FateLost/FateLost/FateLost/Resources/Audio/sfx_arcane_burst.wav (in target 'FateLost' from project 'FateLost')
    cd /Users/runner/work/FateLost/FateLost
    builtin-copy -exclude .DS_Store -exclude CVS -exclude .svn -exclude .git -exclude .hg -resolve-src-symlinks /Users/runner/work/FateLost/FateLost/FateLost/Resources/Audio/sfx_arcane_burst.wav /Users/runner/Library/Developer/Xcode/DerivedData/FateLost-dsbvaqyopcoialazinyzimxmscaj/Build/Intermediates.noindex/ArchiveIntermediates/FateLost/InstallationBuildProductsLocation/Applications/FateLost.app

CpResource /Users/runner/Library/Developer/Xcode/DerivedData/FateLost-dsbvaqyopcoialazinyzimxmscaj/Build/Intermediates.noindex/ArchiveIntermediates/FateLost/InstallationBuildProductsLocation/Applications/FateLost.app/sfx_ab_sonic.wav /Users/runner/work/FateLost/FateLost/FateLost/Resources/Audio/sfx_ab_sonic.wav (in target 'FateLost' from project 'FateLost')
    cd /Users/runner/work/FateLost/FateLost
    builtin-copy -exclude .DS_Store -exclude CVS -exclude .svn -exclude .git -exclude .hg -resolve-src-symlinks /Users/runner/work/FateLost/FateLost/FateLost/Resources/Audio/sfx_ab_sonic.wav /Users/runner/Library/Developer/Xcode/DerivedData/FateLost-dsbvaqyopcoialazinyzimxmscaj/Build/Intermediates.noindex/ArchiveIntermediates/FateLost/InstallationBuildProductsLocation/Applications/FateLost.app

CpResource /Users/runner/Library/Developer/Xcode/DerivedData/FateLost-dsbvaqyopcoialazinyzimxmscaj/Build/Intermediates.noindex/ArchiveIntermediates/FateLost/InstallationBuildProductsLocation/Applications/FateLost.app/sfx_ab_shadow.wav /Users/runner/work/FateLost/FateLost/FateLost/Resources/Audio/sfx_ab_shadow.wav (in target 'FateLost' from project 'FateLost')
    cd /Users/runner/work/FateLost/FateLost
    builtin-copy -exclude .DS_Store -exclude CVS -exclude .svn -exclude .git -exclude .hg -resolve-src-symlinks /Users/runner/work/FateLost/FateLost/FateLost/Resources/Audio/sfx_ab_shadow.wav /Users/runner/Library/Developer/Xcode/DerivedData/FateLost-dsbvaqyopcoialazinyzimxmscaj/Build/Intermediates.noindex/ArchiveIntermediates/FateLost/InstallationBuildProductsLocation/Applications/FateLost.app

CpResource /Users/runner/Library/Developer/Xcode/DerivedData/FateLost-dsbvaqyopcoialazinyzimxmscaj/Build/Intermediates.noindex/ArchiveIntermediates/FateLost/InstallationBuildProductsLocation/Applications/FateLost.app/sfx_ab_nature.wav /Users/runner/work/FateLost/FateLost/FateLost/Resources/Audio/sfx_ab_nature.wav (in target 'FateLost' from project 'FateLost')
    cd /Users/runner/work/FateLost/FateLost
    builtin-copy -exclude .DS_Store -exclude CVS -exclude .svn -exclude .git -exclude .hg -resolve-src-symlinks /Users/runner/work/FateLost/FateLost/FateLost/Resources/Audio/sfx_ab_nature.wav /Users/runner/Library/Developer/Xcode/DerivedData/FateLost-dsbvaqyopcoialazinyzimxmscaj/Build/Intermediates.noindex/ArchiveIntermediates/FateLost/InstallationBuildProductsLocation/Applications/FateLost.app

CpResource /Users/runner/Library/Developer/Xcode/DerivedData/FateLost-dsbvaqyopcoialazinyzimxmscaj/Build/Intermediates.noindex/ArchiveIntermediates/FateLost/InstallationBuildProductsLocation/Applications/FateLost.app/sfx_ab_lightning.wav /Users/runner/work/FateLost/FateLost/FateLost/Resources/Audio/sfx_ab_lightning.wav (in target 'FateLost' from project 'FateLost')
    cd /Users/runner/work/FateLost/FateLost
    builtin-copy -exclude .DS_Store -exclude CVS -exclude .svn -exclude .git -exclude .hg -resolve-src-symlinks /Users/runner/work/FateLost/FateLost/FateLost/Resources/Audio/sfx_ab_lightning.wav /Users/runner/Library/Developer/Xcode/DerivedData/FateLost-dsbvaqyopcoialazinyzimxmscaj/Build/Intermediates.noindex/ArchiveIntermediates/FateLost/InstallationBuildProductsLocation/Applications/FateLost.app

CpResource /Users/runner/Library/Developer/Xcode/DerivedData/FateLost-dsbvaqyopcoialazinyzimxmscaj/Build/Intermediates.noindex/ArchiveIntermediates/FateLost/InstallationBuildProductsLocation/Applications/FateLost.app/sfx_ab_impact.wav /Users/runner/work/FateLost/FateLost/FateLost/Resources/Audio/sfx_ab_impact.wav (in target 'FateLost' from project 'FateLost')
    cd /Users/runner/work/FateLost/FateLost
    builtin-copy -exclude .DS_Store -exclude CVS -exclude .svn -exclude .git -exclude .hg -resolve-src-symlinks /Users/runner/work/FateLost/FateLost/FateLost/Resources/Audio/sfx_ab_impact.wav /Users/runner/Library/Developer/Xcode/DerivedData/FateLost-dsbvaqyopcoialazinyzimxmscaj/Build/Intermediates.noindex/ArchiveIntermediates/FateLost/InstallationBuildProductsLocation/Applications/FateLost.app

CpResource /Users/runner/Library/Developer/Xcode/DerivedData/FateLost-dsbvaqyopcoialazinyzimxmscaj/Build/Intermediates.noindex/ArchiveIntermediates/FateLost/InstallationBuildProductsLocation/Applications/FateLost.app/sfx_ab_holy.wav /Users/runner/work/FateLost/FateLost/FateLost/Resources/Audio/sfx_ab_holy.wav (in target 'FateLost' from project 'FateLost')
    cd /Users/runner/work/FateLost/FateLost
    builtin-copy -exclude .DS_Store -exclude CVS -exclude .svn -exclude .git -exclude .hg -resolve-src-symlinks /Users/runner/work/FateLost/FateLost/FateLost/Resources/Audio/sfx_ab_holy.wav /Users/runner/Library/Developer/Xcode/DerivedData/FateLost-dsbvaqyopcoialazinyzimxmscaj/Build/Intermediates.noindex/ArchiveIntermediates/FateLost/InstallationBuildProductsLocation/Applications/FateLost.app

CpResource /Users/runner/Library/Developer/Xcode/DerivedData/FateLost-dsbvaqyopcoialazinyzimxmscaj/Build/Intermediates.noindex/ArchiveIntermediates/FateLost/InstallationBuildProductsLocation/Applications/FateLost.app/sfx_ab_frost.wav /Users/runner/work/FateLost/FateLost/FateLost/Resources/Audio/sfx_ab_frost.wav (in target 'FateLost' from project 'FateLost')
    cd /Users/runner/work/FateLost/FateLost
    builtin-copy -exclude .DS_Store -exclude CVS -exclude .svn -exclude .git -exclude .hg -resolve-src-symlinks /Users/runner/work/FateLost/FateLost/FateLost/Resources/Audio/sfx_ab_frost.wav /Users/runner/Library/Developer/Xcode/DerivedData/FateLost-dsbvaqyopcoialazinyzimxmscaj/Build/Intermediates.noindex/ArchiveIntermediates/FateLost/InstallationBuildProductsLocation/Applications/FateLost.app

CpResource /Users/runner/Library/Developer/Xcode/DerivedData/FateLost-dsbvaqyopcoialazinyzimxmscaj/Build/Intermediates.noindex/ArchiveIntermediates/FateLost/InstallationBuildProductsLocation/Applications/FateLost.app/sfx_ab_fire.wav /Users/runner/work/FateLost/FateLost/FateLost/Resources/Audio/sfx_ab_fire.wav (in target 'FateLost' from project 'FateLost')
    cd /Users/runner/work/FateLost/FateLost
    builtin-copy -exclude .DS_Store -exclude CVS -exclude .svn -exclude .git -exclude .hg -resolve-src-symlinks /Users/runner/work/FateLost/FateLost/FateLost/Resources/Audio/sfx_ab_fire.wav /Users/runner/Library/Developer/Xcode/DerivedData/FateLost-dsbvaqyopcoialazinyzimxmscaj/Build/Intermediates.noindex/ArchiveIntermediates/FateLost/InstallationBuildProductsLocation/Applications/FateLost.app

CpResource /Users/runner/Library/Developer/Xcode/DerivedData/FateLost-dsbvaqyopcoialazinyzimxmscaj/Build/Intermediates.noindex/ArchiveIntermediates/FateLost/InstallationBuildProductsLocation/Applications/FateLost.app/sfx_ab_buff.wav /Users/runner/work/FateLost/FateLost/FateLost/Resources/Audio/sfx_ab_buff.wav (in target 'FateLost' from project 'FateLost')
    cd /Users/runner/work/FateLost/FateLost
    builtin-copy -exclude .DS_Store -exclude CVS -exclude .svn -exclude .git -exclude .hg -resolve-src-symlinks /Users/runner/work/FateLost/FateLost/FateLost/Resources/Audio/sfx_ab_buff.wav /Users/runner/Library/Developer/Xcode/DerivedData/FateLost-dsbvaqyopcoialazinyzimxmscaj/Build/Intermediates.noindex/ArchiveIntermediates/FateLost/InstallationBuildProductsLocation/Applications/FateLost.app

CpResource /Users/runner/Library/Developer/Xcode/DerivedData/FateLost-dsbvaqyopcoialazinyzimxmscaj/Build/Intermediates.noindex/ArchiveIntermediates/FateLost/InstallationBuildProductsLocation/Applications/FateLost.app/mus_menu_fate_lost.m4a /Users/runner/work/FateLost/FateLost/FateLost/Resources/Audio/mus_menu_fate_lost.m4a (in target 'FateLost' from project 'FateLost')
    cd /Users/runner/work/FateLost/FateLost
    builtin-copy -exclude .DS_Store -exclude CVS -exclude .svn -exclude .git -exclude .hg -resolve-src-symlinks /Users/runner/work/FateLost/FateLost/FateLost/Resources/Audio/mus_menu_fate_lost.m4a /Users/runner/Library/Developer/Xcode/DerivedData/FateLost-dsbvaqyopcoialazinyzimxmscaj/Build/Intermediates.noindex/ArchiveIntermediates/FateLost/InstallationBuildProductsLocation/Applications/FateLost.app

CpResource /Users/runner/Library/Developer/Xcode/DerivedData/FateLost-dsbvaqyopcoialazinyzimxmscaj/Build/Intermediates.noindex/ArchiveIntermediates/FateLost/InstallationBuildProductsLocation/Applications/FateLost.app/mus_defeat.m4a /Users/runner/work/FateLost/FateLost/FateLost/Resources/Audio/mus_defeat.m4a (in target 'FateLost' from project 'FateLost')
    cd /Users/runner/work/FateLost/FateLost
    builtin-copy -exclude .DS_Store -exclude CVS -exclude .svn -exclude .git -exclude .hg -resolve-src-symlinks /Users/runner/work/FateLost/FateLost/FateLost/Resources/Audio/mus_defeat.m4a /Users/runner/Library/Developer/Xcode/DerivedData/FateLost-dsbvaqyopcoialazinyzimxmscaj/Build/Intermediates.noindex/ArchiveIntermediates/FateLost/InstallationBuildProductsLocation/Applications/FateLost.app

CpResource /Users/runner/Library/Developer/Xcode/DerivedData/FateLost-dsbvaqyopcoialazinyzimxmscaj/Build/Intermediates.noindex/ArchiveIntermediates/FateLost/InstallationBuildProductsLocation/Applications/FateLost.app/mus_battle_ashen_wilds.m4a /Users/runner/work/FateLost/FateLost/FateLost/Resources/Audio/mus_battle_ashen_wilds.m4a (in target 'FateLost' from project 'FateLost')
    cd /Users/runner/work/FateLost/FateLost
    builtin-copy -exclude .DS_Store -exclude CVS -exclude .svn -exclude .git -exclude .hg -resolve-src-symlinks /Users/runner/work/FateLost/FateLost/FateLost/Resources/Audio/mus_battle_ashen_wilds.m4a /Users/runner/Library/Developer/Xcode/DerivedData/FateLost-dsbvaqyopcoialazinyzimxmscaj/Build/Intermediates.noindex/ArchiveIntermediates/FateLost/InstallationBuildProductsLocation/Applications/FateLost.app

CpResource /Users/runner/Library/Developer/Xcode/DerivedData/FateLost-dsbvaqyopcoialazinyzimxmscaj/Build/Intermediates.noindex/ArchiveIntermediates/FateLost/InstallationBuildProductsLocation/Applications/FateLost.app/amb_ashen_wilds.m4a /Users/runner/work/FateLost/FateLost/FateLost/Resources/Audio/amb_ashen_wilds.m4a (in target 'FateLost' from project 'FateLost')
    cd /Users/runner/work/FateLost/FateLost
    builtin-copy -exclude .DS_Store -exclude CVS -exclude .svn -exclude .git -exclude .hg -resolve-src-symlinks /Users/runner/work/FateLost/FateLost/FateLost/Resources/Audio/amb_ashen_wilds.m4a /Users/runner/Library/Developer/Xcode/DerivedData/FateLost-dsbvaqyopcoialazinyzimxmscaj/Build/Intermediates.noindex/ArchiveIntermediates/FateLost/InstallationBuildProductsLocation/Applications/FateLost.app

CpResource /Users/runner/Library/Developer/Xcode/DerivedData/FateLost-dsbvaqyopcoialazinyzimxmscaj/Build/Intermediates.noindex/ArchiveIntermediates/FateLost/InstallationBuildProductsLocation/Applications/FateLost.app/PrivacyInfo.xcprivacy /Users/runner/work/FateLost/FateLost/FateLost/PrivacyInfo.xcprivacy (in target 'FateLost' from project 'FateLost')
    cd /Users/runner/work/FateLost/FateLost
    builtin-copy -exclude .DS_Store -exclude CVS -exclude .svn -exclude .git -exclude .hg -resolve-src-symlinks /Users/runner/work/FateLost/FateLost/FateLost/PrivacyInfo.xcprivacy /Users/runner/Library/Developer/Xcode/DerivedData/FateLost-dsbvaqyopcoialazinyzimxmscaj/Build/Intermediates.noindex/ArchiveIntermediates/FateLost/InstallationBuildProductsLocation/Applications/FateLost.app

Copy /Users/runner/Library/Developer/Xcode/DerivedData/FateLost-dsbvaqyopcoialazinyzimxmscaj/Build/Intermediates.noindex/ArchiveIntermediates/FateLost/InstallationBuildProductsLocation/Applications/FateLost.app/Frameworks/UserMessagingPlatform.framework /Users/runner/Library/Developer/Xcode/DerivedData/FateLost-dsbvaqyopcoialazinyzimxmscaj/SourcePackages/artifacts/swift-package-manager-google-user-messaging-platform/UserMessagingPlatform/UserMessagingPlatform.xcframework/ios-arm64/UserMessagingPlatform.framework (in target 'FateLost' from project 'FateLost')
    cd /Users/runner/work/FateLost/FateLost
    builtin-copy -exclude .DS_Store -exclude CVS -exclude .svn -exclude .git -exclude .hg -exclude Headers -exclude PrivateHeaders -exclude Modules -exclude \*.tbd -bitcode-strip all -bitcode-strip-tool /Applications/Xcode_26.3.app/Contents/Developer/Toolchains/XcodeDefault.xctoolchain/usr/bin/bitcode_strip -resolve-src-symlinks -remove-static-executable /Users/runner/Library/Developer/Xcode/DerivedData/FateLost-dsbvaqyopcoialazinyzimxmscaj/SourcePackages/artifacts/swift-package-manager-google-user-messaging-platform/UserMessagingPlatform/UserMessagingPlatform.xcframework/ios-arm64/UserMessagingPlatform.framework /Users/runner/Library/Developer/Xcode/DerivedData/FateLost-dsbvaqyopcoialazinyzimxmscaj/Build/Intermediates.noindex/ArchiveIntermediates/FateLost/InstallationBuildProductsLocation/Applications/FateLost.app/Frameworks
note: Injecting stub binary into codeless framework (in target 'FateLost' from project 'FateLost')
    /Applications/Xcode_26.3.app/Contents/Developer/Toolchains/XcodeDefault.xctoolchain/usr/bin/clang -isysroot /Applications/Xcode_26.3.app/Contents/Developer/Platforms/iPhoneOS.platform/Developer/SDKs/iPhoneOS26.2.sdk -x c -c /dev/null -target arm64-apple-ios100.0 -o /private/var/folders/nj/vtw8zd2j31d1gdrtntc5y4600000gn/T/swbuild.tmp.zoAcTAbR/Data.noindex/arm64-apple.o
    /Applications/Xcode_26.3.app/Contents/Developer/Toolchains/XcodeDefault.xctoolchain/usr/bin/clang -isysroot /Applications/Xcode_26.3.app/Contents/Developer/Platforms/iPhoneOS.platform/Developer/SDKs/iPhoneOS26.2.sdk -dynamiclib -Xlinker -adhoc_codesign -target arm64-apple-ios100.0 -o /private/var/folders/nj/vtw8zd2j31d1gdrtntc5y4600000gn/T/swbuild.tmp.zoAcTAbR/Data.noindex/arm64-apple /private/var/folders/nj/vtw8zd2j31d1gdrtntc5y4600000gn/T/swbuild.tmp.zoAcTAbR/Data.noindex/arm64-apple.o
    /Applications/Xcode_26.3.app/Contents/Developer/Toolchains/XcodeDefault.xctoolchain/usr/bin/lipo -create -output /Users/runner/Library/Developer/Xcode/DerivedData/FateLost-dsbvaqyopcoialazinyzimxmscaj/Build/Intermediates.noindex/ArchiveIntermediates/FateLost/InstallationBuildProductsLocation/Applications/FateLost.app/Frameworks/UserMessagingPlatform.framework/UserMessagingPlatform /private/var/folders/nj/vtw8zd2j31d1gdrtntc5y4600000gn/T/swbuild.tmp.zoAcTAbR/Data.noindex/arm64-apple

Copy /Users/runner/Library/Developer/Xcode/DerivedData/FateLost-dsbvaqyopcoialazinyzimxmscaj/Build/Intermediates.noindex/ArchiveIntermediates/FateLost/InstallationBuildProductsLocation/Applications/FateLost.app/Frameworks/GoogleMobileAds.framework /Users/runner/Library/Developer/Xcode/DerivedData/FateLost-dsbvaqyopcoialazinyzimxmscaj/SourcePackages/artifacts/swift-package-manager-google-mobile-ads/GoogleMobileAds/GoogleMobileAds.xcframework/ios-arm64/GoogleMobileAds.framework (in target 'FateLost' from project 'FateLost')
    cd /Users/runner/work/FateLost/FateLost
    builtin-copy -exclude .DS_Store -exclude CVS -exclude .svn -exclude .git -exclude .hg -exclude Headers -exclude PrivateHeaders -exclude Modules -exclude \*.tbd -bitcode-strip all -bitcode-strip-tool /Applications/Xcode_26.3.app/Contents/Developer/Toolchains/XcodeDefault.xctoolchain/usr/bin/bitcode_strip -resolve-src-symlinks -remove-static-executable /Users/runner/Library/Developer/Xcode/DerivedData/FateLost-dsbvaqyopcoialazinyzimxmscaj/SourcePackages/artifacts/swift-package-manager-google-mobile-ads/GoogleMobileAds/GoogleMobileAds.xcframework/ios-arm64/GoogleMobileAds.framework /Users/runner/Library/Developer/Xcode/DerivedData/FateLost-dsbvaqyopcoialazinyzimxmscaj/Build/Intermediates.noindex/ArchiveIntermediates/FateLost/InstallationBuildProductsLocation/Applications/FateLost.app/Frameworks
note: Injecting stub binary into codeless framework (in target 'FateLost' from project 'FateLost')
    /Applications/Xcode_26.3.app/Contents/Developer/Toolchains/XcodeDefault.xctoolchain/usr/bin/clang -isysroot /Applications/Xcode_26.3.app/Contents/Developer/Platforms/iPhoneOS.platform/Developer/SDKs/iPhoneOS26.2.sdk -x c -c /dev/null -target arm64-apple-ios13.0 -o /private/var/folders/nj/vtw8zd2j31d1gdrtntc5y4600000gn/T/swbuild.tmp.YqVGT7aw/Data.noindex/arm64-apple.o
    /Applications/Xcode_26.3.app/Contents/Developer/Toolchains/XcodeDefault.xctoolchain/usr/bin/clang -isysroot /Applications/Xcode_26.3.app/Contents/Developer/Platforms/iPhoneOS.platform/Developer/SDKs/iPhoneOS26.2.sdk -dynamiclib -Xlinker -adhoc_codesign -target arm64-apple-ios13.0 -o /private/var/folders/nj/vtw8zd2j31d1gdrtntc5y4600000gn/T/swbuild.tmp.YqVGT7aw/Data.noindex/arm64-apple /private/var/folders/nj/vtw8zd2j31d1gdrtntc5y4600000gn/T/swbuild.tmp.YqVGT7aw/Data.noindex/arm64-apple.o
    /Applications/Xcode_26.3.app/Contents/Developer/Toolchains/XcodeDefault.xctoolchain/usr/bin/lipo -create -output /Users/runner/Library/Developer/Xcode/DerivedData/FateLost-dsbvaqyopcoialazinyzimxmscaj/Build/Intermediates.noindex/ArchiveIntermediates/FateLost/InstallationBuildProductsLocation/Applications/FateLost.app/Frameworks/GoogleMobileAds.framework/GoogleMobileAds /private/var/folders/nj/vtw8zd2j31d1gdrtntc5y4600000gn/T/swbuild.tmp.YqVGT7aw/Data.noindex/arm64-apple

CodeSign /Users/runner/Library/Developer/Xcode/DerivedData/FateLost-dsbvaqyopcoialazinyzimxmscaj/Build/Intermediates.noindex/ArchiveIntermediates/FateLost/InstallationBuildProductsLocation/Applications/FateLost.app/Frameworks/UserMessagingPlatform.framework (in target 'FateLost' from project 'FateLost')
    cd /Users/runner/work/FateLost/FateLost
    
    Signing Identity:     "Apple Development: Created via API (R9SJVL2959)"
    Provisioning Profile: "iOS Team Provisioning Profile: com.wickedstudios.fatelost"
                          (f856f040-c400-463c-bdd0-4d2544896f34)
    
    /usr/bin/codesign --force --sign A1EB880C4B848F32233818FA3FDDCA6D73DA6F9A --preserve-metadata\=identifier,entitlements,flags --generate-entitlement-der /Users/runner/Library/Developer/Xcode/DerivedData/FateLost-dsbvaqyopcoialazinyzimxmscaj/Build/Intermediates.noindex/ArchiveIntermediates/FateLost/InstallationBuildProductsLocation/Applications/FateLost.app/Frameworks/UserMessagingPlatform.framework
/Users/runner/Library/Developer/Xcode/DerivedData/FateLost-dsbvaqyopcoialazinyzimxmscaj/Build/Intermediates.noindex/ArchiveIntermediates/FateLost/InstallationBuildProductsLocation/Applications/FateLost.app/Frameworks/UserMessagingPlatform.framework: replacing existing signature

CodeSign /Users/runner/Library/Developer/Xcode/DerivedData/FateLost-dsbvaqyopcoialazinyzimxmscaj/Build/Intermediates.noindex/ArchiveIntermediates/FateLost/InstallationBuildProductsLocation/Applications/FateLost.app/Frameworks/GoogleMobileAds.framework (in target 'FateLost' from project 'FateLost')
    cd /Users/runner/work/FateLost/FateLost
    
    Signing Identity:     "Apple Development: Created via API (R9SJVL2959)"
    Provisioning Profile: "iOS Team Provisioning Profile: com.wickedstudios.fatelost"
                          (f856f040-c400-463c-bdd0-4d2544896f34)
    
    /usr/bin/codesign --force --sign A1EB880C4B848F32233818FA3FDDCA6D73DA6F9A --preserve-metadata\=identifier,entitlements,flags --generate-entitlement-der /Users/runner/Library/Developer/Xcode/DerivedData/FateLost-dsbvaqyopcoialazinyzimxmscaj/Build/Intermediates.noindex/ArchiveIntermediates/FateLost/InstallationBuildProductsLocation/Applications/FateLost.app/Frameworks/GoogleMobileAds.framework
/Users/runner/Library/Developer/Xcode/DerivedData/FateLost-dsbvaqyopcoialazinyzimxmscaj/Build/Intermediates.noindex/ArchiveIntermediates/FateLost/InstallationBuildProductsLocation/Applications/FateLost.app/Frameworks/GoogleMobileAds.framework: replacing existing signature

SwiftDriver\ Compilation FateLost normal arm64 com.apple.xcode.tools.swift.compiler (in target 'FateLost' from project 'FateLost')
    cd /Users/runner/work/FateLost/FateLost
    builtin-Swift-Compilation -- /Applications/Xcode_26.3.app/Contents/Developer/Toolchains/XcodeDefault.xctoolchain/usr/bin/swiftc -module-name FateLost -O -whole-module-optimization -enforce-exclusivity\=checked @/Users/runner/Library/Developer/Xcode/DerivedData/FateLost-dsbvaqyopcoialazinyzimxmscaj/Build/Intermediates.noindex/ArchiveIntermediates/FateLost/IntermediateBuildFilesPath/FateLost.build/Release-iphoneos/FateLost.build/Objects-normal/arm64/FateLost.SwiftFileList -Xcc -fmodule-map-file\=/Users/runner/Library/Developer/Xcode/DerivedData/FateLost-dsbvaqyopcoialazinyzimxmscaj/Build/Intermediates.noindex/ArchiveIntermediates/FateLost/IntermediateBuildFilesPath/GeneratedModuleMaps-iphoneos/UserMessagingPlatformTarget.modulemap -enable-bare-slash-regex -enable-experimental-feature DebugDescriptionMacro -sdk /Applications/Xcode_26.3.app/Contents/Developer/Platforms/iPhoneOS.platform/Developer/SDKs/iPhoneOS26.2.sdk -target arm64-apple-ios17.0 -g -module-cache-path /Users/runner/Library/Developer/Xcode/DerivedData/ModuleCache.noindex -Xfrontend -serialize-debugging-options -swift-version 5 -I /Users/runner/Library/Developer/Xcode/DerivedData/FateLost-dsbvaqyopcoialazinyzimxmscaj/Build/Intermediates.noindex/ArchiveIntermediates/FateLost/BuildProductsPath/Release-iphoneos -F /Users/runner/Library/Developer/Xcode/DerivedData/FateLost-dsbvaqyopcoialazinyzimxmscaj/Build/Intermediates.noindex/ArchiveIntermediates/FateLost/BuildProductsPath/Release-iphoneos/PackageFrameworks -F /Users/runner/Library/Developer/Xcode/DerivedData/FateLost-dsbvaqyopcoialazinyzimxmscaj/Build/Intermediates.noindex/ArchiveIntermediates/FateLost/BuildProductsPath/Release-iphoneos/PackageFrameworks -F /Users/runner/Library/Developer/Xcode/DerivedData/FateLost-dsbvaqyopcoialazinyzimxmscaj/Build/Intermediates.noindex/ArchiveIntermediates/FateLost/BuildProductsPath/Release-iphoneos -emit-localized-strings -emit-localized-strings-path /Users/runner/Library/Developer/Xcode/DerivedData/FateLost-dsbvaqyopcoialazinyzimxmscaj/Build/Intermediates.noindex/ArchiveIntermediates/FateLost/IntermediateBuildFilesPath/FateLost.build/Release-iphoneos/FateLost.build/Objects-normal/arm64 -c -num-threads 3 -Xcc -ivfsstatcache -Xcc /Users/runner/Library/Developer/Xcode/DerivedData/SDKStatCaches.noindex/iphoneos26.2-23C57-dc75598d0054f22ec865fa860f139d722dd23b4ebda140f7210d155ff1243552.sdkstatcache -output-file-map /Users/runner/Library/Developer/Xcode/DerivedData/FateLost-dsbvaqyopcoialazinyzimxmscaj/Build/Intermediates.noindex/ArchiveIntermediates/FateLost/IntermediateBuildFilesPath/FateLost.build/Release-iphoneos/FateLost.build/Objects-normal/arm64/FateLost-OutputFileMap.json -use-frontend-parseable-output -save-temps -no-color-diagnostics -explicit-module-build -module-cache-path /Users/runner/Library/Developer/Xcode/DerivedData/FateLost-dsbvaqyopcoialazinyzimxmscaj/Build/Intermediates.noindex/ArchiveIntermediates/FateLost/IntermediateBuildFilesPath/SwiftExplicitPrecompiledModules -clang-scanner-module-cache-path /Users/runner/Library/Developer/Xcode/DerivedData/ModuleCache.noindex -sdk-module-cache-path /Users/runner/Library/Developer/Xcode/DerivedData/ModuleCache.noindex -serialize-diagnostics -emit-dependencies -emit-module -emit-module-path /Users/runner/Library/Developer/Xcode/DerivedData/FateLost-dsbvaqyopcoialazinyzimxmscaj/Build/Intermediates.noindex/ArchiveIntermediates/FateLost/IntermediateBuildFilesPath/FateLost.build/Release-iphoneos/FateLost.build/Objects-normal/arm64/FateLost.swiftmodule -validate-clang-modules-once -clang-build-session-file /Users/runner/Library/Developer/Xcode/DerivedData/ModuleCache.noindex/Session.modulevalidation -Xcc -I/Users/runner/Library/Developer/Xcode/DerivedData/FateLost-dsbvaqyopcoialazinyzimxmscaj/Build/Intermediates.noindex/ArchiveIntermediates/FateLost/IntermediateBuildFilesPath/FateLost.build/Release-iphoneos/FateLost.build/swift-overrides.hmap -emit-const-values -Xfrontend -const-gather-protocols-file -Xfrontend /Users/runner/Library/Developer/Xcode/DerivedData/FateLost-dsbvaqyopcoialazinyzimxmscaj/Build/Intermediates.noindex/ArchiveIntermediates/FateLost/IntermediateBuildFilesPath/FateLost.build/Release-iphoneos/FateLost.build/Objects-normal/arm64/FateLost_const_extract_protocols.json -Xcc -iquote -Xcc /Users/runner/Library/Developer/Xcode/DerivedData/FateLost-dsbvaqyopcoialazinyzimxmscaj/Build/Intermediates.noindex/ArchiveIntermediates/FateLost/IntermediateBuildFilesPath/FateLost.build/Release-iphoneos/FateLost.build/FateLost-generated-files.hmap -Xcc -I/Users/runner/Library/Developer/Xcode/DerivedData/FateLost-dsbvaqyopcoialazinyzimxmscaj/Build/Intermediates.noindex/ArchiveIntermediates/FateLost/IntermediateBuildFilesPath/FateLost.build/Release-iphoneos/FateLost.build/FateLost-own-target-headers.hmap -Xcc -I/Users/runner/Library/Developer/Xcode/DerivedData/FateLost-dsbvaqyopcoialazinyzimxmscaj/Build/Intermediates.noindex/ArchiveIntermediates/FateLost/IntermediateBuildFilesPath/FateLost.build/Release-iphoneos/FateLost.build/FateLost-all-non-framework-target-headers.hmap -Xcc -ivfsoverlay -Xcc /Users/runner/Library/Developer/Xcode/DerivedData/FateLost-dsbvaqyopcoialazinyzimxmscaj/Build/Intermediates.noindex/ArchiveIntermediates/FateLost/IntermediateBuildFilesPath/FateLost.build/Release-iphoneos/FateLost-b7204f8cf0954d34cbb54ca2f9d32c2a-VFS-iphoneos/all-product-headers.yaml -Xcc -iquote -Xcc /Users/runner/Library/Developer/Xcode/DerivedData/FateLost-dsbvaqyopcoialazinyzimxmscaj/Build/Intermediates.noindex/ArchiveIntermediates/FateLost/IntermediateBuildFilesPath/FateLost.build/Release-iphoneos/FateLost.build/FateLost-project-headers.hmap -Xcc -I/Users/runner/Library/Developer/Xcode/DerivedData/FateLost-dsbvaqyopcoialazinyzimxmscaj/SourcePackages/checkouts/swift-package-manager-google-user-messaging-platform/UserMessagingPlatformTarget/include -Xcc -I/Users/runner/Library/Developer/Xcode/DerivedData/FateLost-dsbvaqyopcoialazinyzimxmscaj/Build/Intermediates.noindex/ArchiveIntermediates/FateLost/BuildProductsPath/Release-iphoneos/include -Xcc -I/Users/runner/Library/Developer/Xcode/DerivedData/FateLost-dsbvaqyopcoialazinyzimxmscaj/Build/Intermediates.noindex/ArchiveIntermediates/FateLost/IntermediateBuildFilesPath/FateLost.build/Release-iphoneos/FateLost.build/DerivedSources-normal/arm64 -Xcc -I/Users/runner/Library/Developer/Xcode/DerivedData/FateLost-dsbvaqyopcoialazinyzimxmscaj/Build/Intermediates.noindex/ArchiveIntermediates/FateLost/IntermediateBuildFilesPath/FateLost.build/Release-iphoneos/FateLost.build/DerivedSources/arm64 -Xcc -I/Users/runner/Library/Developer/Xcode/DerivedData/FateLost-dsbvaqyopcoialazinyzimxmscaj/Build/Intermediates.noindex/ArchiveIntermediates/FateLost/IntermediateBuildFilesPath/FateLost.build/Release-iphoneos/FateLost.build/DerivedSources -emit-objc-header -emit-objc-header-path /Users/runner/Library/Developer/Xcode/DerivedData/FateLost-dsbvaqyopcoialazinyzimxmscaj/Build/Intermediates.noindex/ArchiveIntermediates/FateLost/IntermediateBuildFilesPath/FateLost.build/Release-iphoneos/FateLost.build/Objects-normal/arm64/FateLost-Swift.h -working-directory /Users/runner/work/FateLost/FateLost -no-emit-module-separately-wmo

SwiftExplicitDependencyGeneratePcm arm64 /Users/runner/Library/Developer/Xcode/DerivedData/ModuleCache.noindex/_Builtin_float-AYIK33CJ5ACSJYYNVVDLG5TDC.pcm

SwiftExplicitDependencyGeneratePcm arm64 /Users/runner/Library/Developer/Xcode/DerivedData/ModuleCache.noindex/DeveloperToolsSupport-D568ZZV5GGF0HFGCU6IJBWL0Y.pcm

SwiftExplicitDependencyGeneratePcm arm64 /Users/runner/Library/Developer/Xcode/DerivedData/ModuleCache.noindex/_SwiftConcurrencyShims-5M2E6NYWF7WHRNPE9M3NRLZH0.pcm

SwiftExplicitDependencyGeneratePcm arm64 /Users/runner/Library/Developer/Xcode/DerivedData/ModuleCache.noindex/ptrcheck-1HIKBYLY7BD7BK2PKP5FSL4FM.pcm

SwiftExplicitDependencyGeneratePcm arm64 /Users/runner/Library/Developer/Xcode/DerivedData/ModuleCache.noindex/ptrauth-6TNDJ1I13XOQELTZ0D2F0AORS.pcm

SwiftExplicitDependencyGeneratePcm arm64 /Users/runner/Library/Developer/Xcode/DerivedData/ModuleCache.noindex/_Builtin_stdarg-57H4QFD9B934F5ZYBYG28698J.pcm

SwiftExplicitDependencyGeneratePcm arm64 /Users/runner/Library/Developer/Xcode/DerivedData/ModuleCache.noindex/SwiftShims-1MABNWY2W4HF8PYUD6BPT5TAZ.pcm

SwiftExplicitDependencyGeneratePcm arm64 /Users/runner/Library/Developer/Xcode/DerivedData/ModuleCache.noindex/_AvailabilityInternal-EHRSA4T93JD5QEUGJ4PTAI3M8.pcm

SwiftExplicitDependencyGeneratePcm arm64 /Users/runner/Library/Developer/Xcode/DerivedData/ModuleCache.noindex/_Builtin_stddef-MBBM0180A1YES5J798B0CHC2.pcm

SwiftExplicitDependencyGeneratePcm arm64 /Users/runner/Library/Developer/Xcode/DerivedData/ModuleCache.noindex/_Builtin_stdbool-1LLN5I6AFV2FB1ULCXWW6LIU2.pcm

SwiftExplicitDependencyGeneratePcm arm64 /Users/runner/Library/Developer/Xcode/DerivedData/ModuleCache.noindex/_DarwinFoundation1-6ZU0UEPX0G9XJUA5ALZRSZOMT.pcm

SwiftExplicitDependencyGeneratePcm arm64 /Users/runner/Library/Developer/Xcode/DerivedData/ModuleCache.noindex/_Builtin_limits-E4B238HZGLY1ZAM9HGAUL5BZC.pcm

SwiftExplicitDependencyGeneratePcm arm64 /Users/runner/Library/Developer/Xcode/DerivedData/ModuleCache.noindex/_DarwinFoundation2-9JX2D1281Q0XH8CM3LQ2737PD.pcm

SwiftExplicitDependencyGeneratePcm arm64 /Users/runner/Library/Developer/Xcode/DerivedData/ModuleCache.noindex/sys_types-BPLASASPFW8M9Z4BFTNEUTF7V.pcm

SwiftExplicitDependencyGeneratePcm arm64 /Users/runner/Library/Developer/Xcode/DerivedData/ModuleCache.noindex/_Builtin_stdint-6RPBNTXHWM32RJJKSQ33YGSGY.pcm

SwiftExplicitDependencyGeneratePcm arm64 /Users/runner/Library/Developer/Xcode/DerivedData/ModuleCache.noindex/_Builtin_tgmath-AHAP65LMXJS8ZTBGQ5B39QIK6.pcm

SwiftExplicitDependencyGeneratePcm arm64 /Users/runner/Library/Developer/Xcode/DerivedData/ModuleCache.noindex/_Builtin_intrinsics-2WQ78P0CTVC5LQGLTTCIOQ55W.pcm

SwiftExplicitDependencyGeneratePcm arm64 /Users/runner/Library/Developer/Xcode/DerivedData/ModuleCache.noindex/_DarwinFoundation3-4BB489964JBZUNHUM48O90AUK.pcm

SwiftExplicitDependencyGeneratePcm arm64 /Users/runner/Library/Developer/Xcode/DerivedData/ModuleCache.noindex/_Builtin_stdatomic-CSOPI357L8ONDB1EBUOD7GGZ6.pcm

SwiftExplicitDependencyGeneratePcm arm64 /Users/runner/Library/Developer/Xcode/DerivedData/ModuleCache.noindex/_Builtin_inttypes-3OBPYU86LQVMHE4ALFULA429D.pcm

SwiftExplicitDependencyGeneratePcm arm64 /Users/runner/Library/Developer/Xcode/DerivedData/ModuleCache.noindex/Darwin-19GMPWSXGL9FC52TDPWRSZ9XN.pcm

SwiftExplicitDependencyGeneratePcm arm64 /Users/runner/Library/Developer/Xcode/DerivedData/ModuleCache.noindex/simd-BE08MGU4C70SIZN7WRMT4C662.pcm

SwiftExplicitDependencyGeneratePcm arm64 /Users/runner/Library/Developer/Xcode/DerivedData/ModuleCache.noindex/MachO-91TI5A8RJI2RE5HWSKR7FYB9K.pcm

SwiftExplicitDependencyGeneratePcm arm64 /Users/runner/Library/Developer/Xcode/DerivedData/ModuleCache.noindex/ObjectiveC-DST8KR6FLTFFLUW0FTUVWTU99.pcm

SwiftExplicitDependencyGeneratePcm arm64 /Users/runner/Library/Developer/Xcode/DerivedData/ModuleCache.noindex/os_object-8RQH58KNMHJU51VUJA5Q8688F.pcm

SwiftExplicitDependencyGeneratePcm arm64 /Users/runner/Library/Developer/Xcode/DerivedData/ModuleCache.noindex/Spatial-AN6YBETRUBDVKVFEUPPTKNAQX.pcm

SwiftExplicitDependencyGeneratePcm arm64 /Users/runner/Library/Developer/Xcode/DerivedData/ModuleCache.noindex/os_workgroup-392XDKSQMB85FF3G5JXC01S1T.pcm

SwiftExplicitDependencyGeneratePcm arm64 /Users/runner/Library/Developer/Xcode/DerivedData/ModuleCache.noindex/Dispatch-DUVR2OTVRYC037CNRE6II4GNY.pcm

SwiftExplicitDependencyGeneratePcm arm64 /Users/runner/Library/Developer/Xcode/DerivedData/ModuleCache.noindex/CoreFoundation-9DR2Q8H3U186RZ580BJVU3O70.pcm

SwiftExplicitDependencyGeneratePcm arm64 /Users/runner/Library/Developer/Xcode/DerivedData/ModuleCache.noindex/XPC-8TO1KJNLLR6LO820J48QIMJU4.pcm

SwiftExplicitDependencyGeneratePcm arm64 /Users/runner/Library/Developer/Xcode/DerivedData/ModuleCache.noindex/dnssd-ENOAOW24RM779HUEVVAVECC3X.pcm

SwiftExplicitDependencyGeneratePcm arm64 /Users/runner/Library/Developer/Xcode/DerivedData/ModuleCache.noindex/Security-5XUAQK7VBDU1X4SKPR8PJS6QH.pcm

SwiftExplicitDependencyGeneratePcm arm64 /Users/runner/Library/Developer/Xcode/DerivedData/ModuleCache.noindex/CFNetwork-4UOIK5028KAN7Q8Y076ZUDYMB.pcm

SwiftExplicitDependencyGeneratePcm arm64 /Users/runner/Library/Developer/Xcode/DerivedData/ModuleCache.noindex/os-8RBHLU86HK0KJ848VCDJH62IH.pcm

SwiftExplicitDependencyGeneratePcm arm64 /Users/runner/Library/Developer/Xcode/DerivedData/ModuleCache.noindex/CoreGraphics-17XONOP6U10SWL9IVBVYY65CS.pcm

SwiftExplicitDependencyGeneratePcm arm64 /Users/runner/Library/Developer/Xcode/DerivedData/ModuleCache.noindex/Foundation-9PFEAT7JAOD51MPKB0F9Z5KCF.pcm

SwiftExplicitDependencyGeneratePcm arm64 /Users/runner/Library/Developer/Xcode/DerivedData/ModuleCache.noindex/CoreAudioTypes-9GD6CCUO0CV9J8XB83M03AHBQ.pcm

SwiftExplicitDependencyGeneratePcm arm64 /Users/runner/Library/Developer/Xcode/DerivedData/ModuleCache.noindex/CoreText-AHV2MNP8KH5HHMCJ6DHNL3VTF.pcm

SwiftExplicitDependencyGeneratePcm arm64 /Users/runner/Library/Developer/Xcode/DerivedData/ModuleCache.noindex/ImageIO-7OPD7WHSN743XN01WY7DG9EU3.pcm

SwiftExplicitDependencyGeneratePcm arm64 /Users/runner/Library/Developer/Xcode/DerivedData/ModuleCache.noindex/CoreAudio-6GDUZVPG79QFNMC9I0PLXBM4T.pcm

SwiftExplicitDependencyGeneratePcm arm64 /Users/runner/Library/Developer/Xcode/DerivedData/ModuleCache.noindex/CoreData-631OX48XW1PB8P50U0PBJH4GZ.pcm

SwiftExplicitDependencyGeneratePcm arm64 /Users/runner/Library/Developer/Xcode/DerivedData/ModuleCache.noindex/UniformTypeIdentifiers-DDGLRV6HLNJZ1RCIBZ0HQQ34P.pcm

SwiftExplicitDependencyGeneratePcm arm64 /Users/runner/Library/Developer/Xcode/DerivedData/ModuleCache.noindex/Network-1KLMR386TJ03JZJMBGKUJMHJ7.pcm

SwiftExplicitDependencyGeneratePcm arm64 /Users/runner/Library/Developer/Xcode/DerivedData/ModuleCache.noindex/CoreMIDI-DZU3JVD1XI484Y6XO0WFC969K.pcm

SwiftExplicitDependencyGeneratePcm arm64 /Users/runner/Library/Developer/Xcode/DerivedData/ModuleCache.noindex/DataDetection-4GEOMCRCQ37HCQS5BGMAE1UVW.pcm

SwiftExplicitDependencyGeneratePcm arm64 /Users/runner/Library/Developer/Xcode/DerivedData/ModuleCache.noindex/AVRouting-E9ROLP7IZSNJ8U23R296H3ZE2.pcm

SwiftExplicitDependencyGeneratePcm arm64 /Users/runner/Library/Developer/Xcode/DerivedData/ModuleCache.noindex/CoreTransferable-36RYG7CUQ3BQ3M5LT51N15Y24.pcm

SwiftExplicitDependencyGeneratePcm arm64 /Users/runner/Library/Developer/Xcode/DerivedData/ModuleCache.noindex/Symbols-6UMQFNDYEQ5Z34DIXAAFBE4AQ.pcm

SwiftExplicitDependencyGeneratePcm arm64 /Users/runner/Library/Developer/Xcode/DerivedData/ModuleCache.noindex/AudioToolbox-2STXQHA5B6DPEBVC8PIT3NQYG.pcm

SwiftExplicitDependencyGeneratePcm arm64 /Users/runner/Library/Developer/Xcode/DerivedData/ModuleCache.noindex/AppTrackingTransparency-6V616RH7RP0VGJSCSYCP3MBPN.pcm

SwiftExplicitDependencyGeneratePcm arm64 /Users/runner/Library/Developer/Xcode/DerivedData/ModuleCache.noindex/Accessibility-1ES3RENUUD2Z5VPOUZLSWZKIW.pcm

SwiftExplicitDependencyGeneratePcm arm64 /Users/runner/Library/Developer/Xcode/DerivedData/ModuleCache.noindex/LocalAuthentication-B96FLNGGYONCUTFRZKAGUIQBN.pcm

SwiftExplicitDependencyGeneratePcm arm64 /Users/runner/Library/Developer/Xcode/DerivedData/ModuleCache.noindex/FileProvider-4MELQAHOVJ8VX5XIIP9QJFDG2.pcm

SwiftExplicitDependencyGeneratePcm arm64 /Users/runner/Library/Developer/Xcode/DerivedData/ModuleCache.noindex/UIUtilities-2SA7X6QPHW2SYMOW049KHIKZX.pcm

SwiftExplicitDependencyGeneratePcm arm64 /Users/runner/Library/Developer/Xcode/DerivedData/ModuleCache.noindex/UserNotifications-AD9WKJQ1LNVCF7K8IXTCPVWPT.pcm

SwiftExplicitDependencyGeneratePcm arm64 /Users/runner/Library/Developer/Xcode/DerivedData/ModuleCache.noindex/IOSurface-NIJCMHTL7RQQ7H22MHGIH668.pcm

SwiftExplicitDependencyGeneratePcm arm64 /Users/runner/Library/Developer/Xcode/DerivedData/ModuleCache.noindex/ModelIO-4EMT2CEM0FUPQJ2RAEBT7RPB4.pcm

SwiftExplicitDependencyGeneratePcm arm64 /Users/runner/Library/Developer/Xcode/DerivedData/ModuleCache.noindex/OSLog-IFF232TGPWGV19HWVY2Z1LP7.pcm

SwiftExplicitDependencyGeneratePcm arm64 /Users/runner/Library/Developer/Xcode/DerivedData/ModuleCache.noindex/Metal-2TV4A04UPMQRLZA0MEV4DSRJ3.pcm

SwiftExplicitDependencyGeneratePcm arm64 /Users/runner/Library/Developer/Xcode/DerivedData/ModuleCache.noindex/OpenGLES-B4B947OJV4FFYN08HPWJDVKS0.pcm

SwiftExplicitDependencyGeneratePcm arm64 /Users/runner/Library/Developer/Xcode/DerivedData/ModuleCache.noindex/CoreVideo-8EJEB1ZAMNBK9WOWQF1PCTJRU.pcm

SwiftExplicitDependencyGeneratePcm arm64 /Users/runner/Library/Developer/Xcode/DerivedData/ModuleCache.noindex/CoreMedia-66VWX26A0EUKV1YH0URQ28UTA.pcm

SwiftExplicitDependencyGeneratePcm arm64 /Users/runner/Library/Developer/Xcode/DerivedData/ModuleCache.noindex/QuartzCore-28UPFOCV9SJWC0NGU6DSY8X7S.pcm

SwiftExplicitDependencyGeneratePcm arm64 /Users/runner/Library/Developer/Xcode/DerivedData/ModuleCache.noindex/CoreImage-41X4TSQYTL5Z0LXZVQ4BE9KJJ.pcm

SwiftExplicitDependencyGeneratePcm arm64 /Users/runner/Library/Developer/Xcode/DerivedData/ModuleCache.noindex/SwiftUICore-7CNG9E9BUQGJCB2ABVI826VQB.pcm

SwiftExplicitDependencyGeneratePcm arm64 /Users/runner/Library/Developer/Xcode/DerivedData/ModuleCache.noindex/MediaToolbox-177ISBO65K10CFJVDCMUXUBRB.pcm

SwiftExplicitDependencyGeneratePcm arm64 /Users/runner/Library/Developer/Xcode/DerivedData/ModuleCache.noindex/AVFAudio-8YOBCRGA6D5C546PMXWSIQB0Y.pcm

SwiftExplicitDependencyGeneratePcm arm64 /Users/runner/Library/Developer/Xcode/DerivedData/ModuleCache.noindex/UIKit-7L9GZOZYGXNDQERTWU5WGJSWK.pcm

SwiftExplicitDependencyGeneratePcm arm64 /Users/runner/Library/Developer/Xcode/DerivedData/ModuleCache.noindex/AVFoundation-6WABVJ9YYKNAD1HLY10NQVHL0.pcm

SwiftExplicitDependencyGeneratePcm arm64 /Users/runner/Library/Developer/Xcode/DerivedData/ModuleCache.noindex/GLKit-4BGASHK22VHR8YO7UP7JOLISJ.pcm

SwiftExplicitDependencyGeneratePcm arm64 /Users/runner/Library/Developer/Xcode/DerivedData/ModuleCache.noindex/WebKit-7U3JZ7R9XCZ73CX3O6HBO7KB7.pcm

SwiftExplicitDependencyGeneratePcm arm64 /Users/runner/Library/Developer/Xcode/DerivedData/ModuleCache.noindex/SwiftUI-99TSJJW83RSMIK1O5GQJXDY17.pcm

SwiftExplicitDependencyGeneratePcm arm64 /Users/runner/Library/Developer/Xcode/DerivedData/ModuleCache.noindex/SpriteKit-21HDET0V84SLRRREO6OUDUJV4.pcm

SwiftExplicitDependencyGeneratePcm arm64 /Users/runner/Library/Developer/Xcode/DerivedData/FateLost-dsbvaqyopcoialazinyzimxmscaj/Build/Intermediates.noindex/ArchiveIntermediates/FateLost/IntermediateBuildFilesPath/SwiftExplicitPrecompiledModules/GoogleMobileAds-9CXQQ272WOJS749Y4O3VJ4V8K.pcm

SwiftExplicitDependencyGeneratePcm arm64 /Users/runner/Library/Developer/Xcode/DerivedData/FateLost-dsbvaqyopcoialazinyzimxmscaj/Build/Intermediates.noindex/ArchiveIntermediates/FateLost/IntermediateBuildFilesPath/SwiftExplicitPrecompiledModules/UserMessagingPlatform-1JZ6G47KXAH7QDSP9M9Y7AQKX.pcm

SwiftCompile normal arm64 Compiling\ RewardedAds.swift,\ AppRouter.swift,\ AppServices.swift,\ FateLostApp.swift,\ RootView.swift,\ RGBA.swift,\ SpriteID.swift,\ AudioManager.swift,\ HapticsService.swift,\ MusicDirector.swift,\ CGPoint+Vector.swift,\ SeededRandom.swift,\ VersionedFileStore.swift,\ GameSettings.swift,\ FixedTimestep.swift,\ CommonRelics.swift,\ EpicRelics.swift,\ RareRelics.swift,\ RelicCatalog.swift,\ RelicContent.swift,\ UncommonRelics.swift,\ BardSkills.swift,\ ClericSkills.swift,\ DruidSkills.swift,\ FormCatalog.swift,\ MonkSkills.swift,\ OrderContent.swift,\ OrderSkills.swift,\ PaladinSkills.swift,\ RangerSkills.swift,\ RogueSkills.swift,\ SkillCatalog.swift,\ SkillContent.swift,\ SorcererSkills.swift,\ SummonCatalog.swift,\ WarlockSkills.swift,\ WarriorSkills.swift,\ WizardSkills.swift,\ ArenaThemes.swift,\ EnemyCatalog.swift,\ LegacyTree.swift,\ RealmCatalog.swift,\ StarterWeapons.swift,\ DeveloperOptions.swift,\ DeveloperPanelView.swift,\ PerformanceOverlayNode.swift,\ Boons.swift,\ CombatEntities.swift,\ CombatEvent.swift,\ CombatState.swift,\ CombatState+Damage.swift,\ DamageType.swift,\ Darkness.swift,\ Hazard.swift,\ PartyTypes.swift,\ Projectile.swift,\ Rift.swift,\ FateTuning.swift,\ GameTuning.swift,\ DifficultyModifier.swift,\ EnemyDefinition.swift,\ EnemyFamily.swift,\ EnemyStore.swift,\ EnemyStrain.swift,\ PlayerState.swift,\ CompanionAppearance.swift,\ CompanionUnlocks.swift,\ HeroAppearance.swift,\ HeroUnlocks.swift,\ HUDLayout.swift,\ JoystickModel.swift,\ WeaponDefinition.swift,\ WeaponFind.swift,\ ItemRarity.swift,\ CodexRewards.swift,\ LegacyNode.swift,\ LegacyProfile.swift,\ WeaponMastery.swift,\ Relic.swift,\ RelicRoller.swift,\ GameSimulation.swift,\ GameSimulation+Mirror.swift,\ GameSimulation+Party.swift,\ GameSimulation+Rift.swift,\ GameSimulation+SecondChance.swift,\ Archetype.swift,\ Conditions.swift,\ EffectAction.swift,\ HybridOrder.swift,\ RankValue.swift,\ SkillDefinition.swift,\ StatusKind.swift,\ ActionExecutor.swift,\ CompiledBuild.swift,\ SkillAllocation.swift,\ StatID.swift,\ StatSheet.swift,\ AllySystem.swift,\ BossSystem.swift,\ DropTable.swift,\ EliteSystem.swift,\ EnemyAISystem.swift,\ MovementSystem.swift,\ PickupSystem.swift,\ ProjectileSystem.swift,\ ShrineSystem.swift,\ SpawnSystem.swift,\ StatusSystem.swift,\ WaveSystem.swift,\ WeaponSystem.swift,\ ZoneSystem.swift,\ ArenaGenerator.swift,\ ArenaLayout.swift,\ ArenaTheme.swift,\ Decorations.swift,\ RealmDefinition.swift,\ RealmProgress.swift,\ WavePlan.swift,\ IsometricProjection.swift,\ ToroidalSpatialGrid.swift,\ ToroidalWorld.swift,\ WrappedRenderFrame.swift,\ HostInput.swift,\ MovementSmoothing.swift,\ MultiplayerHub.swift,\ MultiplayerIdentity.swift,\ NetCodec.swift,\ NetEvents.swift,\ NetHeroState.swift,\ NetSnapshot.swift,\ PartyAPI.swift,\ PartyClient.swift,\ PartyColors.swift,\ PartyLoadouts.swift,\ PartyProtocol.swift,\ PartyReport.swift,\ PartyRunController.swift,\ PartySocket.swift,\ NodePool.swift,\ PlaceholderArt.swift,\ PlaceholderArt+Allies.swift,\ PlaceholderArt+Bestiary.swift,\ PlaceholderArt+Creatures.swift,\ PlaceholderArt+Drawing.swift,\ PlaceholderArt+Effects.swift,\ PlaceholderArt+HeroFigure.swift,\ PlaceholderArt+HeroLayers.swift,\ PlaceholderArt+Loot.swift,\ PlaceholderArt+Props.swift,\ PlaceholderArt+Weapons.swift,\ RealmMapImage.swift,\ RGBA+Platform.swift,\ SpriteCatalog.swift,\ CameraController.swift,\ ChargeLaneRenderer.swift,\ CombatFeedback.swift,\ DarknessRenderer.swift,\ EffectsRenderer.swift,\ HazardRenderer.swift,\ VisualStyle+Presentation.swift,\ ZoneRenderer.swift,\ AllyRenderer.swift,\ CapeSway.swift,\ DropRenderer.swift,\ EnemyRenderer.swift,\ PartyRenderer.swift,\ PickupRenderer.swift,\ PlayerView.swift,\ PortalRenderer.swift,\ ProjectileRenderer.swift,\ ShrineRenderer.swift,\ AbilityButtonNode.swift,\ BeaconLayer.swift,\ GameHUDNode.swift,\ VirtualJoystickNode.swift,\ AtmosphereRenderer.swift,\ DecorationRenderer.swift,\ WrappingGroundRenderer.swift,\ GameScene.swift,\ GameSession.swift,\ GameViewContainer.swift,\ EmberBackground.swift,\ LegacyGlyph.swift,\ LegacyGlyphData.swift,\ WeaponIcon.swift,\ MultiplayerViews.swift,\ PartyResultsView.swift,\ PartyRunViews.swift,\ SkillDetailPanel.swift,\ SkillTreeCanvas.swift,\ SkillTreeView.swift,\ TreeBoard.swift,\ AdRewardViews.swift,\ ArmouryView.swift,\ CharacterView.swift,\ DifficultyModifiersView.swift,\ FateViews.swift,\ GameplayScreen.swift,\ LaunchView.swift,\ LegacyTotalsView.swift,\ LegacyView.swift,\ MainMenuView.swift,\ RealmSelectView.swift,\ RelicCodex.swift,\ RelicOfferView.swift,\ RunSummaryView.swift,\ SettingsView.swift,\ StatisticsView.swift,\ WeaponSelectView.swift,\ FLTheme.swift,\ GeneratedAssetSymbols.swift /Users/runner/work/FateLost/FateLost/FateLost/App/Ads/RewardedAds.swift /Users/runner/work/FateLost/FateLost/FateLost/App/AppRouter.swift /Users/runner/work/FateLost/FateLost/FateLost/App/AppServices.swift /Users/runner/work/FateLost/FateLost/FateLost/App/FateLostApp.swift /Users/runner/work/FateLost/FateLost/FateLost/App/RootView.swift /Users/runner/work/FateLost/FateLost/FateLost/Core/Data/RGBA.swift /Users/runner/work/FateLost/FateLost/FateLost/Core/Data/SpriteID.swift /Users/runner/work/FateLost/FateLost/FateLost/Core/Feedback/AudioManager.swift /Users/runner/work/FateLost/FateLost/FateLost/Core/Feedback/HapticsService.swift /Users/runner/work/FateLost/FateLost/FateLost/Core/Feedback/MusicDirector.swift /Users/runner/work/FateLost/FateLost/FateLost/Core/Math/CGPoint+Vector.swift /Users/runner/work/FateLost/FateLost/FateLost/Core/Math/SeededRandom.swift /Users/runner/work/FateLost/FateLost/FateLost/Core/Persistence/VersionedFileStore.swift /Users/runner/work/FateLost/FateLost/FateLost/Core/Settings/GameSettings.swift /Users/runner/work/FateLost/FateLost/FateLost/Core/Time/FixedTimestep.swift /Users/runner/work/FateLost/FateLost/FateLost/Data/Relics/CommonRelics.swift /Users/runner/work/FateLost/FateLost/FateLost/Data/Relics/EpicRelics.swift /Users/runner/work/FateLost/FateLost/FateLost/Data/Relics/RareRelics.swift /Users/runner/work/FateLost/FateLost/FateLost/Data/Relics/RelicCatalog.swift /Users/runner/work/FateLost/FateLost/FateLost/Data/Relics/RelicContent.swift /Users/runner/work/FateLost/FateLost/FateLost/Data/Relics/UncommonRelics.swift /Users/runner/work/FateLost/FateLost/FateLost/Data/Skills/BardSkills.swift /Users/runner/work/FateLost/FateLost/FateLost/Data/Skills/ClericSkills.swift /Users/runner/work/FateLost/FateLost/FateLost/Data/Skills/DruidSkills.swift /Users/runner/work/FateLost/FateLost/FateLost/Data/Skills/FormCatalog.swift /Users/runner/work/FateLost/FateLost/FateLost/Data/Skills/MonkSkills.swift /Users/runner/work/FateLost/FateLost/FateLost/Data/Skills/OrderContent.swift /Users/runner/work/FateLost/FateLost/FateLost/Data/Skills/OrderSkills.swift /Users/runner/work/FateLost/FateLost/FateLost/Data/Skills/PaladinSkills.swift /Users/runner/work/FateLost/FateLost/FateLost/Data/Skills/RangerSkills.swift /Users/runner/work/FateLost/FateLost/FateLost/Data/Skills/RogueSkills.swift /Users/runner/work/FateLost/FateLost/FateLost/Data/Skills/SkillCatalog.swift /Users/runner/work/FateLost/FateLost/FateLost/Data/Skills/SkillContent.swift /Users/runner/work/FateLost/FateLost/FateLost/Data/Skills/SorcererSkills.swift /Users/runner/work/FateLost/FateLost/FateLost/Data/Skills/SummonCatalog.swift /Users/runner/work/FateLost/FateLost/FateLost/Data/Skills/WarlockSkills.swift /Users/runner/work/FateLost/FateLost/FateLost/Data/Skills/WarriorSkills.swift /Users/runner/work/FateLost/FateLost/FateLost/Data/Skills/WizardSkills.swift /Users/runner/work/FateLost/FateLost/FateLost/Data/ArenaThemes.swift /Users/runner/work/FateLost/FateLost/FateLost/Data/EnemyCatalog.swift /Users/runner/work/FateLost/FateLost/FateLost/Data/LegacyTree.swift /Users/runner/work/FateLost/FateLost/FateLost/Data/RealmCatalog.swift /Users/runner/work/FateLost/FateLost/FateLost/Data/StarterWeapons.swift /Users/runner/work/FateLost/FateLost/FateLost/Debug/DeveloperOptions.swift /Users/runner/work/FateLost/FateLost/FateLost/Debug/DeveloperPanelView.swift /Users/runner/work/FateLost/FateLost/FateLost/Debug/PerformanceOverlayNode.swift /Users/runner/work/FateLost/FateLost/FateLost/Game/Boons/Boons.swift /Users/runner/work/FateLost/FateLost/FateLost/Game/Combat/CombatEntities.swift /Users/runner/work/FateLost/FateLost/FateLost/Game/Combat/CombatEvent.swift /Users/runner/work/FateLost/FateLost/FateLost/Game/Combat/CombatState.swift /Users/runner/work/FateLost/FateLost/FateLost/Game/Combat/CombatState+Damage.swift /Users/runner/work/FateLost/FateLost/FateLost/Game/Combat/DamageType.swift /Users/runner/work/FateLost/FateLost/FateLost/Game/Combat/Darkness.swift /Users/runner/work/FateLost/FateLost/FateLost/Game/Combat/Hazard.swift /Users/runner/work/FateLost/FateLost/FateLost/Game/Combat/PartyTypes.swift /Users/runner/work/FateLost/FateLost/FateLost/Game/Combat/Projectile.swift /Users/runner/work/FateLost/FateLost/FateLost/Game/Combat/Rift.swift /Users/runner/work/FateLost/FateLost/FateLost/Game/Config/FateTuning.swift /Users/runner/work/FateLost/FateLost/FateLost/Game/Config/GameTuning.swift /Users/runner/work/FateLost/FateLost/FateLost/Game/Difficulty/DifficultyModifier.swift /Users/runner/work/FateLost/FateLost/FateLost/Game/Entities/Enemies/EnemyDefinition.swift /Users/runner/work/FateLost/FateLost/FateLost/Game/Entities/Enemies/EnemyFamily.swift /Users/runner/work/FateLost/FateLost/FateLost/Game/Entities/Enemies/EnemyStore.swift /Users/runner/work/FateLost/FateLost/FateLost/Game/Entities/Enemies/EnemyStrain.swift /Users/runner/work/FateLost/FateLost/FateLost/Game/Entities/Player/PlayerState.swift /Users/runner/work/FateLost/FateLost/FateLost/Game/Hero/CompanionAppearance.swift /Users/runner/work/FateLost/FateLost/FateLost/Game/Hero/CompanionUnlocks.swift /Users/runner/work/FateLost/FateLost/FateLost/Game/Hero/HeroAppearance.swift /Users/runner/work/FateLost/FateLost/FateLost/Game/Hero/HeroUnlocks.swift /Users/runner/work/FateLost/FateLost/FateLost/Game/Input/HUDLayout.swift /Users/runner/work/FateLost/FateLost/FateLost/Game/Input/JoystickModel.swift /Users/runner/work/FateLost/FateLost/FateLost/Game/Items/Weapons/WeaponDefinition.swift /Users/runner/work/FateLost/FateLost/FateLost/Game/Items/Weapons/WeaponFind.swift /Users/runner/work/FateLost/FateLost/FateLost/Game/Items/ItemRarity.swift /Users/runner/work/FateLost/FateLost/FateLost/Game/Legacy/CodexRewards.swift /Users/runner/work/FateLost/FateLost/FateLost/Game/Legacy/LegacyNode.swift /Users/runner/work/FateLost/FateLost/FateLost/Game/Legacy/LegacyProfile.swift /Users/runner/work/FateLost/FateLost/FateLost/Game/Legacy/WeaponMastery.swift /Users/runner/work/FateLost/FateLost/FateLost/Game/Relics/Relic.swift /Users/runner/work/FateLost/FateLost/FateLost/Game/Relics/RelicRoller.swift /Users/runner/work/FateLost/FateLost/FateLost/Game/Simulation/GameSimulation.swift /Users/runner/work/FateLost/FateLost/FateLost/Game/Simulation/GameSimulation+Mirror.swift /Users/runner/work/FateLost/FateLost/FateLost/Game/Simulation/GameSimulation+Party.swift /Users/runner/work/FateLost/FateLost/FateLost/Game/Simulation/GameSimulation+Rift.swift /Users/runner/work/FateLost/FateLost/FateLost/Game/Simulation/GameSimulation+SecondChance.swift /Users/runner/work/FateLost/FateLost/FateLost/Game/Skills/Model/Archetype.swift /Users/runner/work/FateLost/FateLost/FateLost/Game/Skills/Model/Conditions.swift /Users/runner/work/FateLost/FateLost/FateLost/Game/Skills/Model/EffectAction.swift /Users/runner/work/FateLost/FateLost/FateLost/Game/Skills/Model/HybridOrder.swift /Users/runner/work/FateLost/FateLost/FateLost/Game/Skills/Model/RankValue.swift /Users/runner/work/FateLost/FateLost/FateLost/Game/Skills/Model/SkillDefinition.swift /Users/runner/work/FateLost/FateLost/FateLost/Game/Skills/Model/StatusKind.swift /Users/runner/work/FateLost/FateLost/FateLost/Game/Skills/Runtime/ActionExecutor.swift /Users/runner/work/FateLost/FateLost/FateLost/Game/Skills/Runtime/CompiledBuild.swift /Users/runner/work/FateLost/FateLost/FateLost/Game/Skills/SkillAllocation.swift /Users/runner/work/FateLost/FateLost/FateLost/Game/Stats/StatID.swift /Users/runner/work/FateLost/FateLost/FateLost/Game/Stats/StatSheet.swift /Users/runner/work/FateLost/FateLost/FateLost/Game/Systems/AllySystem.swift /Users/runner/work/FateLost/FateLost/FateLost/Game/Systems/BossSystem.swift /Users/runner/work/FateLost/FateLost/FateLost/Game/Systems/DropTable.swift /Users/runner/work/FateLost/FateLost/FateLost/Game/Systems/EliteSystem.swift /Users/runner/work/FateLost/FateLost/FateLost/Game/Systems/EnemyAISystem.swift /Users/runner/work/FateLost/FateLost/FateLost/Game/Systems/MovementSystem.swift /Users/runner/work/FateLost/FateLost/FateLost/Game/Systems/PickupSystem.swift /Users/runner/work/FateLost/FateLost/FateLost/Game/Systems/ProjectileSystem.swift /Users/runner/work/FateLost/FateLost/FateLost/Game/Systems/ShrineSystem.swift /Users/runner/work/FateLost/FateLost/FateLost/Game/Systems/SpawnSystem.swift /Users/runner/work/FateLost/FateLost/FateLost/Game/Systems/StatusSystem.swift /Users/runner/work/FateLost/FateLost/FateLost/Game/Systems/WaveSystem.swift /Users/runner/work/FateLost/FateLost/FateLost/Game/Systems/WeaponSystem.swift /Users/runner/work/FateLost/FateLost/FateLost/Game/Systems/ZoneSystem.swift /Users/runner/work/FateLost/FateLost/FateLost/Game/World/Arena/ArenaGenerator.swift /Users/runner/work/FateLost/FateLost/FateLost/Game/World/Arena/ArenaLayout.swift /Users/runner/work/FateLost/FateLost/FateLost/Game/World/Arena/ArenaTheme.swift /Users/runner/work/FateLost/FateLost/FateLost/Game/World/Arena/Decorations.swift /Users/runner/work/FateLost/FateLost/FateLost/Game/World/Realms/RealmDefinition.swift /Users/runner/work/FateLost/FateLost/FateLost/Game/World/Realms/RealmProgress.swift /Users/runner/work/FateLost/FateLost/FateLost/Game/World/Realms/WavePlan.swift /Users/runner/work/FateLost/FateLost/FateLost/Game/World/IsometricProjection.swift /Users/runner/work/FateLost/FateLost/FateLost/Game/World/ToroidalSpatialGrid.swift /Users/runner/work/FateLost/FateLost/FateLost/Game/World/ToroidalWorld.swift /Users/runner/work/FateLost/FateLost/FateLost/Game/World/WrappedRenderFrame.swift /Users/runner/work/FateLost/FateLost/FateLost/Multiplayer/HostInput.swift /Users/runner/work/FateLost/FateLost/FateLost/Multiplayer/MovementSmoothing.swift /Users/runner/work/FateLost/FateLost/FateLost/Multiplayer/MultiplayerHub.swift /Users/runner/work/FateLost/FateLost/FateLost/Multiplayer/MultiplayerIdentity.swift /Users/runner/work/FateLost/FateLost/FateLost/Multiplayer/NetCodec.swift /Users/runner/work/FateLost/FateLost/FateLost/Multiplayer/NetEvents.swift /Users/runner/work/FateLost/FateLost/FateLost/Multiplayer/NetHeroState.swift /Users/runner/work/FateLost/FateLost/FateLost/Multiplayer/NetSnapshot.swift /Users/runner/work/FateLost/FateLost/FateLost/Multiplayer/PartyAPI.swift /Users/runner/work/FateLost/FateLost/FateLost/Multiplayer/PartyClient.swift /Users/runner/work/FateLost/FateLost/FateLost/Multiplayer/PartyColors.swift /Users/runner/work/FateLost/FateLost/FateLost/Multiplayer/PartyLoadouts.swift /Users/runner/work/FateLost/FateLost/FateLost/Multiplayer/PartyProtocol.swift /Users/runner/work/FateLost/FateLost/FateLost/Multiplayer/PartyReport.swift /Users/runner/work/FateLost/FateLost/FateLost/Multiplayer/PartyRunController.swift /Users/runner/work/FateLost/FateLost/FateLost/Multiplayer/PartySocket.swift /Users/runner/work/FateLost/FateLost/FateLost/Rendering/NodePool.swift /Users/runner/work/FateLost/FateLost/FateLost/Rendering/PlaceholderArt.swift /Users/runner/work/FateLost/FateLost/FateLost/Rendering/PlaceholderArt+Allies.swift /Users/runner/work/FateLost/FateLost/FateLost/Rendering/PlaceholderArt+Bestiary.swift /Users/runner/work/FateLost/FateLost/FateLost/Rendering/PlaceholderArt+Creatures.swift /Users/runner/work/FateLost/FateLost/FateLost/Rendering/PlaceholderArt+Drawing.swift /Users/runner/work/FateLost/FateLost/FateLost/Rendering/PlaceholderArt+Effects.swift /Users/runner/work/FateLost/FateLost/FateLost/Rendering/PlaceholderArt+HeroFigure.swift /Users/runner/work/FateLost/FateLost/FateLost/Rendering/PlaceholderArt+HeroLayers.swift /Users/runner/work/FateLost/FateLost/FateLost/Rendering/PlaceholderArt+Loot.swift /Users/runner/work/FateLost/FateLost/FateLost/Rendering/PlaceholderArt+Props.swift /Users/runner/work/FateLost/FateLost/FateLost/Rendering/PlaceholderArt+Weapons.swift /Users/runner/work/FateLost/FateLost/FateLost/Rendering/RealmMapImage.swift /Users/runner/work/FateLost/FateLost/FateLost/Rendering/RGBA+Platform.swift /Users/runner/work/FateLost/FateLost/FateLost/Rendering/SpriteCatalog.swift /Users/runner/work/FateLost/FateLost/FateLost/Scenes/Gameplay/Camera/CameraController.swift /Users/runner/work/FateLost/FateLost/FateLost/Scenes/Gameplay/Effects/ChargeLaneRenderer.swift /Users/runner/work/FateLost/FateLost/FateLost/Scenes/Gameplay/Effects/CombatFeedback.swift /Users/runner/work/FateLost/FateLost/FateLost/Scenes/Gameplay/Effects/DarknessRenderer.swift /Users/runner/work/FateLost/FateLost/FateLost/Scenes/Gameplay/Effects/EffectsRenderer.swift /Users/runner/work/FateLost/FateLost/FateLost/Scenes/Gameplay/Effects/HazardRenderer.swift /Users/runner/work/FateLost/FateLost/FateLost/Scenes/Gameplay/Effects/VisualStyle+Presentation.swift /Users/runner/work/FateLost/FateLost/FateLost/Scenes/Gameplay/Effects/ZoneRenderer.swift /Users/runner/work/FateLost/FateLost/FateLost/Scenes/Gameplay/Entities/AllyRenderer.swift /Users/runner/work/FateLost/FateLost/FateLost/Scenes/Gameplay/Entities/CapeSway.swift /Users/runner/work/FateLost/FateLost/FateLost/Scenes/Gameplay/Entities/DropRenderer.swift /Users/runner/work/FateLost/FateLost/FateLost/Scenes/Gameplay/Entities/EnemyRenderer.swift /Users/runner/work/FateLost/FateLost/FateLost/Scenes/Gameplay/Entities/PartyRenderer.swift /Users/runner/work/FateLost/FateLost/FateLost/Scenes/Gameplay/Entities/PickupRenderer.swift /Users/runner/work/FateLost/FateLost/FateLost/Scenes/Gameplay/Entities/PlayerView.swift /Users/runner/work/FateLost/FateLost/FateLost/Scenes/Gameplay/Entities/PortalRenderer.swift /Users/runner/work/FateLost/FateLost/FateLost/Scenes/Gameplay/Entities/ProjectileRenderer.swift /Users/runner/work/FateLost/FateLost/FateLost/Scenes/Gameplay/Entities/ShrineRenderer.swift /Users/runner/work/FateLost/FateLost/FateLost/Scenes/Gameplay/HUD/AbilityButtonNode.swift /Users/runner/work/FateLost/FateLost/FateLost/Scenes/Gameplay/HUD/BeaconLayer.swift /Users/runner/work/FateLost/FateLost/FateLost/Scenes/Gameplay/HUD/GameHUDNode.swift /Users/runner/work/FateLost/FateLost/FateLost/Scenes/Gameplay/HUD/VirtualJoystickNode.swift /Users/runner/work/FateLost/FateLost/FateLost/Scenes/Gameplay/World/AtmosphereRenderer.swift /Users/runner/work/FateLost/FateLost/FateLost/Scenes/Gameplay/World/DecorationRenderer.swift /Users/runner/work/FateLost/FateLost/FateLost/Scenes/Gameplay/World/WrappingGroundRenderer.swift /Users/runner/work/FateLost/FateLost/FateLost/Scenes/Gameplay/GameScene.swift /Users/runner/work/FateLost/FateLost/FateLost/Scenes/Gameplay/GameSession.swift /Users/runner/work/FateLost/FateLost/FateLost/Scenes/Gameplay/GameViewContainer.swift /Users/runner/work/FateLost/FateLost/FateLost/UI/Components/EmberBackground.swift /Users/runner/work/FateLost/FateLost/FateLost/UI/Components/LegacyGlyph.swift /Users/runner/work/FateLost/FateLost/FateLost/UI/Components/LegacyGlyphData.swift /Users/runner/work/FateLost/FateLost/FateLost/UI/Components/WeaponIcon.swift /Users/runner/work/FateLost/FateLost/FateLost/UI/Screens/Multiplayer/MultiplayerViews.swift /Users/runner/work/FateLost/FateLost/FateLost/UI/Screens/Multiplayer/PartyResultsView.swift /Users/runner/work/FateLost/FateLost/FateLost/UI/Screens/Multiplayer/PartyRunViews.swift /Users/runner/work/FateLost/FateLost/FateLost/UI/Screens/SkillTree/SkillDetailPanel.swift /Users/runner/work/FateLost/FateLost/FateLost/UI/Screens/SkillTree/SkillTreeCanvas.swift /Users/runner/work/FateLost/FateLost/FateLost/UI/Screens/SkillTree/SkillTreeView.swift /Users/runner/work/FateLost/FateLost/FateLost/UI/Screens/SkillTree/TreeBoard.swift /Users/runner/work/FateLost/FateLost/FateLost/UI/Screens/AdRewardViews.swift /Users/runner/work/FateLost/FateLost/FateLost/UI/Screens/ArmouryView.swift /Users/runner/work/FateLost/FateLost/FateLost/UI/Screens/CharacterView.swift /Users/runner/work/FateLost/FateLost/FateLost/UI/Screens/DifficultyModifiersView.swift /Users/runner/work/FateLost/FateLost/FateLost/UI/Screens/FateViews.swift /Users/runner/work/FateLost/FateLost/FateLost/UI/Screens/GameplayScreen.swift /Users/runner/work/FateLost/FateLost/FateLost/UI/Screens/LaunchView.swift /Users/runner/work/FateLost/FateLost/FateLost/UI/Screens/LegacyTotalsView.swift /Users/runner/work/FateLost/FateLost/FateLost/UI/Screens/LegacyView.swift /Users/runner/work/FateLost/FateLost/FateLost/UI/Screens/MainMenuView.swift /Users/runner/work/FateLost/FateLost/FateLost/UI/Screens/RealmSelectView.swift /Users/runner/work/FateLost/FateLost/FateLost/UI/Screens/RelicCodex.swift /Users/runner/work/FateLost/FateLost/FateLost/UI/Screens/RelicOfferView.swift /Users/runner/work/FateLost/FateLost/FateLost/UI/Screens/RunSummaryView.swift /Users/runner/work/FateLost/FateLost/FateLost/UI/Screens/SettingsView.swift /Users/runner/work/FateLost/FateLost/FateLost/UI/Screens/StatisticsView.swift /Users/runner/work/FateLost/FateLost/FateLost/UI/Screens/WeaponSelectView.swift /Users/runner/work/FateLost/FateLost/FateLost/UI/Theme/FLTheme.swift /Users/runner/Library/Developer/Xcode/DerivedData/FateLost-dsbvaqyopcoialazinyzimxmscaj/Build/Intermediates.noindex/ArchiveIntermediates/FateLost/IntermediateBuildFilesPath/FateLost.build/Release-iphoneos/FateLost.build/DerivedSources/GeneratedAssetSymbols.swift /Applications/Xcode_26.3.app/Contents/Developer/Toolchains/XcodeDefault.xctoolchain/usr/lib/swift/iphoneos/prebuilt-modules/26.2/Symbols.swiftmodule/arm64e-apple-ios.swiftmodule /Applications/Xcode_26.3.app/Contents/Developer/Toolchains/XcodeDefault.xctoolchain/usr/lib/swift/iphoneos/prebuilt-modules/26.2/SwiftUICore.swiftmodule/arm64e-apple-ios.swiftmodule /Applications/Xcode_26.3.app/Contents/Developer/Toolchains/XcodeDefault.xctoolchain/usr/lib/swift/iphoneos/prebuilt-modules/26.2/ModelIO.swiftmodule/arm64e-apple-ios.swiftmodule /Applications/Xcode_26.3.app/Contents/Developer/Toolchains/XcodeDefault.xctoolchain/usr/lib/swift/iphoneos/prebuilt-modules/26.2/CoreGraphics.swiftmodule/arm64e-apple-ios.swiftmodule /Applications/Xcode_26.3.app/Contents/Developer/Toolchains/XcodeDefault.xctoolchain/usr/lib/swift/iphoneos/prebuilt-modules/26.2/CoreData.swiftmodule/arm64e-apple-ios.swiftmodule /Applications/Xcode_26.3.app/Contents/Developer/Toolchains/XcodeDefault.xctoolchain/usr/lib/swift/iphoneos/prebuilt-modules/26.2/os.swiftmodule/arm64e-apple-ios.swiftmodule /Applications/Xcode_26.3.app/Contents/Developer/Toolchains/XcodeDefault.xctoolchain/usr/lib/swift/iphoneos/prebuilt-modules/26.2/AVFAudio.swiftmodule/arm64e-apple-ios.swiftmodule /Applications/Xcode_26.3.app/Contents/Developer/Toolchains/XcodeDefault.xctoolchain/usr/lib/swift/iphoneos/prebuilt-modules/26.2/Swift.swiftmodule/arm64e-apple-ios.swiftmodule /Applications/Xcode_26.3.app/Contents/Developer/Toolchains/XcodeDefault.xctoolchain/usr/lib/swift/iphoneos/prebuilt-modules/26.2/DataDetection.swiftmodule/arm64e-apple-ios.swiftmodule /Applications/Xcode_26.3.app/Contents/Developer/Toolchains/XcodeDefault.xctoolchain/usr/lib/swift/iphoneos/prebuilt-modules/26.2/DeveloperToolsSupport.swiftmodule/arm64e-apple-ios.swiftmodule /Applications/Xcode_26.3.app/Contents/Developer/Toolchains/XcodeDefault.xctoolchain/usr/lib/swift/iphoneos/prebuilt-modules/26.2/AVFoundation.swiftmodule/arm64e-apple-ios.swiftmodule /Applications/Xcode_26.3.app/Contents/Developer/Toolchains/XcodeDefault.xctoolchain/usr/lib/swift/iphoneos/prebuilt-modules/26.2/_Concurrency.swiftmodule/arm64e-apple-ios.swiftmodule /Applications/Xcode_26.3.app/Contents/Developer/Toolchains/XcodeDefault.xctoolchain/usr/lib/swift/iphoneos/prebuilt-modules/26.2/XPC.swiftmodule/arm64e-apple-ios.swiftmodule /Applications/Xcode_26.3.app/Contents/Developer/Toolchains/XcodeDefault.xctoolchain/usr/lib/swift/iphoneos/prebuilt-modules/26.2/OSLog.swiftmodule/arm64e-apple-ios.swiftmodule /Applications/Xcode_26.3.app/Contents/Developer/Toolchains/XcodeDefault.xctoolchain/usr/lib/swift/iphoneos/prebuilt-modules/26.2/FileProvider.swiftmodule/arm64e-apple-ios.swiftmodule /Applications/Xcode_26.3.app/Contents/Developer/Toolchains/XcodeDefault.xctoolchain/usr/lib/swift/iphoneos/prebuilt-modules/26.2/_DarwinFoundation2.swiftmodule/arm64e-apple-ios.swiftmodule /Applications/Xcode_26.3.app/Contents/Developer/Toolchains/XcodeDefault.xctoolchain/usr/lib/swift/iphoneos/prebuilt-modules/26.2/simd.swiftmodule/arm64e-apple-ios.swiftmodule /Applications/Xcode_26.3.app/Contents/Developer/Toolchains/XcodeDefault.xctoolchain/usr/lib/swift/iphoneos/prebuilt-modules/26.2/_StringProcessing.swiftmodule/arm64e-apple-ios.swiftmodule /Applications/Xcode_26.3.app/Contents/Developer/Toolchains/XcodeDefault.xctoolchain/usr/lib/swift/iphoneos/prebuilt-modules/26.2/_Builtin_float.swiftmodule/arm64e-apple-ios.swiftmodule /Applications/Xcode_26.3.app/Contents/Developer/Toolchains/XcodeDefault.xctoolchain/usr/lib/swift/iphoneos/prebuilt-modules/26.2/Metal.swiftmodule/arm64e-apple-ios.swiftmodule /Applications/Xcode_26.3.app/Contents/Developer/Toolchains/XcodeDefault.xctoolchain/usr/lib/swift/iphoneos/prebuilt-modules/26.2/Synchronization.swiftmodule/arm64e-apple-ios.swiftmodule /Applications/Xcode_26.3.app/Contents/Developer/Toolchains/XcodeDefault.xctoolchain/usr/lib/swift/iphoneos/prebuilt-modules/26.2/CoreText.swiftmodule/arm64e-apple-ios.swiftmodule /Applications/Xcode_26.3.app/Contents/Developer/Toolchains/XcodeDefault.xctoolchain/usr/lib/swift/iphoneos/prebuilt-modules/26.2/Darwin.swiftmodule/arm64e-apple-ios.swiftmodule /Applications/Xcode_26.3.app/Contents/Developer/Toolchains/XcodeDefault.xctoolchain/usr/lib/swift/iphoneos/prebuilt-modules/26.2/UIKit.swiftmodule/arm64e-apple-ios.swiftmodule /Applications/Xcode_26.3.app/Contents/Developer/Toolchains/XcodeDefault.xctoolchain/usr/lib/swift/iphoneos/prebuilt-modules/26.2/LocalAuthentication.swiftmodule/arm64e-apple-ios.swiftmodule /Applications/Xcode_26.3.app/Contents/Developer/Toolchains/XcodeDefault.xctoolchain/usr/lib/swift/iphoneos/prebuilt-modules/26.2/Accessibility.swiftmodule/arm64e-apple-ios.swiftmodule /Applications/Xcode_26.3.app/Contents/Developer/Toolchains/XcodeDefault.xctoolchain/usr/lib/swift/iphoneos/prebuilt-modules/26.2/Network.swiftmodule/arm64e-apple-ios.swiftmodule /Applications/Xcode_26.3.app/Contents/Developer/Toolchains/XcodeDefault.xctoolchain/usr/lib/swift/iphoneos/prebuilt-modules/26.2/Dispatch.swiftmodule/arm64e-apple-ios.swiftmodule /Applications/Xcode_26.3.app/Contents/Developer/Toolchains/XcodeDefault.xctoolchain/usr/lib/swift/iphoneos/prebuilt-modules/26.2/Distributed.swiftmodule/arm64e-apple-ios.swiftmodule /Applications/Xcode_26.3.app/Contents/Developer/Toolchains/XcodeDefault.xctoolchain/usr/lib/swift/iphoneos/prebuilt-modules/26.2/CoreAudio.swiftmodule/arm64e-apple-ios.swiftmodule /Applications/Xcode_26.3.app/Contents/Developer/Toolchains/XcodeDefault.xctoolchain/usr/lib/swift/iphoneos/prebuilt-modules/26.2/CoreMIDI.swiftmodule/arm64e-apple-ios.swiftmodule /Applications/Xcode_26.3.app/Contents/Developer/Toolchains/XcodeDefault.xctoolchain/usr/lib/swift/iphoneos/prebuilt-modules/26.2/SwiftUI.swiftmodule/arm64e-apple-ios.swiftmodule /Applications/Xcode_26.3.app/Contents/Developer/Toolchains/XcodeDefault.xctoolchain/usr/lib/swift/iphoneos/prebuilt-modules/26.2/CoreTransferable.swiftmodule/arm64e-apple-ios.swiftmodule /Applications/Xcode_26.3.app/Contents/Developer/Toolchains/XcodeDefault.xctoolchain/usr/lib/swift/iphoneos/prebuilt-modules/26.2/_DarwinFoundation1.swiftmodule/arm64e-apple-ios.swiftmodule /Applications/Xcode_26.3.app/Contents/Developer/Toolchains/XcodeDefault.xctoolchain/usr/lib/swift/iphoneos/prebuilt-modules/26.2/WebKit.swiftmodule/arm64e-apple-ios.swiftmodule /Applications/Xcode_26.3.app/Contents/Developer/Toolchains/XcodeDefault.xctoolchain/usr/lib/swift/iphoneos/prebuilt-modules/26.2/_DarwinFoundation3.swiftmodule/arm64e-apple-ios.swiftmodule /Applications/Xcode_26.3.app/Contents/Developer/Toolchains/XcodeDefault.xctoolchain/usr/lib/swift/iphoneos/prebuilt-modules/26.2/AudioToolbox.swiftmodule/arm64e-apple-ios.swiftmodule /Applications/Xcode_26.3.app/Contents/Developer/Toolchains/XcodeDefault.xctoolchain/usr/lib/swift/iphoneos/prebuilt-modules/26.2/CoreMedia.swiftmodule/arm64e-apple-ios.swiftmodule /Applications/Xcode_26.3.app/Contents/Developer/Toolchains/XcodeDefault.xctoolchain/usr/lib/swift/iphoneos/prebuilt-modules/26.2/Observation.swiftmodule/arm64e-apple-ios.swiftmodule /Applications/Xcode_26.3.app/Contents/Developer/Toolchains/XcodeDefault.xctoolchain/usr/lib/swift/iphoneos/prebuilt-modules/26.2/System.swiftmodule/arm64e-apple-ios.swiftmodule /Applications/Xcode_26.3.app/Contents/Developer/Toolchains/XcodeDefault.xctoolchain/usr/lib/swift/iphoneos/prebuilt-modules/26.2/CryptoKit.swiftmodule/arm64e-apple-ios.swiftmodule /Applications/Xcode_26.3.app/Contents/Developer/Toolchains/XcodeDefault.xctoolchain/usr/lib/swift/iphoneos/prebuilt-modules/26.2/Combine.swiftmodule/arm64e-apple-ios.swiftmodule /Applications/Xcode_26.3.app/Contents/Developer/Toolchains/XcodeDefault.xctoolchain/usr/lib/swift/iphoneos/prebuilt-modules/26.2/CoreFoundation.swiftmodule/arm64e-apple-ios.swiftmodule /Applications/Xcode_26.3.app/Contents/Developer/Toolchains/XcodeDefault.xctoolchain/usr/lib/swift/iphoneos/prebuilt-modules/26.2/Foundation.swiftmodule/arm64e-apple-ios.swiftmodule /Applications/Xcode_26.3.app/Contents/Developer/Toolchains/XcodeDefault.xctoolchain/usr/lib/swift/iphoneos/prebuilt-modules/26.2/QuartzCore.swiftmodule/arm64e-apple-ios.swiftmodule /Applications/Xcode_26.3.app/Contents/Developer/Toolchains/XcodeDefault.xctoolchain/usr/lib/swift/iphoneos/prebuilt-modules/26.2/CoreImage.swiftmodule/arm64e-apple-ios.swiftmodule /Applications/Xcode_26.3.app/Contents/Developer/Toolchains/XcodeDefault.xctoolchain/usr/lib/swift/iphoneos/prebuilt-modules/26.2/CoreVideo.swiftmodule/arm64e-apple-ios.swiftmodule /Applications/Xcode_26.3.app/Contents/Developer/Toolchains/XcodeDefault.xctoolchain/usr/lib/swift/iphoneos/prebuilt-modules/26.2/Spatial.swiftmodule/arm64e-apple-ios.swiftmodule /Applications/Xcode_26.3.app/Contents/Developer/Toolchains/XcodeDefault.xctoolchain/usr/lib/swift/iphoneos/prebuilt-modules/26.2/GLKit.swiftmodule/arm64e-apple-ios.swiftmodule /Applications/Xcode_26.3.app/Contents/Developer/Toolchains/XcodeDefault.xctoolchain/usr/lib/swift/iphoneos/prebuilt-modules/26.2/_SpriteKit_SwiftUI.swiftmodule/arm64e-apple-ios.swiftmodule /Applications/Xcode_26.3.app/Contents/Developer/Toolchains/XcodeDefault.xctoolchain/usr/lib/swift/iphoneos/prebuilt-modules/26.2/SpriteKit.swiftmodule/arm64e-apple-ios.swiftmodule /Applications/Xcode_26.3.app/Contents/Developer/Toolchains/XcodeDefault.xctoolchain/usr/lib/swift/iphoneos/prebuilt-modules/26.2/ObjectiveC.swiftmodule/arm64e-apple-ios.swiftmodule /Applications/Xcode_26.3.app/Contents/Developer/Toolchains/XcodeDefault.xctoolchain/usr/lib/swift/iphoneos/prebuilt-modules/26.2/UniformTypeIdentifiers.swiftmodule/arm64e-apple-ios.swiftmodule /Users/runner/Library/Developer/Xcode/DerivedData/ModuleCache.noindex/SpriteKit-21HDET0V84SLRRREO6OUDUJV4.pcm /Users/runner/Library/Developer/Xcode/DerivedData/ModuleCache.noindex/Symbols-6UMQFNDYEQ5Z34DIXAAFBE4AQ.pcm /Users/runner/Library/Developer/Xcode/DerivedData/ModuleCache.noindex/os_object-8RQH58KNMHJU51VUJA5Q8688F.pcm /Users/runner/Library/Developer/Xcode/DerivedData/ModuleCache.noindex/Spatial-AN6YBETRUBDVKVFEUPPTKNAQX.pcm /Users/runner/Library/Developer/Xcode/DerivedData/FateLost-dsbvaqyopcoialazinyzimxmscaj/Build/Intermediates.noindex/ArchiveIntermediates/FateLost/IntermediateBuildFilesPath/SwiftExplicitPrecompiledModules/UserMessagingPlatform-1JZ6G47KXAH7QDSP9M9Y7AQKX.pcm /Users/runner/Library/Developer/Xcode/DerivedData/ModuleCache.noindex/ptrauth-6TNDJ1I13XOQELTZ0D2F0AORS.pcm /Users/runner/Library/Developer/Xcode/DerivedData/ModuleCache.noindex/_DarwinFoundation1-6ZU0UEPX0G9XJUA5ALZRSZOMT.pcm /Users/runner/Library/Developer/Xcode/DerivedData/ModuleCache.noindex/AppTrackingTransparency-6V616RH7RP0VGJSCSYCP3MBPN.pcm /Users/runner/Library/Developer/Xcode/DerivedData/ModuleCache.noindex/CFNetwork-4UOIK5028KAN7Q8Y076ZUDYMB.pcm /Users/runner/Library/Developer/Xcode/DerivedData/ModuleCache.noindex/DataDetection-4GEOMCRCQ37HCQS5BGMAE1UVW.pcm /Users/runner/Library/Developer/Xcode/DerivedData/ModuleCache.noindex/_Builtin_intrinsics-2WQ78P0CTVC5LQGLTTCIOQ55W.pcm /Users/runner/Library/Developer/Xcode/DerivedData/ModuleCache.noindex/_DarwinFoundation3-4BB489964JBZUNHUM48O90AUK.pcm /Users/runner/Library/Developer/Xcode/DerivedData/ModuleCache.noindex/Metal-2TV4A04UPMQRLZA0MEV4DSRJ3.pcm /Users/runner/Library/Developer/Xcode/DerivedData/ModuleCache.noindex/OpenGLES-B4B947OJV4FFYN08HPWJDVKS0.pcm /Users/runner/Library/Developer/Xcode/DerivedData/ModuleCache.noindex/CoreMIDI-DZU3JVD1XI484Y6XO0WFC969K.pcm /Users/runner/Library/Developer/Xcode/DerivedData/ModuleCache.noindex/ModelIO-4EMT2CEM0FUPQJ2RAEBT7RPB4.pcm /Users/runner/Library/Developer/Xcode/DerivedData/ModuleCache.noindex/OSLog-IFF232TGPWGV19HWVY2Z1LP7.pcm /Users/runner/Library/Developer/Xcode/DerivedData/ModuleCache.noindex/SwiftUICore-7CNG9E9BUQGJCB2ABVI826VQB.pcm /Users/runner/Library/Developer/Xcode/DerivedData/ModuleCache.noindex/ObjectiveC-DST8KR6FLTFFLUW0FTUVWTU99.pcm /Users/runner/Library/Developer/Xcode/DerivedData/ModuleCache.noindex/CoreText-AHV2MNP8KH5HHMCJ6DHNL3VTF.pcm /Users/runner/Library/Developer/Xcode/DerivedData/ModuleCache.noindex/_Builtin_limits-E4B238HZGLY1ZAM9HGAUL5BZC.pcm /Users/runner/Library/Developer/Xcode/DerivedData/ModuleCache.noindex/AVFAudio-8YOBCRGA6D5C546PMXWSIQB0Y.pcm /Users/runner/Library/Developer/Xcode/DerivedData/ModuleCache.noindex/SwiftUI-99TSJJW83RSMIK1O5GQJXDY17.pcm /Users/runner/Library/Developer/Xcode/DerivedData/FateLost-dsbvaqyopcoialazinyzimxmscaj/Build/Intermediates.noindex/ArchiveIntermediates/FateLost/IntermediateBuildFilesPath/SwiftExplicitPrecompiledModules/GoogleMobileAds-9CXQQ272WOJS749Y4O3VJ4V8K.pcm /Users/runner/Library/Developer/Xcode/DerivedData/ModuleCache.noindex/_Builtin_stdatomic-CSOPI357L8ONDB1EBUOD7GGZ6.pcm /Users/runner/Library/Developer/Xcode/DerivedData/ModuleCache.noindex/Foundation-9PFEAT7JAOD51MPKB0F9Z5KCF.pcm /Users/runner/Library/Developer/Xcode/DerivedData/ModuleCache.noindex/QuartzCore-28UPFOCV9SJWC0NGU6DSY8X7S.pcm /Users/runner/Library/Developer/Xcode/DerivedData/ModuleCache.noindex/CoreMedia-66VWX26A0EUKV1YH0URQ28UTA.pcm /Users/runner/Library/Developer/Xcode/DerivedData/ModuleCache.noindex/CoreData-631OX48XW1PB8P50U0PBJH4GZ.pcm /Users/runner/Library/Developer/Xcode/DerivedData/ModuleCache.noindex/WebKit-7U3JZ7R9XCZ73CX3O6HBO7KB7.pcm /Users/runner/Library/Developer/Xcode/DerivedData/ModuleCache.noindex/SwiftShims-1MABNWY2W4HF8PYUD6BPT5TAZ.pcm /Users/runner/Library/Developer/Xcode/DerivedData/ModuleCache.noindex/sys_types-BPLASASPFW8M9Z4BFTNEUTF7V.pcm /Users/runner/Library/Developer/Xcode/DerivedData/ModuleCache.noindex/Network-1KLMR386TJ03JZJMBGKUJMHJ7.pcm /Users/runner/Library/Developer/Xcode/DerivedData/ModuleCache.noindex/_SwiftConcurrencyShims-5M2E6NYWF7WHRNPE9M3NRLZH0.pcm /Users/runner/Library/Developer/Xcode/DerivedData/ModuleCache.noindex/UIKit-7L9GZOZYGXNDQERTWU5WGJSWK.pcm /Users/runner/Library/Developer/Xcode/DerivedData/ModuleCache.noindex/_Builtin_float-AYIK33CJ5ACSJYYNVVDLG5TDC.pcm /Users/runner/Library/Developer/Xcode/DerivedData/ModuleCache.noindex/MediaToolbox-177ISBO65K10CFJVDCMUXUBRB.pcm /Users/runner/Library/Developer/Xcode/DerivedData/ModuleCache.noindex/UniformTypeIdentifiers-DDGLRV6HLNJZ1RCIBZ0HQQ34P.pcm /Users/runner/Library/Developer/Xcode/DerivedData/ModuleCache.noindex/Accessibility-1ES3RENUUD2Z5VPOUZLSWZKIW.pcm /Users/runner/Library/Developer/Xcode/DerivedData/ModuleCache.noindex/UIUtilities-2SA7X6QPHW2SYMOW049KHIKZX.pcm /Users/runner/Library/Developer/Xcode/DerivedData/ModuleCache.noindex/_Builtin_stdint-6RPBNTXHWM32RJJKSQ33YGSGY.pcm /Users/runner/Library/Developer/Xcode/DerivedData/ModuleCache.noindex/os-8RBHLU86HK0KJ848VCDJH62IH.pcm /Users/runner/Library/Developer/Xcode/DerivedData/ModuleCache.noindex/CoreAudioTypes-9GD6CCUO0CV9J8XB83M03AHBQ.pcm /Users/runner/Library/Developer/Xcode/DerivedData/ModuleCache.noindex/_Builtin_stdbool-1LLN5I6AFV2FB1ULCXWW6LIU2.pcm /Users/runner/Library/Developer/Xcode/DerivedData/ModuleCache.noindex/_Builtin_inttypes-3OBPYU86LQVMHE4ALFULA429D.pcm /Users/runner/Library/Developer/Xcode/DerivedData/ModuleCache.noindex/ptrcheck-1HIKBYLY7BD7BK2PKP5FSL4FM.pcm /Users/runner/Library/Developer/Xcode/DerivedData/ModuleCache.noindex/DeveloperToolsSupport-D568ZZV5GGF0HFGCU6IJBWL0Y.pcm /Users/runner/Library/Developer/Xcode/DerivedData/ModuleCache.noindex/Dispatch-DUVR2OTVRYC037CNRE6II4GNY.pcm /Users/runner/Library/Developer/Xcode/DerivedData/ModuleCache.noindex/CoreImage-41X4TSQYTL5Z0LXZVQ4BE9KJJ.pcm /Users/runner/Library/Developer/Xcode/DerivedData/ModuleCache.noindex/UserNotifications-AD9WKJQ1LNVCF7K8IXTCPVWPT.pcm /Users/runner/Library/Developer/Xcode/DerivedData/ModuleCache.noindex/IOSurface-NIJCMHTL7RQQ7H22MHGIH668.pcm /Users/runner/Library/Developer/Xcode/DerivedData/ModuleCache.noindex/AudioToolbox-2STXQHA5B6DPEBVC8PIT3NQYG.pcm /Users/runner/Library/Developer/Xcode/DerivedData/ModuleCache.noindex/dnssd-ENOAOW24RM779HUEVVAVECC3X.pcm /Users/runner/Library/Developer/Xcode/DerivedData/ModuleCache.noindex/AVFoundation-6WABVJ9YYKNAD1HLY10NQVHL0.pcm /Users/runner/Library/Developer/Xcode/DerivedData/ModuleCache.noindex/_Builtin_stdarg-57H4QFD9B934F5ZYBYG28698J.pcm /Users/runner/Library/Developer/Xcode/DerivedData/ModuleCache.noindex/GLKit-4BGASHK22VHR8YO7UP7JOLISJ.pcm /Users/runner/Library/Developer/Xcode/DerivedData/ModuleCache.noindex/CoreTransferable-36RYG7CUQ3BQ3M5LT51N15Y24.pcm /Users/runner/Library/Developer/Xcode/DerivedData/ModuleCache.noindex/Security-5XUAQK7VBDU1X4SKPR8PJS6QH.pcm /Users/runner/Library/Developer/Xcode/DerivedData/ModuleCache.noindex/CoreFoundation-9DR2Q8H3U186RZ580BJVU3O70.pcm /Users/runner/Library/Developer/Xcode/DerivedData/ModuleCache.noindex/MachO-91TI5A8RJI2RE5HWSKR7FYB9K.pcm /Users/runner/Library/Developer/Xcode/DerivedData/ModuleCache.noindex/CoreVideo-8EJEB1ZAMNBK9WOWQF1PCTJRU.pcm /Users/runner/Library/Developer/Xcode/DerivedData/ModuleCache.noindex/_AvailabilityInternal-EHRSA4T93JD5QEUGJ4PTAI3M8.pcm /Users/runner/Library/Developer/Xcode/DerivedData/ModuleCache.noindex/simd-BE08MGU4C70SIZN7WRMT4C662.pcm /Users/runner/Library/Developer/Xcode/DerivedData/ModuleCache.noindex/os_workgroup-392XDKSQMB85FF3G5JXC01S1T.pcm /Users/runner/Library/Developer/Xcode/DerivedData/ModuleCache.noindex/CoreAudio-6GDUZVPG79QFNMC9I0PLXBM4T.pcm /Users/runner/Library/Developer/Xcode/DerivedData/ModuleCache.noindex/LocalAuthentication-B96FLNGGYONCUTFRZKAGUIQBN.pcm /Users/runner/Library/Developer/Xcode/DerivedData/ModuleCache.noindex/FileProvider-4MELQAHOVJ8VX5XIIP9QJFDG2.pcm /Users/runner/Library/Developer/Xcode/DerivedData/ModuleCache.noindex/_Builtin_stddef-MBBM0180A1YES5J798B0CHC2.pcm /Users/runner/Library/Developer/Xcode/DerivedData/ModuleCache.noindex/ImageIO-7OPD7WHSN743XN01WY7DG9EU3.pcm /Users/runner/Library/Developer/Xcode/DerivedData/ModuleCache.noindex/_DarwinFoundation2-9JX2D1281Q0XH8CM3LQ2737PD.pcm /Users/runner/Library/Developer/Xcode/DerivedData/ModuleCache.noindex/AVRouting-E9ROLP7IZSNJ8U23R296H3ZE2.pcm /Users/runner/Library/Developer/Xcode/DerivedData/ModuleCache.noindex/CoreGraphics-17XONOP6U10SWL9IVBVYY65CS.pcm /Users/runner/Library/Developer/Xcode/DerivedData/ModuleCache.noindex/Darwin-19GMPWSXGL9FC52TDPWRSZ9XN.pcm /Users/runner/Library/Developer/Xcode/DerivedData/ModuleCache.noindex/_Builtin_tgmath-AHAP65LMXJS8ZTBGQ5B39QIK6.pcm /Users/runner/Library/Developer/Xcode/DerivedData/ModuleCache.noindex/XPC-8TO1KJNLLR6LO820J48QIMJU4.pcm /Users/runner/Library/Developer/Xcode/DerivedData/FateLost-dsbvaqyopcoialazinyzimxmscaj/Build/Intermediates.noindex/ArchiveIntermediates/FateLost/IntermediateBuildFilesPath/FateLost.build/Release-iphoneos/FateLost.build/Objects-normal/arm64/FateLost-dependencies-1.json (in target 'FateLost' from project 'FateLost')
CompileSwift normal arm64 (in target 'FateLost' from project 'FateLost')
    cd /Users/runner/work/FateLost/FateLost
    
/Users/runner/work/FateLost/FateLost/FateLost/App/Ads/RewardedAds.swift:350:17: warning: capture of 'ad' with non-Sendable type 'RewardedAd' in a '@Sendable' closure
                ad.present(from: root) {
                ^
/Users/runner/Library/Developer/Xcode/DerivedData/FateLost-dsbvaqyopcoialazinyzimxmscaj/Build/Intermediates.noindex/ArchiveIntermediates/FateLost/BuildProductsPath/Release-iphoneos/GoogleMobileAds.framework/Headers/GADRewardedAd.h:30:12: note: class 'RewardedAd' does not conform to the 'Sendable' protocol
@interface GADRewardedAd : NSObject <GADAdMetadataProvider, GADFullScreenPresentingAd>
           ^
/Users/runner/work/FateLost/FateLost/FateLost/App/Ads/RewardedAds.swift:6:1: warning: add '@preconcurrency' to suppress 'Sendable'-related warnings from module 'GoogleMobileAds'
import GoogleMobileAds
^
@preconcurrency 
/Users/runner/work/FateLost/FateLost/FateLost/App/Ads/RewardedAds.swift:351:21: warning: capture of 'self' with non-Sendable type 'AdPresenter?' in a '@Sendable' closure
                    self?.earned = true
                    ^
/Users/runner/work/FateLost/FateLost/FateLost/App/Ads/RewardedAds.swift:338:21: note: class 'AdPresenter' does not conform to the 'Sendable' protocol
private final class AdPresenter: NSObject, FullScreenContentDelegate {
                    ^
/Users/runner/work/FateLost/FateLost/FateLost/Core/Feedback/AudioManager.swift:298:20: warning: capture of 'raw' with non-Sendable type 'AVAudioPCMBuffer' in a '@Sendable' closure
            return raw
                   ^
/Applications/Xcode_26.3.app/Contents/Developer/Platforms/iPhoneOS.platform/Developer/SDKs/iPhoneOS26.2.sdk/System/Library/Frameworks/AVFAudio.framework/Headers/AVAudioBuffer.h:67:12: note: class 'AVAudioPCMBuffer' does not conform to the 'Sendable' protocol
@interface AVAudioPCMBuffer : AVAudioBuffer
           ^
/Users/runner/work/FateLost/FateLost/FateLost/Core/Feedback/AudioManager.swift:1:1: warning: add '@preconcurrency' to suppress 'Sendable'-related warnings from module 'AVFAudio'
import AVFoundation
^
@preconcurrency 
/Users/runner/work/FateLost/FateLost/FateLost/Scenes/Gameplay/Entities/PartyRenderer.swift:9:20: warning: call to main actor-isolated initializer 'init()' in a synchronous nonisolated context
        let root = SKNode()
                   ^
/Applications/Xcode_26.3.app/Contents/Developer/Platforms/iPhoneOS.platform/Developer/SDKs/iPhoneOS26.2.sdk/System/Library/Frameworks/SpriteKit.framework/Headers/SKNode.h:55:1: note: calls to initializer 'init()' from outside of its actor context are implicitly asynchronous
- (instancetype)init NS_DESIGNATED_INITIALIZER;
^
/Applications/Xcode_26.3.app/Contents/Developer/Platforms/iPhoneOS.platform/Developer/SDKs/iPhoneOS26.2.sdk/System/Library/Frameworks/SpriteKit.framework/Headers/SKNode.h:55:1: note: main actor isolation inferred from inheritance from class 'UIResponder'
- (instancetype)init NS_DESIGNATED_INITIALIZER;
^
/Users/runner/work/FateLost/FateLost/FateLost/Scenes/Gameplay/Entities/PartyRenderer.swift:11:23: warning: call to main actor-isolated initializer 'init()' in a synchronous nonisolated context
        let barBack = SKShapeNode()
                      ^
/Applications/Xcode_26.3.app/Contents/Developer/Platforms/iPhoneOS.platform/Developer/SDKs/iPhoneOS26.2.sdk/System/Library/Frameworks/SpriteKit.framework/Headers/SKNode.h:55:1: note: calls to initializer 'init()' from outside of its actor context are implicitly asynchronous
- (instancetype)init NS_DESIGNATED_INITIALIZER;
^
/Applications/Xcode_26.3.app/Contents/Developer/Platforms/iPhoneOS.platform/Developer/SDKs/iPhoneOS26.2.sdk/System/Library/Frameworks/SpriteKit.framework/Headers/SKNode.h:55:1: note: main actor isolation inferred from inheritance from class 'SKNode'
- (instancetype)init NS_DESIGNATED_INITIALIZER;
^
/Users/runner/work/FateLost/FateLost/FateLost/Scenes/Gameplay/Entities/PartyRenderer.swift:12:23: warning: call to main actor-isolated initializer 'init()' in a synchronous nonisolated context
        let barFill = SKShapeNode()
                      ^
/Applications/Xcode_26.3.app/Contents/Developer/Platforms/iPhoneOS.platform/Developer/SDKs/iPhoneOS26.2.sdk/System/Library/Frameworks/SpriteKit.framework/Headers/SKNode.h:55:1: note: calls to initializer 'init()' from outside of its actor context are implicitly asynchronous
- (instancetype)init NS_DESIGNATED_INITIALIZER;
^
/Applications/Xcode_26.3.app/Contents/Developer/Platforms/iPhoneOS.platform/Developer/SDKs/iPhoneOS26.2.sdk/System/Library/Frameworks/SpriteKit.framework/Headers/SKNode.h:55:1: note: main actor isolation inferred from inheritance from class 'SKNode'
- (instancetype)init NS_DESIGNATED_INITIALIZER;
^
/Users/runner/work/FateLost/FateLost/FateLost/Scenes/Gameplay/Entities/PartyRenderer.swift:18:25: warning: call to main actor-isolated initializer 'init(text:)' in a synchronous nonisolated context
            self.name = SKLabelNode(text: name)
                        ^
/Applications/Xcode_26.3.app/Contents/Developer/Platforms/iPhoneOS.platform/Developer/SDKs/iPhoneOS26.2.sdk/System/Library/Frameworks/SpriteKit.framework/Headers/SKLabelNode.h:31:1: note: calls to initializer 'init(text:)' from outside of its actor context are implicitly asynchronous
+ (instancetype)labelNodeWithText:(nullable NSString *)text;
^
/Applications/Xcode_26.3.app/Contents/Developer/Platforms/iPhoneOS.platform/Developer/SDKs/iPhoneOS26.2.sdk/System/Library/Frameworks/SpriteKit.framework/Headers/SKLabelNode.h:31:1: note: main actor isolation inferred from inheritance from class 'SKNode'
+ (instancetype)labelNodeWithText:(nullable NSString *)text;
^

LinkAssetCatalog /Users/runner/work/FateLost/FateLost/FateLost/Resources/Assets.xcassets (in target 'FateLost' from project 'FateLost')
    cd /Users/runner/work/FateLost/FateLost
    builtin-linkAssetCatalog --thinned /Users/runner/Library/Developer/Xcode/DerivedData/FateLost-dsbvaqyopcoialazinyzimxmscaj/Build/Intermediates.noindex/ArchiveIntermediates/FateLost/IntermediateBuildFilesPath/FateLost.build/Release-iphoneos/FateLost.build/assetcatalog_output/thinned --thinned-dependencies /Users/runner/Library/Developer/Xcode/DerivedData/FateLost-dsbvaqyopcoialazinyzimxmscaj/Build/Intermediates.noindex/ArchiveIntermediates/FateLost/IntermediateBuildFilesPath/FateLost.build/Release-iphoneos/FateLost.build/assetcatalog_dependencies_thinned --thinned-info-plist-content /Users/runner/Library/Developer/Xcode/DerivedData/FateLost-dsbvaqyopcoialazinyzimxmscaj/Build/Intermediates.noindex/ArchiveIntermediates/FateLost/IntermediateBuildFilesPath/FateLost.build/Release-iphoneos/FateLost.build/assetcatalog_generated_info.plist_thinned --unthinned /Users/runner/Library/Developer/Xcode/DerivedData/FateLost-dsbvaqyopcoialazinyzimxmscaj/Build/Intermediates.noindex/ArchiveIntermediates/FateLost/IntermediateBuildFilesPath/FateLost.build/Release-iphoneos/FateLost.build/assetcatalog_output/unthinned --unthinned-dependencies /Users/runner/Library/Developer/Xcode/DerivedData/FateLost-dsbvaqyopcoialazinyzimxmscaj/Build/Intermediates.noindex/ArchiveIntermediates/FateLost/IntermediateBuildFilesPath/FateLost.build/Release-iphoneos/FateLost.build/assetcatalog_dependencies_unthinned --unthinned-info-plist-content /Users/runner/Library/Developer/Xcode/DerivedData/FateLost-dsbvaqyopcoialazinyzimxmscaj/Build/Intermediates.noindex/ArchiveIntermediates/FateLost/IntermediateBuildFilesPath/FateLost.build/Release-iphoneos/FateLost.build/assetcatalog_generated_info.plist_unthinned --output /Users/runner/Library/Developer/Xcode/DerivedData/FateLost-dsbvaqyopcoialazinyzimxmscaj/Build/Intermediates.noindex/ArchiveIntermediates/FateLost/InstallationBuildProductsLocation/Applications/FateLost.app --plist-output /Users/runner/Library/Developer/Xcode/DerivedData/FateLost-dsbvaqyopcoialazinyzimxmscaj/Build/Intermediates.noindex/ArchiveIntermediates/FateLost/IntermediateBuildFilesPath/FateLost.build/Release-iphoneos/FateLost.build/assetcatalog_generated_info.plist
note: Emplaced /Users/runner/Library/Developer/Xcode/DerivedData/FateLost-dsbvaqyopcoialazinyzimxmscaj/Build/Intermediates.noindex/ArchiveIntermediates/FateLost/InstallationBuildProductsLocation/Applications/FateLost.app/AppIcon76x76@2x~ipad.png (in target 'FateLost' from project 'FateLost')
note: Emplaced /Users/runner/Library/Developer/Xcode/DerivedData/FateLost-dsbvaqyopcoialazinyzimxmscaj/Build/Intermediates.noindex/ArchiveIntermediates/FateLost/InstallationBuildProductsLocation/Applications/FateLost.app/Assets.car (in target 'FateLost' from project 'FateLost')
note: Emplaced /Users/runner/Library/Developer/Xcode/DerivedData/FateLost-dsbvaqyopcoialazinyzimxmscaj/Build/Intermediates.noindex/ArchiveIntermediates/FateLost/InstallationBuildProductsLocation/Applications/FateLost.app/AppIcon60x60@2x.png (in target 'FateLost' from project 'FateLost')

ProcessInfoPlistFile /Users/runner/Library/Developer/Xcode/DerivedData/FateLost-dsbvaqyopcoialazinyzimxmscaj/Build/Intermediates.noindex/ArchiveIntermediates/FateLost/InstallationBuildProductsLocation/Applications/FateLost.app/Info.plist /Users/runner/work/FateLost/FateLost/Config/Info.plist (in target 'FateLost' from project 'FateLost')
    cd /Users/runner/work/FateLost/FateLost
    builtin-infoPlistUtility /Users/runner/work/FateLost/FateLost/Config/Info.plist -producttype com.apple.product-type.application -genpkginfo /Users/runner/Library/Developer/Xcode/DerivedData/FateLost-dsbvaqyopcoialazinyzimxmscaj/Build/Intermediates.noindex/ArchiveIntermediates/FateLost/InstallationBuildProductsLocation/Applications/FateLost.app/PkgInfo -expandbuildsettings -format binary -platform iphoneos -additionalcontentfile /Users/runner/Library/Developer/Xcode/DerivedData/FateLost-dsbvaqyopcoialazinyzimxmscaj/Build/Intermediates.noindex/ArchiveIntermediates/FateLost/IntermediateBuildFilesPath/FateLost.build/Release-iphoneos/FateLost.build/assetcatalog_generated_info.plist -scanforprivacyfile /Users/runner/Library/Developer/Xcode/DerivedData/FateLost-dsbvaqyopcoialazinyzimxmscaj/Build/Intermediates.noindex/ArchiveIntermediates/FateLost/InstallationBuildProductsLocation/Applications/FateLost.app/Frameworks/GoogleMobileAds.framework -scanforprivacyfile /Users/runner/Library/Developer/Xcode/DerivedData/FateLost-dsbvaqyopcoialazinyzimxmscaj/Build/Intermediates.noindex/ArchiveIntermediates/FateLost/InstallationBuildProductsLocation/Applications/FateLost.app/Frameworks/UserMessagingPlatform.framework -requiredArchitecture arm64 -o /Users/runner/Library/Developer/Xcode/DerivedData/FateLost-dsbvaqyopcoialazinyzimxmscaj/Build/Intermediates.noindex/ArchiveIntermediates/FateLost/InstallationBuildProductsLocation/Applications/FateLost.app/Info.plist

SwiftDriverJobDiscovery normal arm64 Compiling RewardedAds.swift, AppRouter.swift, AppServices.swift, FateLostApp.swift, RootView.swift, RGBA.swift, SpriteID.swift, AudioManager.swift, HapticsService.swift, MusicDirector.swift, CGPoint+Vector.swift, SeededRandom.swift, VersionedFileStore.swift, GameSettings.swift, FixedTimestep.swift, CommonRelics.swift, EpicRelics.swift, RareRelics.swift, RelicCatalog.swift, RelicContent.swift, UncommonRelics.swift, BardSkills.swift, ClericSkills.swift, DruidSkills.swift, FormCatalog.swift, MonkSkills.swift, OrderContent.swift, OrderSkills.swift, PaladinSkills.swift, RangerSkills.swift, RogueSkills.swift, SkillCatalog.swift, SkillContent.swift, SorcererSkills.swift, SummonCatalog.swift, WarlockSkills.swift, WarriorSkills.swift, WizardSkills.swift, ArenaThemes.swift, EnemyCatalog.swift, LegacyTree.swift, RealmCatalog.swift, StarterWeapons.swift, DeveloperOptions.swift, DeveloperPanelView.swift, PerformanceOverlayNode.swift, Boons.swift, CombatEntities.swift, CombatEvent.swift, CombatState.swift, CombatState+Damage.swift, DamageType.swift, Darkness.swift, Hazard.swift, PartyTypes.swift, Projectile.swift, Rift.swift, FateTuning.swift, GameTuning.swift, DifficultyModifier.swift, EnemyDefinition.swift, EnemyFamily.swift, EnemyStore.swift, EnemyStrain.swift, PlayerState.swift, CompanionAppearance.swift, CompanionUnlocks.swift, HeroAppearance.swift, HeroUnlocks.swift, HUDLayout.swift, JoystickModel.swift, WeaponDefinition.swift, WeaponFind.swift, ItemRarity.swift, CodexRewards.swift, LegacyNode.swift, LegacyProfile.swift, WeaponMastery.swift, Relic.swift, RelicRoller.swift, GameSimulation.swift, GameSimulation+Mirror.swift, GameSimulation+Party.swift, GameSimulation+Rift.swift, GameSimulation+SecondChance.swift, Archetype.swift, Conditions.swift, EffectAction.swift, HybridOrder.swift, RankValue.swift, SkillDefinition.swift, StatusKind.swift, ActionExecutor.swift, CompiledBuild.swift, SkillAllocation.swift, StatID.swift, StatSheet.swift, AllySystem.swift, BossSystem.swift, DropTable.swift, EliteSystem.swift, EnemyAISystem.swift, MovementSystem.swift, PickupSystem.swift, ProjectileSystem.swift, ShrineSystem.swift, SpawnSystem.swift, StatusSystem.swift, WaveSystem.swift, WeaponSystem.swift, ZoneSystem.swift, ArenaGenerator.swift, ArenaLayout.swift, ArenaTheme.swift, Decorations.swift, RealmDefinition.swift, RealmProgress.swift, WavePlan.swift, IsometricProjection.swift, ToroidalSpatialGrid.swift, ToroidalWorld.swift, WrappedRenderFrame.swift, HostInput.swift, MovementSmoothing.swift, MultiplayerHub.swift, MultiplayerIdentity.swift, NetCodec.swift, NetEvents.swift, NetHeroState.swift, NetSnapshot.swift, PartyAPI.swift, PartyClient.swift, PartyColors.swift, PartyLoadouts.swift, PartyProtocol.swift, PartyReport.swift, PartyRunController.swift, PartySocket.swift, NodePool.swift, PlaceholderArt.swift, PlaceholderArt+Allies.swift, PlaceholderArt+Bestiary.swift, PlaceholderArt+Creatures.swift, PlaceholderArt+Drawing.swift, PlaceholderArt+Effects.swift, PlaceholderArt+HeroFigure.swift, PlaceholderArt+HeroLayers.swift, PlaceholderArt+Loot.swift, PlaceholderArt+Props.swift, PlaceholderArt+Weapons.swift, RealmMapImage.swift, RGBA+Platform.swift, SpriteCatalog.swift, CameraController.swift, ChargeLaneRenderer.swift, CombatFeedback.swift, DarknessRenderer.swift, EffectsRenderer.swift, HazardRenderer.swift, VisualStyle+Presentation.swift, ZoneRenderer.swift, AllyRenderer.swift, CapeSway.swift, DropRenderer.swift, EnemyRenderer.swift, PartyRenderer.swift, PickupRenderer.swift, PlayerView.swift, PortalRenderer.swift, ProjectileRenderer.swift, ShrineRenderer.swift, AbilityButtonNode.swift, BeaconLayer.swift, GameHUDNode.swift, VirtualJoystickNode.swift, AtmosphereRenderer.swift, DecorationRenderer.swift, WrappingGroundRenderer.swift, GameScene.swift, GameSession.swift, GameViewContainer.swift, EmberBackground.swift, LegacyGlyph.swift, LegacyGlyphData.swift, WeaponIcon.swift, MultiplayerViews.swift, PartyResultsView.swift, PartyRunViews.swift, SkillDetailPanel.swift, SkillTreeCanvas.swift, SkillTreeView.swift, TreeBoard.swift, AdRewardViews.swift, ArmouryView.swift, CharacterView.swift, DifficultyModifiersView.swift, FateViews.swift, GameplayScreen.swift, LaunchView.swift, LegacyTotalsView.swift, LegacyView.swift, MainMenuView.swift, RealmSelectView.swift, RelicCodex.swift, RelicOfferView.swift, RunSummaryView.swift, SettingsView.swift, StatisticsView.swift, WeaponSelectView.swift, FLTheme.swift, GeneratedAssetSymbols.swift (in target 'FateLost' from project 'FateLost')

SwiftDriver\ Compilation\ Requirements FateLost normal arm64 com.apple.xcode.tools.swift.compiler (in target 'FateLost' from project 'FateLost')
    cd /Users/runner/work/FateLost/FateLost
    builtin-Swift-Compilation-Requirements -- /Applications/Xcode_26.3.app/Contents/Developer/Toolchains/XcodeDefault.xctoolchain/usr/bin/swiftc -module-name FateLost -O -whole-module-optimization -enforce-exclusivity\=checked @/Users/runner/Library/Developer/Xcode/DerivedData/FateLost-dsbvaqyopcoialazinyzimxmscaj/Build/Intermediates.noindex/ArchiveIntermediates/FateLost/IntermediateBuildFilesPath/FateLost.build/Release-iphoneos/FateLost.build/Objects-normal/arm64/FateLost.SwiftFileList -Xcc -fmodule-map-file\=/Users/runner/Library/Developer/Xcode/DerivedData/FateLost-dsbvaqyopcoialazinyzimxmscaj/Build/Intermediates.noindex/ArchiveIntermediates/FateLost/IntermediateBuildFilesPath/GeneratedModuleMaps-iphoneos/UserMessagingPlatformTarget.modulemap -enable-bare-slash-regex -enable-experimental-feature DebugDescriptionMacro -sdk /Applications/Xcode_26.3.app/Contents/Developer/Platforms/iPhoneOS.platform/Developer/SDKs/iPhoneOS26.2.sdk -target arm64-apple-ios17.0 -g -module-cache-path /Users/runner/Library/Developer/Xcode/DerivedData/ModuleCache.noindex -Xfrontend -serialize-debugging-options -swift-version 5 -I /Users/runner/Library/Developer/Xcode/DerivedData/FateLost-dsbvaqyopcoialazinyzimxmscaj/Build/Intermediates.noindex/ArchiveIntermediates/FateLost/BuildProductsPath/Release-iphoneos -F /Users/runner/Library/Developer/Xcode/DerivedData/FateLost-dsbvaqyopcoialazinyzimxmscaj/Build/Intermediates.noindex/ArchiveIntermediates/FateLost/BuildProductsPath/Release-iphoneos/PackageFrameworks -F /Users/runner/Library/Developer/Xcode/DerivedData/FateLost-dsbvaqyopcoialazinyzimxmscaj/Build/Intermediates.noindex/ArchiveIntermediates/FateLost/BuildProductsPath/Release-iphoneos/PackageFrameworks -F /Users/runner/Library/Developer/Xcode/DerivedData/FateLost-dsbvaqyopcoialazinyzimxmscaj/Build/Intermediates.noindex/ArchiveIntermediates/FateLost/BuildProductsPath/Release-iphoneos -emit-localized-strings -emit-localized-strings-path /Users/runner/Library/Developer/Xcode/DerivedData/FateLost-dsbvaqyopcoialazinyzimxmscaj/Build/Intermediates.noindex/ArchiveIntermediates/FateLost/IntermediateBuildFilesPath/FateLost.build/Release-iphoneos/FateLost.build/Objects-normal/arm64 -c -num-threads 3 -Xcc -ivfsstatcache -Xcc /Users/runner/Library/Developer/Xcode/DerivedData/SDKStatCaches.noindex/iphoneos26.2-23C57-dc75598d0054f22ec865fa860f139d722dd23b4ebda140f7210d155ff1243552.sdkstatcache -output-file-map /Users/runner/Library/Developer/Xcode/DerivedData/FateLost-dsbvaqyopcoialazinyzimxmscaj/Build/Intermediates.noindex/ArchiveIntermediates/FateLost/IntermediateBuildFilesPath/FateLost.build/Release-iphoneos/FateLost.build/Objects-normal/arm64/FateLost-OutputFileMap.json -use-frontend-parseable-output -save-temps -no-color-diagnostics -explicit-module-build -module-cache-path /Users/runner/Library/Developer/Xcode/DerivedData/FateLost-dsbvaqyopcoialazinyzimxmscaj/Build/Intermediates.noindex/ArchiveIntermediates/FateLost/IntermediateBuildFilesPath/SwiftExplicitPrecompiledModules -clang-scanner-module-cache-path /Users/runner/Library/Developer/Xcode/DerivedData/ModuleCache.noindex -sdk-module-cache-path /Users/runner/Library/Developer/Xcode/DerivedData/ModuleCache.noindex -serialize-diagnostics -emit-dependencies -emit-module -emit-module-path /Users/runner/Library/Developer/Xcode/DerivedData/FateLost-dsbvaqyopcoialazinyzimxmscaj/Build/Intermediates.noindex/ArchiveIntermediates/FateLost/IntermediateBuildFilesPath/FateLost.build/Release-iphoneos/FateLost.build/Objects-normal/arm64/FateLost.swiftmodule -validate-clang-modules-once -clang-build-session-file /Users/runner/Library/Developer/Xcode/DerivedData/ModuleCache.noindex/Session.modulevalidation -Xcc -I/Users/runner/Library/Developer/Xcode/DerivedData/FateLost-dsbvaqyopcoialazinyzimxmscaj/Build/Intermediates.noindex/ArchiveIntermediates/FateLost/IntermediateBuildFilesPath/FateLost.build/Release-iphoneos/FateLost.build/swift-overrides.hmap -emit-const-values -Xfrontend -const-gather-protocols-file -Xfrontend /Users/runner/Library/Developer/Xcode/DerivedData/FateLost-dsbvaqyopcoialazinyzimxmscaj/Build/Intermediates.noindex/ArchiveIntermediates/FateLost/IntermediateBuildFilesPath/FateLost.build/Release-iphoneos/FateLost.build/Objects-normal/arm64/FateLost_const_extract_protocols.json -Xcc -iquote -Xcc /Users/runner/Library/Developer/Xcode/DerivedData/FateLost-dsbvaqyopcoialazinyzimxmscaj/Build/Intermediates.noindex/ArchiveIntermediates/FateLost/IntermediateBuildFilesPath/FateLost.build/Release-iphoneos/FateLost.build/FateLost-generated-files.hmap -Xcc -I/Users/runner/Library/Developer/Xcode/DerivedData/FateLost-dsbvaqyopcoialazinyzimxmscaj/Build/Intermediates.noindex/ArchiveIntermediates/FateLost/IntermediateBuildFilesPath/FateLost.build/Release-iphoneos/FateLost.build/FateLost-own-target-headers.hmap -Xcc -I/Users/runner/Library/Developer/Xcode/DerivedData/FateLost-dsbvaqyopcoialazinyzimxmscaj/Build/Intermediates.noindex/ArchiveIntermediates/FateLost/IntermediateBuildFilesPath/FateLost.build/Release-iphoneos/FateLost.build/FateLost-all-non-framework-target-headers.hmap -Xcc -ivfsoverlay -Xcc /Users/runner/Library/Developer/Xcode/DerivedData/FateLost-dsbvaqyopcoialazinyzimxmscaj/Build/Intermediates.noindex/ArchiveIntermediates/FateLost/IntermediateBuildFilesPath/FateLost.build/Release-iphoneos/FateLost-b7204f8cf0954d34cbb54ca2f9d32c2a-VFS-iphoneos/all-product-headers.yaml -Xcc -iquote -Xcc /Users/runner/Library/Developer/Xcode/DerivedData/FateLost-dsbvaqyopcoialazinyzimxmscaj/Build/Intermediates.noindex/ArchiveIntermediates/FateLost/IntermediateBuildFilesPath/FateLost.build/Release-iphoneos/FateLost.build/FateLost-project-headers.hmap -Xcc -I/Users/runner/Library/Developer/Xcode/DerivedData/FateLost-dsbvaqyopcoialazinyzimxmscaj/SourcePackages/checkouts/swift-package-manager-google-user-messaging-platform/UserMessagingPlatformTarget/include -Xcc -I/Users/runner/Library/Developer/Xcode/DerivedData/FateLost-dsbvaqyopcoialazinyzimxmscaj/Build/Intermediates.noindex/ArchiveIntermediates/FateLost/BuildProductsPath/Release-iphoneos/include -Xcc -I/Users/runner/Library/Developer/Xcode/DerivedData/FateLost-dsbvaqyopcoialazinyzimxmscaj/Build/Intermediates.noindex/ArchiveIntermediates/FateLost/IntermediateBuildFilesPath/FateLost.build/Release-iphoneos/FateLost.build/DerivedSources-normal/arm64 -Xcc -I/Users/runner/Library/Developer/Xcode/DerivedData/FateLost-dsbvaqyopcoialazinyzimxmscaj/Build/Intermediates.noindex/ArchiveIntermediates/FateLost/IntermediateBuildFilesPath/FateLost.build/Release-iphoneos/FateLost.build/DerivedSources/arm64 -Xcc -I/Users/runner/Library/Developer/Xcode/DerivedData/FateLost-dsbvaqyopcoialazinyzimxmscaj/Build/Intermediates.noindex/ArchiveIntermediates/FateLost/IntermediateBuildFilesPath/FateLost.build/Release-iphoneos/FateLost.build/DerivedSources -emit-objc-header -emit-objc-header-path /Users/runner/Library/Developer/Xcode/DerivedData/FateLost-dsbvaqyopcoialazinyzimxmscaj/Build/Intermediates.noindex/ArchiveIntermediates/FateLost/IntermediateBuildFilesPath/FateLost.build/Release-iphoneos/FateLost.build/Objects-normal/arm64/FateLost-Swift.h -working-directory /Users/runner/work/FateLost/FateLost -no-emit-module-separately-wmo

SwiftMergeGeneratedHeaders /Users/runner/Library/Developer/Xcode/DerivedData/FateLost-dsbvaqyopcoialazinyzimxmscaj/Build/Intermediates.noindex/ArchiveIntermediates/FateLost/IntermediateBuildFilesPath/FateLost.build/Release-iphoneos/FateLost.build/DerivedSources/FateLost-Swift.h /Users/runner/Library/Developer/Xcode/DerivedData/FateLost-dsbvaqyopcoialazinyzimxmscaj/Build/Intermediates.noindex/ArchiveIntermediates/FateLost/IntermediateBuildFilesPath/FateLost.build/Release-iphoneos/FateLost.build/Objects-normal/arm64/FateLost-Swift.h (in target 'FateLost' from project 'FateLost')
    cd /Users/runner/work/FateLost/FateLost
    builtin-swiftHeaderTool -arch arm64 /Users/runner/Library/Developer/Xcode/DerivedData/FateLost-dsbvaqyopcoialazinyzimxmscaj/Build/Intermediates.noindex/ArchiveIntermediates/FateLost/IntermediateBuildFilesPath/FateLost.build/Release-iphoneos/FateLost.build/Objects-normal/arm64/FateLost-Swift.h -o /Users/runner/Library/Developer/Xcode/DerivedData/FateLost-dsbvaqyopcoialazinyzimxmscaj/Build/Intermediates.noindex/ArchiveIntermediates/FateLost/IntermediateBuildFilesPath/FateLost.build/Release-iphoneos/FateLost.build/DerivedSources/FateLost-Swift.h

Copy /Users/runner/Library/Developer/Xcode/DerivedData/FateLost-dsbvaqyopcoialazinyzimxmscaj/Build/Intermediates.noindex/ArchiveIntermediates/FateLost/BuildProductsPath/Release-iphoneos/FateLost.swiftmodule/arm64-apple-ios.swiftmodule /Users/runner/Library/Developer/Xcode/DerivedData/FateLost-dsbvaqyopcoialazinyzimxmscaj/Build/Intermediates.noindex/ArchiveIntermediates/FateLost/IntermediateBuildFilesPath/FateLost.build/Release-iphoneos/FateLost.build/Objects-normal/arm64/FateLost.swiftmodule (in target 'FateLost' from project 'FateLost')
    cd /Users/runner/work/FateLost/FateLost
    builtin-copy -exclude .DS_Store -exclude CVS -exclude .svn -exclude .git -exclude .hg -resolve-src-symlinks -rename /Users/runner/Library/Developer/Xcode/DerivedData/FateLost-dsbvaqyopcoialazinyzimxmscaj/Build/Intermediates.noindex/ArchiveIntermediates/FateLost/IntermediateBuildFilesPath/FateLost.build/Release-iphoneos/FateLost.build/Objects-normal/arm64/FateLost.swiftmodule /Users/runner/Library/Developer/Xcode/DerivedData/FateLost-dsbvaqyopcoialazinyzimxmscaj/Build/Intermediates.noindex/ArchiveIntermediates/FateLost/BuildProductsPath/Release-iphoneos/FateLost.swiftmodule/arm64-apple-ios.swiftmodule

Copy /Users/runner/Library/Developer/Xcode/DerivedData/FateLost-dsbvaqyopcoialazinyzimxmscaj/Build/Intermediates.noindex/ArchiveIntermediates/FateLost/BuildProductsPath/Release-iphoneos/FateLost.swiftmodule/arm64-apple-ios.swiftdoc /Users/runner/Library/Developer/Xcode/DerivedData/FateLost-dsbvaqyopcoialazinyzimxmscaj/Build/Intermediates.noindex/ArchiveIntermediates/FateLost/IntermediateBuildFilesPath/FateLost.build/Release-iphoneos/FateLost.build/Objects-normal/arm64/FateLost.swiftdoc (in target 'FateLost' from project 'FateLost')
    cd /Users/runner/work/FateLost/FateLost
    builtin-copy -exclude .DS_Store -exclude CVS -exclude .svn -exclude .git -exclude .hg -resolve-src-symlinks -rename /Users/runner/Library/Developer/Xcode/DerivedData/FateLost-dsbvaqyopcoialazinyzimxmscaj/Build/Intermediates.noindex/ArchiveIntermediates/FateLost/IntermediateBuildFilesPath/FateLost.build/Release-iphoneos/FateLost.build/Objects-normal/arm64/FateLost.swiftdoc /Users/runner/Library/Developer/Xcode/DerivedData/FateLost-dsbvaqyopcoialazinyzimxmscaj/Build/Intermediates.noindex/ArchiveIntermediates/FateLost/BuildProductsPath/Release-iphoneos/FateLost.swiftmodule/arm64-apple-ios.swiftdoc

Copy /Users/runner/Library/Developer/Xcode/DerivedData/FateLost-dsbvaqyopcoialazinyzimxmscaj/Build/Intermediates.noindex/ArchiveIntermediates/FateLost/BuildProductsPath/Release-iphoneos/FateLost.swiftmodule/arm64-apple-ios.abi.json /Users/runner/Library/Developer/Xcode/DerivedData/FateLost-dsbvaqyopcoialazinyzimxmscaj/Build/Intermediates.noindex/ArchiveIntermediates/FateLost/IntermediateBuildFilesPath/FateLost.build/Release-iphoneos/FateLost.build/Objects-normal/arm64/FateLost.abi.json (in target 'FateLost' from project 'FateLost')
    cd /Users/runner/work/FateLost/FateLost
    builtin-copy -exclude .DS_Store -exclude CVS -exclude .svn -exclude .git -exclude .hg -resolve-src-symlinks -rename /Users/runner/Library/Developer/Xcode/DerivedData/FateLost-dsbvaqyopcoialazinyzimxmscaj/Build/Intermediates.noindex/ArchiveIntermediates/FateLost/IntermediateBuildFilesPath/FateLost.build/Release-iphoneos/FateLost.build/Objects-normal/arm64/FateLost.abi.json /Users/runner/Library/Developer/Xcode/DerivedData/FateLost-dsbvaqyopcoialazinyzimxmscaj/Build/Intermediates.noindex/ArchiveIntermediates/FateLost/BuildProductsPath/Release-iphoneos/FateLost.swiftmodule/arm64-apple-ios.abi.json

Ld /Users/runner/Library/Developer/Xcode/DerivedData/FateLost-dsbvaqyopcoialazinyzimxmscaj/Build/Intermediates.noindex/ArchiveIntermediates/FateLost/InstallationBuildProductsLocation/Applications/FateLost.app/FateLost normal (in target 'FateLost' from project 'FateLost')
    cd /Users/runner/work/FateLost/FateLost
    /Applications/Xcode_26.3.app/Contents/Developer/Toolchains/XcodeDefault.xctoolchain/usr/bin/clang -Xlinker -reproducible -target arm64-apple-ios17.0 -isysroot /Applications/Xcode_26.3.app/Contents/Developer/Platforms/iPhoneOS.platform/Developer/SDKs/iPhoneOS26.2.sdk -Os -L/Users/runner/Library/Developer/Xcode/DerivedData/FateLost-dsbvaqyopcoialazinyzimxmscaj/Build/Intermediates.noindex/ArchiveIntermediates/FateLost/IntermediateBuildFilesPath/EagerLinkingTBDs/Release-iphoneos -L/Users/runner/Library/Developer/Xcode/DerivedData/FateLost-dsbvaqyopcoialazinyzimxmscaj/Build/Intermediates.noindex/ArchiveIntermediates/FateLost/BuildProductsPath/Release-iphoneos -F/Users/runner/Library/Developer/Xcode/DerivedData/FateLost-dsbvaqyopcoialazinyzimxmscaj/Build/Intermediates.noindex/ArchiveIntermediates/FateLost/IntermediateBuildFilesPath/EagerLinkingTBDs/Release-iphoneos -F/Users/runner/Library/Developer/Xcode/DerivedData/FateLost-dsbvaqyopcoialazinyzimxmscaj/Build/Intermediates.noindex/ArchiveIntermediates/FateLost/BuildProductsPath/Release-iphoneos/PackageFrameworks -F/Users/runner/Library/Developer/Xcode/DerivedData/FateLost-dsbvaqyopcoialazinyzimxmscaj/Build/Intermediates.noindex/ArchiveIntermediates/FateLost/BuildProductsPath/Release-iphoneos/PackageFrameworks -F/Users/runner/Library/Developer/Xcode/DerivedData/FateLost-dsbvaqyopcoialazinyzimxmscaj/Build/Intermediates.noindex/ArchiveIntermediates/FateLost/BuildProductsPath/Release-iphoneos -filelist /Users/runner/Library/Developer/Xcode/DerivedData/FateLost-dsbvaqyopcoialazinyzimxmscaj/Build/Intermediates.noindex/ArchiveIntermediates/FateLost/IntermediateBuildFilesPath/FateLost.build/Release-iphoneos/FateLost.build/Objects-normal/arm64/FateLost.LinkFileList -Xlinker -rpath -Xlinker /usr/lib/swift -Xlinker -rpath -Xlinker @executable_path/Frameworks -dead_strip -Xlinker -object_path_lto -Xlinker /Users/runner/Library/Developer/Xcode/DerivedData/FateLost-dsbvaqyopcoialazinyzimxmscaj/Build/Intermediates.noindex/ArchiveIntermediates/FateLost/IntermediateBuildFilesPath/FateLost.build/Release-iphoneos/FateLost.build/Objects-normal/arm64/FateLost_lto.o -Xlinker -final_output -Xlinker /Applications/FateLost.app/FateLost -Xlinker -dependency_info -Xlinker /Users/runner/Library/Developer/Xcode/DerivedData/FateLost-dsbvaqyopcoialazinyzimxmscaj/Build/Intermediates.noindex/ArchiveIntermediates/FateLost/IntermediateBuildFilesPath/FateLost.build/Release-iphoneos/FateLost.build/Objects-normal/arm64/FateLost_dependency_info.dat -fobjc-link-runtime -L/Applications/Xcode_26.3.app/Contents/Developer/Toolchains/XcodeDefault.xctoolchain/usr/lib/swift/iphoneos -L/usr/lib/swift -Xlinker -add_ast_path -Xlinker /Users/runner/Library/Developer/Xcode/DerivedData/FateLost-dsbvaqyopcoialazinyzimxmscaj/Build/Intermediates.noindex/ArchiveIntermediates/FateLost/IntermediateBuildFilesPath/FateLost.build/Release-iphoneos/FateLost.build/Objects-normal/arm64/FateLost.swiftmodule @/Users/runner/Library/Developer/Xcode/DerivedData/FateLost-dsbvaqyopcoialazinyzimxmscaj/Build/Intermediates.noindex/ArchiveIntermediates/FateLost/IntermediateBuildFilesPath/FateLost.build/Release-iphoneos/FateLost.build/Objects-normal/arm64/FateLost-linker-args.resp -Wl,-no_warn_duplicate_libraries -Wl,-no_warn_duplicate_libraries -framework WebKit -framework GoogleMobileAds -framework UserMessagingPlatform -Xlinker -no_adhoc_codesign -o /Users/runner/Library/Developer/Xcode/DerivedData/FateLost-dsbvaqyopcoialazinyzimxmscaj/Build/Intermediates.noindex/ArchiveIntermediates/FateLost/InstallationBuildProductsLocation/Applications/FateLost.app/FateLost -Xlinker -add_ast_path -Xlinker /Users/runner/Library/Developer/Xcode/DerivedData/FateLost-dsbvaqyopcoialazinyzimxmscaj/Build/Intermediates.noindex/ArchiveIntermediates/FateLost/IntermediateBuildFilesPath/GoogleMobileAds.build/Release-iphoneos/GoogleMobileAdsTarget.build/Objects-normal/arm64/GoogleMobileAdsTarget.swiftmodule @/Users/runner/Library/Developer/Xcode/DerivedData/FateLost-dsbvaqyopcoialazinyzimxmscaj/Build/Intermediates.noindex/ArchiveIntermediates/FateLost/IntermediateBuildFilesPath/GoogleMobileAds.build/Release-iphoneos/GoogleMobileAdsTarget.build/Objects-normal/arm64/GoogleMobileAdsTarget-linker-args.resp

CopySwiftLibs /Users/runner/Library/Developer/Xcode/DerivedData/FateLost-dsbvaqyopcoialazinyzimxmscaj/Build/Intermediates.noindex/ArchiveIntermediates/FateLost/InstallationBuildProductsLocation/Applications/FateLost.app (in target 'FateLost' from project 'FateLost')
    cd /Users/runner/work/FateLost/FateLost
    builtin-swiftStdLibTool --copy --verbose --sign A1EB880C4B848F32233818FA3FDDCA6D73DA6F9A --scan-executable /Users/runner/Library/Developer/Xcode/DerivedData/FateLost-dsbvaqyopcoialazinyzimxmscaj/Build/Intermediates.noindex/ArchiveIntermediates/FateLost/InstallationBuildProductsLocation/Applications/FateLost.app/FateLost --scan-folder /Users/runner/Library/Developer/Xcode/DerivedData/FateLost-dsbvaqyopcoialazinyzimxmscaj/Build/Intermediates.noindex/ArchiveIntermediates/FateLost/InstallationBuildProductsLocation/Applications/FateLost.app/Frameworks --scan-folder /Users/runner/Library/Developer/Xcode/DerivedData/FateLost-dsbvaqyopcoialazinyzimxmscaj/Build/Intermediates.noindex/ArchiveIntermediates/FateLost/InstallationBuildProductsLocation/Applications/FateLost.app/PlugIns --scan-folder /Users/runner/Library/Developer/Xcode/DerivedData/FateLost-dsbvaqyopcoialazinyzimxmscaj/Build/Intermediates.noindex/ArchiveIntermediates/FateLost/InstallationBuildProductsLocation/Applications/FateLost.app/SystemExtensions --scan-folder /Users/runner/Library/Developer/Xcode/DerivedData/FateLost-dsbvaqyopcoialazinyzimxmscaj/Build/Intermediates.noindex/ArchiveIntermediates/FateLost/InstallationBuildProductsLocation/Applications/FateLost.app/Extensions --platform iphoneos --toolchain /var/run/com.apple.security.cryptexd/mnt/com.apple.MobileAsset.MetalToolchain-v17.3.7003.10.L7IXpU/Metal.xctoolchain --toolchain /Applications/Xcode_26.3.app/Contents/Developer/Toolchains/XcodeDefault.xctoolchain --destination /Users/runner/Library/Developer/Xcode/DerivedData/FateLost-dsbvaqyopcoialazinyzimxmscaj/Build/Intermediates.noindex/ArchiveIntermediates/FateLost/InstallationBuildProductsLocation/Applications/FateLost.app/Frameworks --unsigned-destination /Users/runner/Library/Developer/Xcode/DerivedData/FateLost-dsbvaqyopcoialazinyzimxmscaj/Build/Intermediates.noindex/ArchiveIntermediates/FateLost/BuildProductsPath/SwiftSupport --strip-bitcode --strip-bitcode-tool /Applications/Xcode_26.3.app/Contents/Developer/Toolchains/XcodeDefault.xctoolchain/usr/bin/bitcode_strip --emit-dependency-info /Users/runner/Library/Developer/Xcode/DerivedData/FateLost-dsbvaqyopcoialazinyzimxmscaj/Build/Intermediates.noindex/ArchiveIntermediates/FateLost/IntermediateBuildFilesPath/FateLost.build/Release-iphoneos/FateLost.build/SwiftStdLibToolInputDependencies.dep --filter-for-swift-os --back-deploy-swift-span

ExtractAppIntentsMetadata (in target 'FateLost' from project 'FateLost')
    cd /Users/runner/work/FateLost/FateLost
    /Applications/Xcode_26.3.app/Contents/Developer/Toolchains/XcodeDefault.xctoolchain/usr/bin/appintentsmetadataprocessor --toolchain-dir /var/run/com.apple.security.cryptexd/mnt/com.apple.MobileAsset.MetalToolchain-v17.3.7003.10.L7IXpU/Metal.xctoolchain --module-name FateLost --sdk-root /Applications/Xcode_26.3.app/Contents/Developer/Platforms/iPhoneOS.platform/Developer/SDKs/iPhoneOS26.2.sdk --xcode-version 17C529 --platform-family iOS --deployment-target 17.0 --bundle-identifier com.wickedstudios.fatelost --output /Users/runner/Library/Developer/Xcode/DerivedData/FateLost-dsbvaqyopcoialazinyzimxmscaj/Build/Intermediates.noindex/ArchiveIntermediates/FateLost/InstallationBuildProductsLocation/Applications/FateLost.app --target-triple arm64-apple-ios17.0 --binary-file /Users/runner/Library/Developer/Xcode/DerivedData/FateLost-dsbvaqyopcoialazinyzimxmscaj/Build/Intermediates.noindex/ArchiveIntermediates/FateLost/InstallationBuildProductsLocation/Applications/FateLost.app/FateLost --dependency-file /Users/runner/Library/Developer/Xcode/DerivedData/FateLost-dsbvaqyopcoialazinyzimxmscaj/Build/Intermediates.noindex/ArchiveIntermediates/FateLost/IntermediateBuildFilesPath/FateLost.build/Release-iphoneos/FateLost.build/Objects-normal/arm64/FateLost_dependency_info.dat --stringsdata-file /Users/runner/Library/Developer/Xcode/DerivedData/FateLost-dsbvaqyopcoialazinyzimxmscaj/Build/Intermediates.noindex/ArchiveIntermediates/FateLost/IntermediateBuildFilesPath/FateLost.build/Release-iphoneos/FateLost.build/Objects-normal/arm64/ExtractedAppShortcutsMetadata.stringsdata --source-file-list /Users/runner/Library/Developer/Xcode/DerivedData/FateLost-dsbvaqyopcoialazinyzimxmscaj/Build/Intermediates.noindex/ArchiveIntermediates/FateLost/IntermediateBuildFilesPath/FateLost.build/Release-iphoneos/FateLost.build/Objects-normal/arm64/FateLost.SwiftFileList --metadata-file-list /Users/runner/Library/Developer/Xcode/DerivedData/FateLost-dsbvaqyopcoialazinyzimxmscaj/Build/Intermediates.noindex/ArchiveIntermediates/FateLost/IntermediateBuildFilesPath/FateLost.build/Release-iphoneos/FateLost.build/FateLost.DependencyMetadataFileList --static-metadata-file-list /Users/runner/Library/Developer/Xcode/DerivedData/FateLost-dsbvaqyopcoialazinyzimxmscaj/Build/Intermediates.noindex/ArchiveIntermediates/FateLost/IntermediateBuildFilesPath/FateLost.build/Release-iphoneos/FateLost.build/FateLost.DependencyStaticMetadataFileList --swift-const-vals-list /Users/runner/Library/Developer/Xcode/DerivedData/FateLost-dsbvaqyopcoialazinyzimxmscaj/Build/Intermediates.noindex/ArchiveIntermediates/FateLost/IntermediateBuildFilesPath/FateLost.build/Release-iphoneos/FateLost.build/Objects-normal/arm64/FateLost.SwiftConstValuesFileList --compile-time-extraction --deployment-aware-processing --validate-assistant-intents --no-app-shortcuts-localization
2026-09-28 01:04:08.066 appintentsmetadataprocessor[10983:34805] Starting appintentsmetadataprocessor export
2026-09-28 01:04:08.075 appintentsmetadataprocessor[10983:34805] warning: Metadata extraction skipped. No AppIntents.framework dependency found.

GenerateDSYMFile /Users/runner/Library/Developer/Xcode/DerivedData/FateLost-dsbvaqyopcoialazinyzimxmscaj/Build/Intermediates.noindex/ArchiveIntermediates/FateLost/BuildProductsPath/Release-iphoneos/FateLost.app.dSYM /Users/runner/Library/Developer/Xcode/DerivedData/FateLost-dsbvaqyopcoialazinyzimxmscaj/Build/Intermediates.noindex/ArchiveIntermediates/FateLost/InstallationBuildProductsLocation/Applications/FateLost.app/FateLost (in target 'FateLost' from project 'FateLost')
    cd /Users/runner/work/FateLost/FateLost
    /Applications/Xcode_26.3.app/Contents/Developer/Toolchains/XcodeDefault.xctoolchain/usr/bin/dsymutil /Users/runner/Library/Developer/Xcode/DerivedData/FateLost-dsbvaqyopcoialazinyzimxmscaj/Build/Intermediates.noindex/ArchiveIntermediates/FateLost/InstallationBuildProductsLocation/Applications/FateLost.app/FateLost -o /Users/runner/Library/Developer/Xcode/DerivedData/FateLost-dsbvaqyopcoialazinyzimxmscaj/Build/Intermediates.noindex/ArchiveIntermediates/FateLost/BuildProductsPath/Release-iphoneos/FateLost.app.dSYM

AppIntentsSSUTraining (in target 'FateLost' from project 'FateLost')
    cd /Users/runner/work/FateLost/FateLost
    /Applications/Xcode_26.3.app/Contents/Developer/Toolchains/XcodeDefault.xctoolchain/usr/bin/appintentsnltrainingprocessor --infoplist-path /Users/runner/Library/Developer/Xcode/DerivedData/FateLost-dsbvaqyopcoialazinyzimxmscaj/Build/Intermediates.noindex/ArchiveIntermediates/FateLost/InstallationBuildProductsLocation/Applications/FateLost.app/Info.plist --temp-dir-path /Users/runner/Library/Developer/Xcode/DerivedData/FateLost-dsbvaqyopcoialazinyzimxmscaj/Build/Intermediates.noindex/ArchiveIntermediates/FateLost/IntermediateBuildFilesPath/FateLost.build/Release-iphoneos/FateLost.build/ssu --bundle-id com.wickedstudios.fatelost --product-path /Users/runner/Library/Developer/Xcode/DerivedData/FateLost-dsbvaqyopcoialazinyzimxmscaj/Build/Intermediates.noindex/ArchiveIntermediates/FateLost/InstallationBuildProductsLocation/Applications/FateLost.app --extracted-metadata-path /Users/runner/Library/Developer/Xcode/DerivedData/FateLost-dsbvaqyopcoialazinyzimxmscaj/Build/Intermediates.noindex/ArchiveIntermediates/FateLost/InstallationBuildProductsLocation/Applications/FateLost.app/Metadata.appintents --deployment-postprocessing --metadata-file-list /Users/runner/Library/Developer/Xcode/DerivedData/FateLost-dsbvaqyopcoialazinyzimxmscaj/Build/Intermediates.noindex/ArchiveIntermediates/FateLost/IntermediateBuildFilesPath/FateLost.build/Release-iphoneos/FateLost.build/FateLost.DependencyMetadataFileList --archive-ssu-assets
2026-09-28 01:04:08.124 appintentsnltrainingprocessor[10985:34814] Parsing options for appintentsnltrainingprocessor
2026-09-28 01:04:08.125 appintentsnltrainingprocessor[10985:34814] No AppShortcuts found - Skipping.

Strip /Users/runner/Library/Developer/Xcode/DerivedData/FateLost-dsbvaqyopcoialazinyzimxmscaj/Build/Intermediates.noindex/ArchiveIntermediates/FateLost/InstallationBuildProductsLocation/Applications/FateLost.app/FateLost (in target 'FateLost' from project 'FateLost')
    cd /Users/runner/work/FateLost/FateLost
    /Applications/Xcode_26.3.app/Contents/Developer/Toolchains/XcodeDefault.xctoolchain/usr/bin/strip -D /Users/runner/Library/Developer/Xcode/DerivedData/FateLost-dsbvaqyopcoialazinyzimxmscaj/Build/Intermediates.noindex/ArchiveIntermediates/FateLost/InstallationBuildProductsLocation/Applications/FateLost.app/FateLost

SetOwnerAndGroup runner:staff /Users/runner/Library/Developer/Xcode/DerivedData/FateLost-dsbvaqyopcoialazinyzimxmscaj/Build/Intermediates.noindex/ArchiveIntermediates/FateLost/InstallationBuildProductsLocation/Applications/FateLost.app (in target 'FateLost' from project 'FateLost')
    cd /Users/runner/work/FateLost/FateLost
    /usr/sbin/chown -RH runner:staff /Users/runner/Library/Developer/Xcode/DerivedData/FateLost-dsbvaqyopcoialazinyzimxmscaj/Build/Intermediates.noindex/ArchiveIntermediates/FateLost/InstallationBuildProductsLocation/Applications/FateLost.app

SetMode u+w,go-w,a+rX /Users/runner/Library/Developer/Xcode/DerivedData/FateLost-dsbvaqyopcoialazinyzimxmscaj/Build/Intermediates.noindex/ArchiveIntermediates/FateLost/InstallationBuildProductsLocation/Applications/FateLost.app (in target 'FateLost' from project 'FateLost')
    cd /Users/runner/work/FateLost/FateLost
    /bin/chmod -RH u+w,go-w,a+rX /Users/runner/Library/Developer/Xcode/DerivedData/FateLost-dsbvaqyopcoialazinyzimxmscaj/Build/Intermediates.noindex/ArchiveIntermediates/FateLost/InstallationBuildProductsLocation/Applications/FateLost.app

CodeSign /Users/runner/Library/Developer/Xcode/DerivedData/FateLost-dsbvaqyopcoialazinyzimxmscaj/Build/Intermediates.noindex/ArchiveIntermediates/FateLost/InstallationBuildProductsLocation/Applications/FateLost.app (in target 'FateLost' from project 'FateLost')
    cd /Users/runner/work/FateLost/FateLost
    
    Signing Identity:     "Apple Development: Created via API (R9SJVL2959)"
    Provisioning Profile: "iOS Team Provisioning Profile: com.wickedstudios.fatelost"
                          (f856f040-c400-463c-bdd0-4d2544896f34)
    
    /usr/bin/codesign --force --sign A1EB880C4B848F32233818FA3FDDCA6D73DA6F9A --entitlements /Users/runner/Library/Developer/Xcode/DerivedData/FateLost-dsbvaqyopcoialazinyzimxmscaj/Build/Intermediates.noindex/ArchiveIntermediates/FateLost/IntermediateBuildFilesPath/FateLost.build/Release-iphoneos/FateLost.build/FateLost.app.xcent --generate-entitlement-der /Users/runner/Library/Developer/Xcode/DerivedData/FateLost-dsbvaqyopcoialazinyzimxmscaj/Build/Intermediates.noindex/ArchiveIntermediates/FateLost/InstallationBuildProductsLocation/Applications/FateLost.app

RegisterExecutionPolicyException /Users/runner/Library/Developer/Xcode/DerivedData/FateLost-dsbvaqyopcoialazinyzimxmscaj/Build/Intermediates.noindex/ArchiveIntermediates/FateLost/InstallationBuildProductsLocation/Applications/FateLost.app (in target 'FateLost' from project 'FateLost')
    cd /Users/runner/work/FateLost/FateLost
    builtin-RegisterExecutionPolicyException /Users/runner/Library/Developer/Xcode/DerivedData/FateLost-dsbvaqyopcoialazinyzimxmscaj/Build/Intermediates.noindex/ArchiveIntermediates/FateLost/InstallationBuildProductsLocation/Applications/FateLost.app

Validate /Users/runner/Library/Developer/Xcode/DerivedData/FateLost-dsbvaqyopcoialazinyzimxmscaj/Build/Intermediates.noindex/ArchiveIntermediates/FateLost/InstallationBuildProductsLocation/Applications/FateLost.app (in target 'FateLost' from project 'FateLost')
    cd /Users/runner/work/FateLost/FateLost
    builtin-validationUtility /Users/runner/Library/Developer/Xcode/DerivedData/FateLost-dsbvaqyopcoialazinyzimxmscaj/Build/Intermediates.noindex/ArchiveIntermediates/FateLost/InstallationBuildProductsLocation/Applications/FateLost.app -validate-for-store -shallow-bundle -infoplist-subpath Info.plist

Touch /Users/runner/Library/Developer/Xcode/DerivedData/FateLost-dsbvaqyopcoialazinyzimxmscaj/Build/Intermediates.noindex/ArchiveIntermediates/FateLost/InstallationBuildProductsLocation/Applications/FateLost.app (in target 'FateLost' from project 'FateLost')
    cd /Users/runner/work/FateLost/FateLost
    /usr/bin/touch -c /Users/runner/Library/Developer/Xcode/DerivedData/FateLost-dsbvaqyopcoialazinyzimxmscaj/Build/Intermediates.noindex/ArchiveIntermediates/FateLost/InstallationBuildProductsLocation/Applications/FateLost.app

** ARCHIVE SUCCEEDED **

