Command line invocation:
    /Applications/Xcode_26.3.app/Contents/Developer/usr/bin/xcodebuild -project FateLost.xcodeproj -scheme FateLost -configuration Release -sdk iphoneos -destination generic/platform=iOS -derivedDataPath build SWIFT_ACTIVE_COMPILATION_CONDITIONS=FATELOST_DEVTOOLS CODE_SIGN_IDENTITY= CODE_SIGNING_REQUIRED=NO CODE_SIGNING_ALLOWED=NO CODE_SIGN_ENTITLEMENTS= clean build

Build settings from command line:
    CODE_SIGN_ENTITLEMENTS = 
    CODE_SIGN_IDENTITY = 
    CODE_SIGNING_ALLOWED = NO
    CODE_SIGNING_REQUIRED = NO
    SDKROOT = iphoneos26.2
    SWIFT_ACTIVE_COMPILATION_CONDITIONS = FATELOST_DEVTOOLS

note: Using codesigning identity override: 
CreateBuildRequest

SendProjectDescription

CreateBuildOperation

** CLEAN SUCCEEDED **

note: Using codesigning identity override: 
ComputePackagePrebuildTargetDependencyGraph

Prepare packages

CreateBuildRequest

SendProjectDescription

CreateBuildOperation

ComputeTargetDependencyGraph
note: Building targets in dependency order
note: Target dependency graph (1 target)
    Target 'FateLost' in project 'FateLost' (no dependencies)

GatherProvisioningInputs

CreateBuildDescription

ExecuteExternalTool /Applications/Xcode_26.3.app/Contents/Developer/Toolchains/XcodeDefault.xctoolchain/usr/bin/clang -v -E -dM -isysroot /Applications/Xcode_26.3.app/Contents/Developer/Platforms/iPhoneOS.platform/Developer/SDKs/iPhoneOS26.2.sdk -x c -c /dev/null

ExecuteExternalTool /Applications/Xcode_26.3.app/Contents/Developer/usr/bin/actool --print-asset-tag-combinations --output-format xml1 /Users/runner/work/FateLost/FateLost/FateLost/Resources/Assets.xcassets

ExecuteExternalTool /Applications/Xcode_26.3.app/Contents/Developer/usr/bin/actool --version --output-format xml1

ExecuteExternalTool /Applications/Xcode_26.3.app/Contents/Developer/Toolchains/XcodeDefault.xctoolchain/usr/bin/swiftc --version

ExecuteExternalTool /Applications/Xcode_26.3.app/Contents/Developer/Toolchains/XcodeDefault.xctoolchain/usr/bin/ld -version_details

Build description signature: aac12da4ffce177459166d30a9b5ffc9
Build description path: /Users/runner/work/FateLost/FateLost/build/Build/Intermediates.noindex/XCBuildData/aac12da4ffce177459166d30a9b5ffc9.xcbuilddata
CreateBuildDirectory /Users/runner/work/FateLost/FateLost/build/Build/Products
    cd /Users/runner/work/FateLost/FateLost/FateLost.xcodeproj
    builtin-create-build-directory /Users/runner/work/FateLost/FateLost/build/Build/Products

CreateBuildDirectory /Users/runner/work/FateLost/FateLost/build/Build/Intermediates.noindex
    cd /Users/runner/work/FateLost/FateLost/FateLost.xcodeproj
    builtin-create-build-directory /Users/runner/work/FateLost/FateLost/build/Build/Intermediates.noindex

ClangStatCache /Applications/Xcode_26.3.app/Contents/Developer/Toolchains/XcodeDefault.xctoolchain/usr/bin/clang-stat-cache /Applications/Xcode_26.3.app/Contents/Developer/Platforms/iPhoneOS.platform/Developer/SDKs/iPhoneOS26.2.sdk /Users/runner/work/FateLost/FateLost/build/SDKStatCaches.noindex/iphoneos26.2-23C57-dc75598d0054f22ec865fa860f139d722dd23b4ebda140f7210d155ff1243552.sdkstatcache
    cd /Users/runner/work/FateLost/FateLost/FateLost.xcodeproj
    /Applications/Xcode_26.3.app/Contents/Developer/Toolchains/XcodeDefault.xctoolchain/usr/bin/clang-stat-cache /Applications/Xcode_26.3.app/Contents/Developer/Platforms/iPhoneOS.platform/Developer/SDKs/iPhoneOS26.2.sdk -o /Users/runner/work/FateLost/FateLost/build/SDKStatCaches.noindex/iphoneos26.2-23C57-dc75598d0054f22ec865fa860f139d722dd23b4ebda140f7210d155ff1243552.sdkstatcache

CreateBuildDirectory /Users/runner/work/FateLost/FateLost/build/Build/Products/Release-iphoneos
    cd /Users/runner/work/FateLost/FateLost/FateLost.xcodeproj
    builtin-create-build-directory /Users/runner/work/FateLost/FateLost/build/Build/Products/Release-iphoneos

WriteAuxiliaryFile /Users/runner/work/FateLost/FateLost/build/Build/Intermediates.noindex/FateLost.build/Release-iphoneos/FateLost-b7204f8cf0954d34cbb54ca2f9d32c2a-VFS-iphoneos/all-product-headers.yaml
    cd /Users/runner/work/FateLost/FateLost/FateLost.xcodeproj
    write-file /Users/runner/work/FateLost/FateLost/build/Build/Intermediates.noindex/FateLost.build/Release-iphoneos/FateLost-b7204f8cf0954d34cbb54ca2f9d32c2a-VFS-iphoneos/all-product-headers.yaml

CreateBuildDirectory /Users/runner/work/FateLost/FateLost/build/Build/Intermediates.noindex/SwiftExplicitPrecompiledModules
    cd /Users/runner/work/FateLost/FateLost/FateLost.xcodeproj
    builtin-create-build-directory /Users/runner/work/FateLost/FateLost/build/Build/Intermediates.noindex/SwiftExplicitPrecompiledModules

CreateBuildDirectory /Users/runner/work/FateLost/FateLost/build/Build/Intermediates.noindex/ExplicitPrecompiledModules
    cd /Users/runner/work/FateLost/FateLost/FateLost.xcodeproj
    builtin-create-build-directory /Users/runner/work/FateLost/FateLost/build/Build/Intermediates.noindex/ExplicitPrecompiledModules

CreateBuildDirectory /Users/runner/work/FateLost/FateLost/build/Build/Intermediates.noindex/EagerLinkingTBDs/Release-iphoneos
    cd /Users/runner/work/FateLost/FateLost/FateLost.xcodeproj
    builtin-create-build-directory /Users/runner/work/FateLost/FateLost/build/Build/Intermediates.noindex/EagerLinkingTBDs/Release-iphoneos

WriteAuxiliaryFile /Users/runner/work/FateLost/FateLost/build/Build/Intermediates.noindex/FateLost.build/Release-iphoneos/FateLost.build/Objects-normal/arm64/FateLost_const_extract_protocols.json (in target 'FateLost' from project 'FateLost')
    cd /Users/runner/work/FateLost/FateLost
    write-file /Users/runner/work/FateLost/FateLost/build/Build/Intermediates.noindex/FateLost.build/Release-iphoneos/FateLost.build/Objects-normal/arm64/FateLost_const_extract_protocols.json

WriteAuxiliaryFile /Users/runner/work/FateLost/FateLost/build/Build/Intermediates.noindex/FateLost.build/Release-iphoneos/FateLost.build/Objects-normal/arm64/FateLost.SwiftFileList (in target 'FateLost' from project 'FateLost')
    cd /Users/runner/work/FateLost/FateLost
    write-file /Users/runner/work/FateLost/FateLost/build/Build/Intermediates.noindex/FateLost.build/Release-iphoneos/FateLost.build/Objects-normal/arm64/FateLost.SwiftFileList

WriteAuxiliaryFile /Users/runner/work/FateLost/FateLost/build/Build/Intermediates.noindex/FateLost.build/Release-iphoneos/FateLost.build/Objects-normal/arm64/FateLost.SwiftConstValuesFileList (in target 'FateLost' from project 'FateLost')
    cd /Users/runner/work/FateLost/FateLost
    write-file /Users/runner/work/FateLost/FateLost/build/Build/Intermediates.noindex/FateLost.build/Release-iphoneos/FateLost.build/Objects-normal/arm64/FateLost.SwiftConstValuesFileList

WriteAuxiliaryFile /Users/runner/work/FateLost/FateLost/build/Build/Intermediates.noindex/FateLost.build/Release-iphoneos/FateLost.build/Objects-normal/arm64/FateLost.LinkFileList (in target 'FateLost' from project 'FateLost')
    cd /Users/runner/work/FateLost/FateLost
    write-file /Users/runner/work/FateLost/FateLost/build/Build/Intermediates.noindex/FateLost.build/Release-iphoneos/FateLost.build/Objects-normal/arm64/FateLost.LinkFileList

WriteAuxiliaryFile /Users/runner/work/FateLost/FateLost/build/Build/Intermediates.noindex/FateLost.build/Release-iphoneos/FateLost.build/Objects-normal/arm64/FateLost-OutputFileMap.json (in target 'FateLost' from project 'FateLost')
    cd /Users/runner/work/FateLost/FateLost
    write-file /Users/runner/work/FateLost/FateLost/build/Build/Intermediates.noindex/FateLost.build/Release-iphoneos/FateLost.build/Objects-normal/arm64/FateLost-OutputFileMap.json

WriteAuxiliaryFile /Users/runner/work/FateLost/FateLost/build/Build/Intermediates.noindex/FateLost.build/Release-iphoneos/FateLost.build/FateLost.hmap (in target 'FateLost' from project 'FateLost')
    cd /Users/runner/work/FateLost/FateLost
    write-file /Users/runner/work/FateLost/FateLost/build/Build/Intermediates.noindex/FateLost.build/Release-iphoneos/FateLost.build/FateLost.hmap

WriteAuxiliaryFile /Users/runner/work/FateLost/FateLost/build/Build/Intermediates.noindex/FateLost.build/Release-iphoneos/FateLost.build/FateLost.DependencyStaticMetadataFileList (in target 'FateLost' from project 'FateLost')
    cd /Users/runner/work/FateLost/FateLost
    write-file /Users/runner/work/FateLost/FateLost/build/Build/Intermediates.noindex/FateLost.build/Release-iphoneos/FateLost.build/FateLost.DependencyStaticMetadataFileList

WriteAuxiliaryFile /Users/runner/work/FateLost/FateLost/build/Build/Intermediates.noindex/FateLost.build/Release-iphoneos/FateLost.build/FateLost.DependencyMetadataFileList (in target 'FateLost' from project 'FateLost')
    cd /Users/runner/work/FateLost/FateLost
    write-file /Users/runner/work/FateLost/FateLost/build/Build/Intermediates.noindex/FateLost.build/Release-iphoneos/FateLost.build/FateLost.DependencyMetadataFileList

WriteAuxiliaryFile /Users/runner/work/FateLost/FateLost/build/Build/Intermediates.noindex/FateLost.build/Release-iphoneos/FateLost.build/FateLost-project-headers.hmap (in target 'FateLost' from project 'FateLost')
    cd /Users/runner/work/FateLost/FateLost
    write-file /Users/runner/work/FateLost/FateLost/build/Build/Intermediates.noindex/FateLost.build/Release-iphoneos/FateLost.build/FateLost-project-headers.hmap

WriteAuxiliaryFile /Users/runner/work/FateLost/FateLost/build/Build/Intermediates.noindex/FateLost.build/Release-iphoneos/FateLost.build/FateLost-own-target-headers.hmap (in target 'FateLost' from project 'FateLost')
    cd /Users/runner/work/FateLost/FateLost
    write-file /Users/runner/work/FateLost/FateLost/build/Build/Intermediates.noindex/FateLost.build/Release-iphoneos/FateLost.build/FateLost-own-target-headers.hmap

WriteAuxiliaryFile /Users/runner/work/FateLost/FateLost/build/Build/Intermediates.noindex/FateLost.build/Release-iphoneos/FateLost.build/FateLost-generated-files.hmap (in target 'FateLost' from project 'FateLost')
    cd /Users/runner/work/FateLost/FateLost
    write-file /Users/runner/work/FateLost/FateLost/build/Build/Intermediates.noindex/FateLost.build/Release-iphoneos/FateLost.build/FateLost-generated-files.hmap

WriteAuxiliaryFile /Users/runner/work/FateLost/FateLost/build/Build/Intermediates.noindex/FateLost.build/Release-iphoneos/FateLost.build/FateLost-all-target-headers.hmap (in target 'FateLost' from project 'FateLost')
    cd /Users/runner/work/FateLost/FateLost
    write-file /Users/runner/work/FateLost/FateLost/build/Build/Intermediates.noindex/FateLost.build/Release-iphoneos/FateLost.build/FateLost-all-target-headers.hmap

WriteAuxiliaryFile /Users/runner/work/FateLost/FateLost/build/Build/Intermediates.noindex/FateLost.build/Release-iphoneos/FateLost.build/FateLost-all-non-framework-target-headers.hmap (in target 'FateLost' from project 'FateLost')
    cd /Users/runner/work/FateLost/FateLost
    write-file /Users/runner/work/FateLost/FateLost/build/Build/Intermediates.noindex/FateLost.build/Release-iphoneos/FateLost.build/FateLost-all-non-framework-target-headers.hmap

MkDir /Users/runner/work/FateLost/FateLost/build/Build/Products/Release-iphoneos/FateLost.app (in target 'FateLost' from project 'FateLost')
    cd /Users/runner/work/FateLost/FateLost
    /bin/mkdir -p /Users/runner/work/FateLost/FateLost/build/Build/Products/Release-iphoneos/FateLost.app

MkDir /Users/runner/work/FateLost/FateLost/build/Build/Intermediates.noindex/FateLost.build/Release-iphoneos/FateLost.build/assetcatalog_output/unthinned (in target 'FateLost' from project 'FateLost')
    cd /Users/runner/work/FateLost/FateLost
    /bin/mkdir -p /Users/runner/work/FateLost/FateLost/build/Build/Intermediates.noindex/FateLost.build/Release-iphoneos/FateLost.build/assetcatalog_output/unthinned

MkDir /Users/runner/work/FateLost/FateLost/build/Build/Intermediates.noindex/FateLost.build/Release-iphoneos/FateLost.build/assetcatalog_output/thinned (in target 'FateLost' from project 'FateLost')
    cd /Users/runner/work/FateLost/FateLost
    /bin/mkdir -p /Users/runner/work/FateLost/FateLost/build/Build/Intermediates.noindex/FateLost.build/Release-iphoneos/FateLost.build/assetcatalog_output/thinned

GenerateAssetSymbols /Users/runner/work/FateLost/FateLost/FateLost/Resources/Assets.xcassets (in target 'FateLost' from project 'FateLost')
    cd /Users/runner/work/FateLost/FateLost
    /Applications/Xcode_26.3.app/Contents/Developer/usr/bin/actool /Users/runner/work/FateLost/FateLost/FateLost/Resources/Assets.xcassets --compile /Users/runner/work/FateLost/FateLost/build/Build/Products/Release-iphoneos/FateLost.app --output-format human-readable-text --notices --warnings --export-dependency-info /Users/runner/work/FateLost/FateLost/build/Build/Intermediates.noindex/FateLost.build/Release-iphoneos/FateLost.build/assetcatalog_dependencies --output-partial-info-plist /Users/runner/work/FateLost/FateLost/build/Build/Intermediates.noindex/FateLost.build/Release-iphoneos/FateLost.build/assetcatalog_generated_info.plist --app-icon AppIcon --accent-color AccentColor --compress-pngs --enable-on-demand-resources YES --development-region en --target-device iphone --target-device ipad --minimum-deployment-target 17.0 --platform iphoneos --bundle-identifier com.wickedstudios.fatelost --generate-swift-asset-symbol-extensions NO --generate-swift-asset-symbols /Users/runner/work/FateLost/FateLost/build/Build/Intermediates.noindex/FateLost.build/Release-iphoneos/FateLost.build/DerivedSources/GeneratedAssetSymbols.swift --generate-objc-asset-symbols /Users/runner/work/FateLost/FateLost/build/Build/Intermediates.noindex/FateLost.build/Release-iphoneos/FateLost.build/DerivedSources/GeneratedAssetSymbols.h --generate-asset-symbol-index /Users/runner/work/FateLost/FateLost/build/Build/Intermediates.noindex/FateLost.build/Release-iphoneos/FateLost.build/DerivedSources/GeneratedAssetSymbols-Index.plist
/* com.apple.actool.compilation-results */
/Users/runner/work/FateLost/FateLost/build/Build/Intermediates.noindex/FateLost.build/Release-iphoneos/FateLost.build/DerivedSources/GeneratedAssetSymbols-Index.plist
/Users/runner/work/FateLost/FateLost/build/Build/Intermediates.noindex/FateLost.build/Release-iphoneos/FateLost.build/DerivedSources/GeneratedAssetSymbols.h
/Users/runner/work/FateLost/FateLost/build/Build/Intermediates.noindex/FateLost.build/Release-iphoneos/FateLost.build/DerivedSources/GeneratedAssetSymbols.swift


CpResource /Users/runner/work/FateLost/FateLost/build/Build/Products/Release-iphoneos/FateLost.app/ui_tree_open.wav /Users/runner/work/FateLost/FateLost/FateLost/Resources/Audio/ui_tree_open.wav (in target 'FateLost' from project 'FateLost')
    cd /Users/runner/work/FateLost/FateLost
    builtin-copy -exclude .DS_Store -exclude CVS -exclude .svn -exclude .git -exclude .hg -resolve-src-symlinks /Users/runner/work/FateLost/FateLost/FateLost/Resources/Audio/ui_tree_open.wav /Users/runner/work/FateLost/FateLost/build/Build/Products/Release-iphoneos/FateLost.app

CpResource /Users/runner/work/FateLost/FateLost/build/Build/Products/Release-iphoneos/FateLost.app/ui_skill_learn.wav /Users/runner/work/FateLost/FateLost/FateLost/Resources/Audio/ui_skill_learn.wav (in target 'FateLost' from project 'FateLost')
    cd /Users/runner/work/FateLost/FateLost
    builtin-copy -exclude .DS_Store -exclude CVS -exclude .svn -exclude .git -exclude .hg -resolve-src-symlinks /Users/runner/work/FateLost/FateLost/FateLost/Resources/Audio/ui_skill_learn.wav /Users/runner/work/FateLost/FateLost/build/Build/Products/Release-iphoneos/FateLost.app

CpResource /Users/runner/work/FateLost/FateLost/build/Build/Products/Release-iphoneos/FateLost.app/ui_confirm.wav /Users/runner/work/FateLost/FateLost/FateLost/Resources/Audio/ui_confirm.wav (in target 'FateLost' from project 'FateLost')
    cd /Users/runner/work/FateLost/FateLost
    builtin-copy -exclude .DS_Store -exclude CVS -exclude .svn -exclude .git -exclude .hg -resolve-src-symlinks /Users/runner/work/FateLost/FateLost/FateLost/Resources/Audio/ui_confirm.wav /Users/runner/work/FateLost/FateLost/build/Build/Products/Release-iphoneos/FateLost.app

CpResource /Users/runner/work/FateLost/FateLost/build/Build/Products/Release-iphoneos/FateLost.app/ui_back.wav /Users/runner/work/FateLost/FateLost/FateLost/Resources/Audio/ui_back.wav (in target 'FateLost' from project 'FateLost')
    cd /Users/runner/work/FateLost/FateLost
    builtin-copy -exclude .DS_Store -exclude CVS -exclude .svn -exclude .git -exclude .hg -resolve-src-symlinks /Users/runner/work/FateLost/FateLost/FateLost/Resources/Audio/ui_back.wav /Users/runner/work/FateLost/FateLost/build/Build/Products/Release-iphoneos/FateLost.app

CpResource /Users/runner/work/FateLost/FateLost/build/Build/Products/Release-iphoneos/FateLost.app/sfx_swing_3.wav /Users/runner/work/FateLost/FateLost/FateLost/Resources/Audio/sfx_swing_3.wav (in target 'FateLost' from project 'FateLost')
    cd /Users/runner/work/FateLost/FateLost
    builtin-copy -exclude .DS_Store -exclude CVS -exclude .svn -exclude .git -exclude .hg -resolve-src-symlinks /Users/runner/work/FateLost/FateLost/FateLost/Resources/Audio/sfx_swing_3.wav /Users/runner/work/FateLost/FateLost/build/Build/Products/Release-iphoneos/FateLost.app

CpResource /Users/runner/work/FateLost/FateLost/build/Build/Products/Release-iphoneos/FateLost.app/sfx_swing_2.wav /Users/runner/work/FateLost/FateLost/FateLost/Resources/Audio/sfx_swing_2.wav (in target 'FateLost' from project 'FateLost')
    cd /Users/runner/work/FateLost/FateLost
    builtin-copy -exclude .DS_Store -exclude CVS -exclude .svn -exclude .git -exclude .hg -resolve-src-symlinks /Users/runner/work/FateLost/FateLost/FateLost/Resources/Audio/sfx_swing_2.wav /Users/runner/work/FateLost/FateLost/build/Build/Products/Release-iphoneos/FateLost.app

CpResource /Users/runner/work/FateLost/FateLost/build/Build/Products/Release-iphoneos/FateLost.app/sfx_swing_1.wav /Users/runner/work/FateLost/FateLost/FateLost/Resources/Audio/sfx_swing_1.wav (in target 'FateLost' from project 'FateLost')
    cd /Users/runner/work/FateLost/FateLost
    builtin-copy -exclude .DS_Store -exclude CVS -exclude .svn -exclude .git -exclude .hg -resolve-src-symlinks /Users/runner/work/FateLost/FateLost/FateLost/Resources/Audio/sfx_swing_1.wav /Users/runner/work/FateLost/FateLost/build/Build/Products/Release-iphoneos/FateLost.app

CpResource /Users/runner/work/FateLost/FateLost/build/Build/Products/Release-iphoneos/FateLost.app/sfx_summon.wav /Users/runner/work/FateLost/FateLost/FateLost/Resources/Audio/sfx_summon.wav (in target 'FateLost' from project 'FateLost')
    cd /Users/runner/work/FateLost/FateLost
    builtin-copy -exclude .DS_Store -exclude CVS -exclude .svn -exclude .git -exclude .hg -resolve-src-symlinks /Users/runner/work/FateLost/FateLost/FateLost/Resources/Audio/sfx_summon.wav /Users/runner/work/FateLost/FateLost/build/Build/Products/Release-iphoneos/FateLost.app

CpResource /Users/runner/work/FateLost/FateLost/build/Build/Products/Release-iphoneos/FateLost.app/sfx_shapeshift.wav /Users/runner/work/FateLost/FateLost/FateLost/Resources/Audio/sfx_shapeshift.wav (in target 'FateLost' from project 'FateLost')
    cd /Users/runner/work/FateLost/FateLost
    builtin-copy -exclude .DS_Store -exclude CVS -exclude .svn -exclude .git -exclude .hg -resolve-src-symlinks /Users/runner/work/FateLost/FateLost/FateLost/Resources/Audio/sfx_shapeshift.wav /Users/runner/work/FateLost/FateLost/build/Build/Products/Release-iphoneos/FateLost.app

CpResource /Users/runner/work/FateLost/FateLost/build/Build/Products/Release-iphoneos/FateLost.app/sfx_player_hurt.wav /Users/runner/work/FateLost/FateLost/FateLost/Resources/Audio/sfx_player_hurt.wav (in target 'FateLost' from project 'FateLost')
    cd /Users/runner/work/FateLost/FateLost
    builtin-copy -exclude .DS_Store -exclude CVS -exclude .svn -exclude .git -exclude .hg -resolve-src-symlinks /Users/runner/work/FateLost/FateLost/FateLost/Resources/Audio/sfx_player_hurt.wav /Users/runner/work/FateLost/FateLost/build/Build/Products/Release-iphoneos/FateLost.app

CpResource /Users/runner/work/FateLost/FateLost/build/Build/Products/Release-iphoneos/FateLost.app/sfx_player_death.wav /Users/runner/work/FateLost/FateLost/FateLost/Resources/Audio/sfx_player_death.wav (in target 'FateLost' from project 'FateLost')
    cd /Users/runner/work/FateLost/FateLost
    builtin-copy -exclude .DS_Store -exclude CVS -exclude .svn -exclude .git -exclude .hg -resolve-src-symlinks /Users/runner/work/FateLost/FateLost/FateLost/Resources/Audio/sfx_player_death.wav /Users/runner/work/FateLost/FateLost/build/Build/Products/Release-iphoneos/FateLost.app

CpResource /Users/runner/work/FateLost/FateLost/build/Build/Products/Release-iphoneos/FateLost.app/sfx_level_up.wav /Users/runner/work/FateLost/FateLost/FateLost/Resources/Audio/sfx_level_up.wav (in target 'FateLost' from project 'FateLost')
    cd /Users/runner/work/FateLost/FateLost
    builtin-copy -exclude .DS_Store -exclude CVS -exclude .svn -exclude .git -exclude .hg -resolve-src-symlinks /Users/runner/work/FateLost/FateLost/FateLost/Resources/Audio/sfx_level_up.wav /Users/runner/work/FateLost/FateLost/build/Build/Products/Release-iphoneos/FateLost.app

CpResource /Users/runner/work/FateLost/FateLost/build/Build/Products/Release-iphoneos/FateLost.app/sfx_keg_blast.wav /Users/runner/work/FateLost/FateLost/FateLost/Resources/Audio/sfx_keg_blast.wav (in target 'FateLost' from project 'FateLost')
    cd /Users/runner/work/FateLost/FateLost
    builtin-copy -exclude .DS_Store -exclude CVS -exclude .svn -exclude .git -exclude .hg -resolve-src-symlinks /Users/runner/work/FateLost/FateLost/FateLost/Resources/Audio/sfx_keg_blast.wav /Users/runner/work/FateLost/FateLost/build/Build/Products/Release-iphoneos/FateLost.app

CpResource /Users/runner/work/FateLost/FateLost/build/Build/Products/Release-iphoneos/FateLost.app/sfx_hit_critical.wav /Users/runner/work/FateLost/FateLost/FateLost/Resources/Audio/sfx_hit_critical.wav (in target 'FateLost' from project 'FateLost')
    cd /Users/runner/work/FateLost/FateLost
    builtin-copy -exclude .DS_Store -exclude CVS -exclude .svn -exclude .git -exclude .hg -resolve-src-symlinks /Users/runner/work/FateLost/FateLost/FateLost/Resources/Audio/sfx_hit_critical.wav /Users/runner/work/FateLost/FateLost/build/Build/Products/Release-iphoneos/FateLost.app

CpResource /Users/runner/work/FateLost/FateLost/build/Build/Products/Release-iphoneos/FateLost.app/sfx_hit_3.wav /Users/runner/work/FateLost/FateLost/FateLost/Resources/Audio/sfx_hit_3.wav (in target 'FateLost' from project 'FateLost')
    cd /Users/runner/work/FateLost/FateLost
    builtin-copy -exclude .DS_Store -exclude CVS -exclude .svn -exclude .git -exclude .hg -resolve-src-symlinks /Users/runner/work/FateLost/FateLost/FateLost/Resources/Audio/sfx_hit_3.wav /Users/runner/work/FateLost/FateLost/build/Build/Products/Release-iphoneos/FateLost.app

CpResource /Users/runner/work/FateLost/FateLost/build/Build/Products/Release-iphoneos/FateLost.app/sfx_hit_2.wav /Users/runner/work/FateLost/FateLost/FateLost/Resources/Audio/sfx_hit_2.wav (in target 'FateLost' from project 'FateLost')
    cd /Users/runner/work/FateLost/FateLost
    builtin-copy -exclude .DS_Store -exclude CVS -exclude .svn -exclude .git -exclude .hg -resolve-src-symlinks /Users/runner/work/FateLost/FateLost/FateLost/Resources/Audio/sfx_hit_2.wav /Users/runner/work/FateLost/FateLost/build/Build/Products/Release-iphoneos/FateLost.app

CpResource /Users/runner/work/FateLost/FateLost/build/Build/Products/Release-iphoneos/FateLost.app/sfx_hit_1.wav /Users/runner/work/FateLost/FateLost/FateLost/Resources/Audio/sfx_hit_1.wav (in target 'FateLost' from project 'FateLost')
    cd /Users/runner/work/FateLost/FateLost
    builtin-copy -exclude .DS_Store -exclude CVS -exclude .svn -exclude .git -exclude .hg -resolve-src-symlinks /Users/runner/work/FateLost/FateLost/FateLost/Resources/Audio/sfx_hit_1.wav /Users/runner/work/FateLost/FateLost/build/Build/Products/Release-iphoneos/FateLost.app

CpResource /Users/runner/work/FateLost/FateLost/build/Build/Products/Release-iphoneos/FateLost.app/sfx_heal.wav /Users/runner/work/FateLost/FateLost/FateLost/Resources/Audio/sfx_heal.wav (in target 'FateLost' from project 'FateLost')
    cd /Users/runner/work/FateLost/FateLost
    builtin-copy -exclude .DS_Store -exclude CVS -exclude .svn -exclude .git -exclude .hg -resolve-src-symlinks /Users/runner/work/FateLost/FateLost/FateLost/Resources/Audio/sfx_heal.wav /Users/runner/work/FateLost/FateLost/build/Build/Products/Release-iphoneos/FateLost.app

CpResource /Users/runner/work/FateLost/FateLost/build/Build/Products/Release-iphoneos/FateLost.app/sfx_goblin_death_2.wav /Users/runner/work/FateLost/FateLost/FateLost/Resources/Audio/sfx_goblin_death_2.wav (in target 'FateLost' from project 'FateLost')
    cd /Users/runner/work/FateLost/FateLost
    builtin-copy -exclude .DS_Store -exclude CVS -exclude .svn -exclude .git -exclude .hg -resolve-src-symlinks /Users/runner/work/FateLost/FateLost/FateLost/Resources/Audio/sfx_goblin_death_2.wav /Users/runner/work/FateLost/FateLost/build/Build/Products/Release-iphoneos/FateLost.app

CpResource /Users/runner/work/FateLost/FateLost/build/Build/Products/Release-iphoneos/FateLost.app/sfx_goblin_death_1.wav /Users/runner/work/FateLost/FateLost/FateLost/Resources/Audio/sfx_goblin_death_1.wav (in target 'FateLost' from project 'FateLost')
    cd /Users/runner/work/FateLost/FateLost
    builtin-copy -exclude .DS_Store -exclude CVS -exclude .svn -exclude .git -exclude .hg -resolve-src-symlinks /Users/runner/work/FateLost/FateLost/FateLost/Resources/Audio/sfx_goblin_death_1.wav /Users/runner/work/FateLost/FateLost/build/Build/Products/Release-iphoneos/FateLost.app

CpResource /Users/runner/work/FateLost/FateLost/build/Build/Products/Release-iphoneos/FateLost.app/sfx_ember_5.wav /Users/runner/work/FateLost/FateLost/FateLost/Resources/Audio/sfx_ember_5.wav (in target 'FateLost' from project 'FateLost')
    cd /Users/runner/work/FateLost/FateLost
    builtin-copy -exclude .DS_Store -exclude CVS -exclude .svn -exclude .git -exclude .hg -resolve-src-symlinks /Users/runner/work/FateLost/FateLost/FateLost/Resources/Audio/sfx_ember_5.wav /Users/runner/work/FateLost/FateLost/build/Build/Products/Release-iphoneos/FateLost.app

CpResource /Users/runner/work/FateLost/FateLost/build/Build/Products/Release-iphoneos/FateLost.app/sfx_ember_4.wav /Users/runner/work/FateLost/FateLost/FateLost/Resources/Audio/sfx_ember_4.wav (in target 'FateLost' from project 'FateLost')
    cd /Users/runner/work/FateLost/FateLost
    builtin-copy -exclude .DS_Store -exclude CVS -exclude .svn -exclude .git -exclude .hg -resolve-src-symlinks /Users/runner/work/FateLost/FateLost/FateLost/Resources/Audio/sfx_ember_4.wav /Users/runner/work/FateLost/FateLost/build/Build/Products/Release-iphoneos/FateLost.app

CpResource /Users/runner/work/FateLost/FateLost/build/Build/Products/Release-iphoneos/FateLost.app/sfx_ember_3.wav /Users/runner/work/FateLost/FateLost/FateLost/Resources/Audio/sfx_ember_3.wav (in target 'FateLost' from project 'FateLost')
    cd /Users/runner/work/FateLost/FateLost
    builtin-copy -exclude .DS_Store -exclude CVS -exclude .svn -exclude .git -exclude .hg -resolve-src-symlinks /Users/runner/work/FateLost/FateLost/FateLost/Resources/Audio/sfx_ember_3.wav /Users/runner/work/FateLost/FateLost/build/Build/Products/Release-iphoneos/FateLost.app

CpResource /Users/runner/work/FateLost/FateLost/build/Build/Products/Release-iphoneos/FateLost.app/sfx_ember_2.wav /Users/runner/work/FateLost/FateLost/FateLost/Resources/Audio/sfx_ember_2.wav (in target 'FateLost' from project 'FateLost')
    cd /Users/runner/work/FateLost/FateLost
    builtin-copy -exclude .DS_Store -exclude CVS -exclude .svn -exclude .git -exclude .hg -resolve-src-symlinks /Users/runner/work/FateLost/FateLost/FateLost/Resources/Audio/sfx_ember_2.wav /Users/runner/work/FateLost/FateLost/build/Build/Products/Release-iphoneos/FateLost.app

CpResource /Users/runner/work/FateLost/FateLost/build/Build/Products/Release-iphoneos/FateLost.app/sfx_ember_1.wav /Users/runner/work/FateLost/FateLost/FateLost/Resources/Audio/sfx_ember_1.wav (in target 'FateLost' from project 'FateLost')
    cd /Users/runner/work/FateLost/FateLost
    builtin-copy -exclude .DS_Store -exclude CVS -exclude .svn -exclude .git -exclude .hg -resolve-src-symlinks /Users/runner/work/FateLost/FateLost/FateLost/Resources/Audio/sfx_ember_1.wav /Users/runner/work/FateLost/FateLost/build/Build/Products/Release-iphoneos/FateLost.app

CpResource /Users/runner/work/FateLost/FateLost/build/Build/Products/Release-iphoneos/FateLost.app/sfx_dodge.wav /Users/runner/work/FateLost/FateLost/FateLost/Resources/Audio/sfx_dodge.wav (in target 'FateLost' from project 'FateLost')
    cd /Users/runner/work/FateLost/FateLost
    builtin-copy -exclude .DS_Store -exclude CVS -exclude .svn -exclude .git -exclude .hg -resolve-src-symlinks /Users/runner/work/FateLost/FateLost/FateLost/Resources/Audio/sfx_dodge.wav /Users/runner/work/FateLost/FateLost/build/Build/Products/Release-iphoneos/FateLost.app

CpResource /Users/runner/work/FateLost/FateLost/build/Build/Products/Release-iphoneos/FateLost.app/sfx_dash.wav /Users/runner/work/FateLost/FateLost/FateLost/Resources/Audio/sfx_dash.wav (in target 'FateLost' from project 'FateLost')
    cd /Users/runner/work/FateLost/FateLost
    builtin-copy -exclude .DS_Store -exclude CVS -exclude .svn -exclude .git -exclude .hg -resolve-src-symlinks /Users/runner/work/FateLost/FateLost/FateLost/Resources/Audio/sfx_dash.wav /Users/runner/work/FateLost/FateLost/build/Build/Products/Release-iphoneos/FateLost.app

CpResource /Users/runner/work/FateLost/FateLost/build/Build/Products/Release-iphoneos/FateLost.app/sfx_bow_shot.wav /Users/runner/work/FateLost/FateLost/FateLost/Resources/Audio/sfx_bow_shot.wav (in target 'FateLost' from project 'FateLost')
    cd /Users/runner/work/FateLost/FateLost
    builtin-copy -exclude .DS_Store -exclude CVS -exclude .svn -exclude .git -exclude .hg -resolve-src-symlinks /Users/runner/work/FateLost/FateLost/FateLost/Resources/Audio/sfx_bow_shot.wav /Users/runner/work/FateLost/FateLost/build/Build/Products/Release-iphoneos/FateLost.app

CpResource /Users/runner/work/FateLost/FateLost/build/Build/Products/Release-iphoneos/FateLost.app/sfx_arcane_cast.wav /Users/runner/work/FateLost/FateLost/FateLost/Resources/Audio/sfx_arcane_cast.wav (in target 'FateLost' from project 'FateLost')
    cd /Users/runner/work/FateLost/FateLost
    builtin-copy -exclude .DS_Store -exclude CVS -exclude .svn -exclude .git -exclude .hg -resolve-src-symlinks /Users/runner/work/FateLost/FateLost/FateLost/Resources/Audio/sfx_arcane_cast.wav /Users/runner/work/FateLost/FateLost/build/Build/Products/Release-iphoneos/FateLost.app

CpResource /Users/runner/work/FateLost/FateLost/build/Build/Products/Release-iphoneos/FateLost.app/sfx_arcane_burst.wav /Users/runner/work/FateLost/FateLost/FateLost/Resources/Audio/sfx_arcane_burst.wav (in target 'FateLost' from project 'FateLost')
    cd /Users/runner/work/FateLost/FateLost
    builtin-copy -exclude .DS_Store -exclude CVS -exclude .svn -exclude .git -exclude .hg -resolve-src-symlinks /Users/runner/work/FateLost/FateLost/FateLost/Resources/Audio/sfx_arcane_burst.wav /Users/runner/work/FateLost/FateLost/build/Build/Products/Release-iphoneos/FateLost.app

CpResource /Users/runner/work/FateLost/FateLost/build/Build/Products/Release-iphoneos/FateLost.app/sfx_ab_sonic.wav /Users/runner/work/FateLost/FateLost/FateLost/Resources/Audio/sfx_ab_sonic.wav (in target 'FateLost' from project 'FateLost')
    cd /Users/runner/work/FateLost/FateLost
    builtin-copy -exclude .DS_Store -exclude CVS -exclude .svn -exclude .git -exclude .hg -resolve-src-symlinks /Users/runner/work/FateLost/FateLost/FateLost/Resources/Audio/sfx_ab_sonic.wav /Users/runner/work/FateLost/FateLost/build/Build/Products/Release-iphoneos/FateLost.app

CpResource /Users/runner/work/FateLost/FateLost/build/Build/Products/Release-iphoneos/FateLost.app/sfx_ab_shadow.wav /Users/runner/work/FateLost/FateLost/FateLost/Resources/Audio/sfx_ab_shadow.wav (in target 'FateLost' from project 'FateLost')
    cd /Users/runner/work/FateLost/FateLost
    builtin-copy -exclude .DS_Store -exclude CVS -exclude .svn -exclude .git -exclude .hg -resolve-src-symlinks /Users/runner/work/FateLost/FateLost/FateLost/Resources/Audio/sfx_ab_shadow.wav /Users/runner/work/FateLost/FateLost/build/Build/Products/Release-iphoneos/FateLost.app

CpResource /Users/runner/work/FateLost/FateLost/build/Build/Products/Release-iphoneos/FateLost.app/sfx_ab_nature.wav /Users/runner/work/FateLost/FateLost/FateLost/Resources/Audio/sfx_ab_nature.wav (in target 'FateLost' from project 'FateLost')
    cd /Users/runner/work/FateLost/FateLost
    builtin-copy -exclude .DS_Store -exclude CVS -exclude .svn -exclude .git -exclude .hg -resolve-src-symlinks /Users/runner/work/FateLost/FateLost/FateLost/Resources/Audio/sfx_ab_nature.wav /Users/runner/work/FateLost/FateLost/build/Build/Products/Release-iphoneos/FateLost.app

CpResource /Users/runner/work/FateLost/FateLost/build/Build/Products/Release-iphoneos/FateLost.app/sfx_ab_lightning.wav /Users/runner/work/FateLost/FateLost/FateLost/Resources/Audio/sfx_ab_lightning.wav (in target 'FateLost' from project 'FateLost')
    cd /Users/runner/work/FateLost/FateLost
    builtin-copy -exclude .DS_Store -exclude CVS -exclude .svn -exclude .git -exclude .hg -resolve-src-symlinks /Users/runner/work/FateLost/FateLost/FateLost/Resources/Audio/sfx_ab_lightning.wav /Users/runner/work/FateLost/FateLost/build/Build/Products/Release-iphoneos/FateLost.app

CpResource /Users/runner/work/FateLost/FateLost/build/Build/Products/Release-iphoneos/FateLost.app/sfx_ab_impact.wav /Users/runner/work/FateLost/FateLost/FateLost/Resources/Audio/sfx_ab_impact.wav (in target 'FateLost' from project 'FateLost')
    cd /Users/runner/work/FateLost/FateLost
    builtin-copy -exclude .DS_Store -exclude CVS -exclude .svn -exclude .git -exclude .hg -resolve-src-symlinks /Users/runner/work/FateLost/FateLost/FateLost/Resources/Audio/sfx_ab_impact.wav /Users/runner/work/FateLost/FateLost/build/Build/Products/Release-iphoneos/FateLost.app

CpResource /Users/runner/work/FateLost/FateLost/build/Build/Products/Release-iphoneos/FateLost.app/sfx_ab_holy.wav /Users/runner/work/FateLost/FateLost/FateLost/Resources/Audio/sfx_ab_holy.wav (in target 'FateLost' from project 'FateLost')
    cd /Users/runner/work/FateLost/FateLost
    builtin-copy -exclude .DS_Store -exclude CVS -exclude .svn -exclude .git -exclude .hg -resolve-src-symlinks /Users/runner/work/FateLost/FateLost/FateLost/Resources/Audio/sfx_ab_holy.wav /Users/runner/work/FateLost/FateLost/build/Build/Products/Release-iphoneos/FateLost.app

CpResource /Users/runner/work/FateLost/FateLost/build/Build/Products/Release-iphoneos/FateLost.app/sfx_ab_frost.wav /Users/runner/work/FateLost/FateLost/FateLost/Resources/Audio/sfx_ab_frost.wav (in target 'FateLost' from project 'FateLost')
    cd /Users/runner/work/FateLost/FateLost
    builtin-copy -exclude .DS_Store -exclude CVS -exclude .svn -exclude .git -exclude .hg -resolve-src-symlinks /Users/runner/work/FateLost/FateLost/FateLost/Resources/Audio/sfx_ab_frost.wav /Users/runner/work/FateLost/FateLost/build/Build/Products/Release-iphoneos/FateLost.app

CpResource /Users/runner/work/FateLost/FateLost/build/Build/Products/Release-iphoneos/FateLost.app/sfx_ab_fire.wav /Users/runner/work/FateLost/FateLost/FateLost/Resources/Audio/sfx_ab_fire.wav (in target 'FateLost' from project 'FateLost')
    cd /Users/runner/work/FateLost/FateLost
    builtin-copy -exclude .DS_Store -exclude CVS -exclude .svn -exclude .git -exclude .hg -resolve-src-symlinks /Users/runner/work/FateLost/FateLost/FateLost/Resources/Audio/sfx_ab_fire.wav /Users/runner/work/FateLost/FateLost/build/Build/Products/Release-iphoneos/FateLost.app

CpResource /Users/runner/work/FateLost/FateLost/build/Build/Products/Release-iphoneos/FateLost.app/sfx_ab_buff.wav /Users/runner/work/FateLost/FateLost/FateLost/Resources/Audio/sfx_ab_buff.wav (in target 'FateLost' from project 'FateLost')
    cd /Users/runner/work/FateLost/FateLost
    builtin-copy -exclude .DS_Store -exclude CVS -exclude .svn -exclude .git -exclude .hg -resolve-src-symlinks /Users/runner/work/FateLost/FateLost/FateLost/Resources/Audio/sfx_ab_buff.wav /Users/runner/work/FateLost/FateLost/build/Build/Products/Release-iphoneos/FateLost.app

CpResource /Users/runner/work/FateLost/FateLost/build/Build/Products/Release-iphoneos/FateLost.app/mus_menu_fate_lost.m4a /Users/runner/work/FateLost/FateLost/FateLost/Resources/Audio/mus_menu_fate_lost.m4a (in target 'FateLost' from project 'FateLost')
    cd /Users/runner/work/FateLost/FateLost
    builtin-copy -exclude .DS_Store -exclude CVS -exclude .svn -exclude .git -exclude .hg -resolve-src-symlinks /Users/runner/work/FateLost/FateLost/FateLost/Resources/Audio/mus_menu_fate_lost.m4a /Users/runner/work/FateLost/FateLost/build/Build/Products/Release-iphoneos/FateLost.app

CpResource /Users/runner/work/FateLost/FateLost/build/Build/Products/Release-iphoneos/FateLost.app/mus_defeat.m4a /Users/runner/work/FateLost/FateLost/FateLost/Resources/Audio/mus_defeat.m4a (in target 'FateLost' from project 'FateLost')
    cd /Users/runner/work/FateLost/FateLost
    builtin-copy -exclude .DS_Store -exclude CVS -exclude .svn -exclude .git -exclude .hg -resolve-src-symlinks /Users/runner/work/FateLost/FateLost/FateLost/Resources/Audio/mus_defeat.m4a /Users/runner/work/FateLost/FateLost/build/Build/Products/Release-iphoneos/FateLost.app

CpResource /Users/runner/work/FateLost/FateLost/build/Build/Products/Release-iphoneos/FateLost.app/mus_battle_ashen_wilds.m4a /Users/runner/work/FateLost/FateLost/FateLost/Resources/Audio/mus_battle_ashen_wilds.m4a (in target 'FateLost' from project 'FateLost')
    cd /Users/runner/work/FateLost/FateLost
    builtin-copy -exclude .DS_Store -exclude CVS -exclude .svn -exclude .git -exclude .hg -resolve-src-symlinks /Users/runner/work/FateLost/FateLost/FateLost/Resources/Audio/mus_battle_ashen_wilds.m4a /Users/runner/work/FateLost/FateLost/build/Build/Products/Release-iphoneos/FateLost.app

CpResource /Users/runner/work/FateLost/FateLost/build/Build/Products/Release-iphoneos/FateLost.app/amb_ashen_wilds.m4a /Users/runner/work/FateLost/FateLost/FateLost/Resources/Audio/amb_ashen_wilds.m4a (in target 'FateLost' from project 'FateLost')
    cd /Users/runner/work/FateLost/FateLost
    builtin-copy -exclude .DS_Store -exclude CVS -exclude .svn -exclude .git -exclude .hg -resolve-src-symlinks /Users/runner/work/FateLost/FateLost/FateLost/Resources/Audio/amb_ashen_wilds.m4a /Users/runner/work/FateLost/FateLost/build/Build/Products/Release-iphoneos/FateLost.app

CompileAssetCatalogVariant thinned /Users/runner/work/FateLost/FateLost/build/Build/Products/Release-iphoneos/FateLost.app /Users/runner/work/FateLost/FateLost/FateLost/Resources/Assets.xcassets (in target 'FateLost' from project 'FateLost')
    cd /Users/runner/work/FateLost/FateLost
    /Applications/Xcode_26.3.app/Contents/Developer/usr/bin/actool /Users/runner/work/FateLost/FateLost/FateLost/Resources/Assets.xcassets --compile /Users/runner/work/FateLost/FateLost/build/Build/Intermediates.noindex/FateLost.build/Release-iphoneos/FateLost.build/assetcatalog_output/thinned --output-format human-readable-text --notices --warnings --export-dependency-info /Users/runner/work/FateLost/FateLost/build/Build/Intermediates.noindex/FateLost.build/Release-iphoneos/FateLost.build/assetcatalog_dependencies_thinned --output-partial-info-plist /Users/runner/work/FateLost/FateLost/build/Build/Intermediates.noindex/FateLost.build/Release-iphoneos/FateLost.build/assetcatalog_generated_info.plist_thinned --app-icon AppIcon --accent-color AccentColor --compress-pngs --enable-on-demand-resources YES --development-region en --target-device iphone --target-device ipad --minimum-deployment-target 17.0 --platform iphoneos
/* com.apple.actool.compilation-results */
/Users/runner/work/FateLost/FateLost/build/Build/Intermediates.noindex/FateLost.build/Release-iphoneos/FateLost.build/assetcatalog_generated_info.plist_thinned
/Users/runner/work/FateLost/FateLost/build/Build/Intermediates.noindex/FateLost.build/Release-iphoneos/FateLost.build/assetcatalog_output/thinned/AppIcon60x60@2x.png
/Users/runner/work/FateLost/FateLost/build/Build/Intermediates.noindex/FateLost.build/Release-iphoneos/FateLost.build/assetcatalog_output/thinned/AppIcon76x76@2x~ipad.png
/Users/runner/work/FateLost/FateLost/build/Build/Intermediates.noindex/FateLost.build/Release-iphoneos/FateLost.build/assetcatalog_output/thinned/Assets.car


SwiftDriver FateLost normal arm64 com.apple.xcode.tools.swift.compiler (in target 'FateLost' from project 'FateLost')
    cd /Users/runner/work/FateLost/FateLost
    builtin-SwiftDriver -- /Applications/Xcode_26.3.app/Contents/Developer/Toolchains/XcodeDefault.xctoolchain/usr/bin/swiftc -module-name FateLost -O -whole-module-optimization -enforce-exclusivity\=checked @/Users/runner/work/FateLost/FateLost/build/Build/Intermediates.noindex/FateLost.build/Release-iphoneos/FateLost.build/Objects-normal/arm64/FateLost.SwiftFileList -DFATELOST_DEVTOOLS -enable-bare-slash-regex -enable-experimental-feature DebugDescriptionMacro -sdk /Applications/Xcode_26.3.app/Contents/Developer/Platforms/iPhoneOS.platform/Developer/SDKs/iPhoneOS26.2.sdk -target arm64-apple-ios17.0 -g -module-cache-path /Users/runner/work/FateLost/FateLost/build/ModuleCache.noindex -Xfrontend -serialize-debugging-options -swift-version 5 -I /Users/runner/work/FateLost/FateLost/build/Build/Products/Release-iphoneos -F /Users/runner/work/FateLost/FateLost/build/Build/Products/Release-iphoneos -emit-localized-strings -emit-localized-strings-path /Users/runner/work/FateLost/FateLost/build/Build/Intermediates.noindex/FateLost.build/Release-iphoneos/FateLost.build/Objects-normal/arm64 -c -num-threads 3 -Xcc -ivfsstatcache -Xcc /Users/runner/work/FateLost/FateLost/build/SDKStatCaches.noindex/iphoneos26.2-23C57-dc75598d0054f22ec865fa860f139d722dd23b4ebda140f7210d155ff1243552.sdkstatcache -output-file-map /Users/runner/work/FateLost/FateLost/build/Build/Intermediates.noindex/FateLost.build/Release-iphoneos/FateLost.build/Objects-normal/arm64/FateLost-OutputFileMap.json -use-frontend-parseable-output -save-temps -no-color-diagnostics -explicit-module-build -module-cache-path /Users/runner/work/FateLost/FateLost/build/Build/Intermediates.noindex/SwiftExplicitPrecompiledModules -clang-scanner-module-cache-path /Users/runner/work/FateLost/FateLost/build/ModuleCache.noindex -sdk-module-cache-path /Users/runner/work/FateLost/FateLost/build/ModuleCache.noindex -serialize-diagnostics -emit-dependencies -emit-module -emit-module-path /Users/runner/work/FateLost/FateLost/build/Build/Intermediates.noindex/FateLost.build/Release-iphoneos/FateLost.build/Objects-normal/arm64/FateLost.swiftmodule -validate-clang-modules-once -clang-build-session-file /Users/runner/work/FateLost/FateLost/build/ModuleCache.noindex/Session.modulevalidation -Xcc -I/Users/runner/work/FateLost/FateLost/build/Build/Intermediates.noindex/FateLost.build/Release-iphoneos/FateLost.build/swift-overrides.hmap -emit-const-values -Xfrontend -const-gather-protocols-file -Xfrontend /Users/runner/work/FateLost/FateLost/build/Build/Intermediates.noindex/FateLost.build/Release-iphoneos/FateLost.build/Objects-normal/arm64/FateLost_const_extract_protocols.json -Xcc -iquote -Xcc /Users/runner/work/FateLost/FateLost/build/Build/Intermediates.noindex/FateLost.build/Release-iphoneos/FateLost.build/FateLost-generated-files.hmap -Xcc -I/Users/runner/work/FateLost/FateLost/build/Build/Intermediates.noindex/FateLost.build/Release-iphoneos/FateLost.build/FateLost-own-target-headers.hmap -Xcc -I/Users/runner/work/FateLost/FateLost/build/Build/Intermediates.noindex/FateLost.build/Release-iphoneos/FateLost.build/FateLost-all-target-headers.hmap -Xcc -iquote -Xcc /Users/runner/work/FateLost/FateLost/build/Build/Intermediates.noindex/FateLost.build/Release-iphoneos/FateLost.build/FateLost-project-headers.hmap -Xcc -I/Users/runner/work/FateLost/FateLost/build/Build/Products/Release-iphoneos/include -Xcc -I/Users/runner/work/FateLost/FateLost/build/Build/Intermediates.noindex/FateLost.build/Release-iphoneos/FateLost.build/DerivedSources-normal/arm64 -Xcc -I/Users/runner/work/FateLost/FateLost/build/Build/Intermediates.noindex/FateLost.build/Release-iphoneos/FateLost.build/DerivedSources/arm64 -Xcc -I/Users/runner/work/FateLost/FateLost/build/Build/Intermediates.noindex/FateLost.build/Release-iphoneos/FateLost.build/DerivedSources -emit-objc-header -emit-objc-header-path /Users/runner/work/FateLost/FateLost/build/Build/Intermediates.noindex/FateLost.build/Release-iphoneos/FateLost.build/Objects-normal/arm64/FateLost-Swift.h -working-directory /Users/runner/work/FateLost/FateLost -no-emit-module-separately-wmo

SwiftDriver\ Compilation FateLost normal arm64 com.apple.xcode.tools.swift.compiler (in target 'FateLost' from project 'FateLost')
    cd /Users/runner/work/FateLost/FateLost
    builtin-Swift-Compilation -- /Applications/Xcode_26.3.app/Contents/Developer/Toolchains/XcodeDefault.xctoolchain/usr/bin/swiftc -module-name FateLost -O -whole-module-optimization -enforce-exclusivity\=checked @/Users/runner/work/FateLost/FateLost/build/Build/Intermediates.noindex/FateLost.build/Release-iphoneos/FateLost.build/Objects-normal/arm64/FateLost.SwiftFileList -DFATELOST_DEVTOOLS -enable-bare-slash-regex -enable-experimental-feature DebugDescriptionMacro -sdk /Applications/Xcode_26.3.app/Contents/Developer/Platforms/iPhoneOS.platform/Developer/SDKs/iPhoneOS26.2.sdk -target arm64-apple-ios17.0 -g -module-cache-path /Users/runner/work/FateLost/FateLost/build/ModuleCache.noindex -Xfrontend -serialize-debugging-options -swift-version 5 -I /Users/runner/work/FateLost/FateLost/build/Build/Products/Release-iphoneos -F /Users/runner/work/FateLost/FateLost/build/Build/Products/Release-iphoneos -emit-localized-strings -emit-localized-strings-path /Users/runner/work/FateLost/FateLost/build/Build/Intermediates.noindex/FateLost.build/Release-iphoneos/FateLost.build/Objects-normal/arm64 -c -num-threads 3 -Xcc -ivfsstatcache -Xcc /Users/runner/work/FateLost/FateLost/build/SDKStatCaches.noindex/iphoneos26.2-23C57-dc75598d0054f22ec865fa860f139d722dd23b4ebda140f7210d155ff1243552.sdkstatcache -output-file-map /Users/runner/work/FateLost/FateLost/build/Build/Intermediates.noindex/FateLost.build/Release-iphoneos/FateLost.build/Objects-normal/arm64/FateLost-OutputFileMap.json -use-frontend-parseable-output -save-temps -no-color-diagnostics -explicit-module-build -module-cache-path /Users/runner/work/FateLost/FateLost/build/Build/Intermediates.noindex/SwiftExplicitPrecompiledModules -clang-scanner-module-cache-path /Users/runner/work/FateLost/FateLost/build/ModuleCache.noindex -sdk-module-cache-path /Users/runner/work/FateLost/FateLost/build/ModuleCache.noindex -serialize-diagnostics -emit-dependencies -emit-module -emit-module-path /Users/runner/work/FateLost/FateLost/build/Build/Intermediates.noindex/FateLost.build/Release-iphoneos/FateLost.build/Objects-normal/arm64/FateLost.swiftmodule -validate-clang-modules-once -clang-build-session-file /Users/runner/work/FateLost/FateLost/build/ModuleCache.noindex/Session.modulevalidation -Xcc -I/Users/runner/work/FateLost/FateLost/build/Build/Intermediates.noindex/FateLost.build/Release-iphoneos/FateLost.build/swift-overrides.hmap -emit-const-values -Xfrontend -const-gather-protocols-file -Xfrontend /Users/runner/work/FateLost/FateLost/build/Build/Intermediates.noindex/FateLost.build/Release-iphoneos/FateLost.build/Objects-normal/arm64/FateLost_const_extract_protocols.json -Xcc -iquote -Xcc /Users/runner/work/FateLost/FateLost/build/Build/Intermediates.noindex/FateLost.build/Release-iphoneos/FateLost.build/FateLost-generated-files.hmap -Xcc -I/Users/runner/work/FateLost/FateLost/build/Build/Intermediates.noindex/FateLost.build/Release-iphoneos/FateLost.build/FateLost-own-target-headers.hmap -Xcc -I/Users/runner/work/FateLost/FateLost/build/Build/Intermediates.noindex/FateLost.build/Release-iphoneos/FateLost.build/FateLost-all-target-headers.hmap -Xcc -iquote -Xcc /Users/runner/work/FateLost/FateLost/build/Build/Intermediates.noindex/FateLost.build/Release-iphoneos/FateLost.build/FateLost-project-headers.hmap -Xcc -I/Users/runner/work/FateLost/FateLost/build/Build/Products/Release-iphoneos/include -Xcc -I/Users/runner/work/FateLost/FateLost/build/Build/Intermediates.noindex/FateLost.build/Release-iphoneos/FateLost.build/DerivedSources-normal/arm64 -Xcc -I/Users/runner/work/FateLost/FateLost/build/Build/Intermediates.noindex/FateLost.build/Release-iphoneos/FateLost.build/DerivedSources/arm64 -Xcc -I/Users/runner/work/FateLost/FateLost/build/Build/Intermediates.noindex/FateLost.build/Release-iphoneos/FateLost.build/DerivedSources -emit-objc-header -emit-objc-header-path /Users/runner/work/FateLost/FateLost/build/Build/Intermediates.noindex/FateLost.build/Release-iphoneos/FateLost.build/Objects-normal/arm64/FateLost-Swift.h -working-directory /Users/runner/work/FateLost/FateLost -no-emit-module-separately-wmo

SwiftExplicitDependencyGeneratePcm arm64 /Users/runner/work/FateLost/FateLost/build/ModuleCache.noindex/ptrcheck-2SOK9FVPXJ1YF3AUMMYU6Y3BG.pcm

SwiftExplicitDependencyGeneratePcm arm64 /Users/runner/work/FateLost/FateLost/build/ModuleCache.noindex/_SwiftConcurrencyShims-6CR9R8KOTRB6NKCSZVXMVXDAK.pcm

SwiftExplicitDependencyGeneratePcm arm64 /Users/runner/work/FateLost/FateLost/build/ModuleCache.noindex/_Builtin_float-82ORPH1983FFRIBYY4ORQWXTD.pcm

SwiftExplicitDependencyGeneratePcm arm64 /Users/runner/work/FateLost/FateLost/build/ModuleCache.noindex/_Builtin_stddef-ANJ0J4JCNPJ383NW916DF8I7K.pcm

SwiftExplicitDependencyGeneratePcm arm64 /Users/runner/work/FateLost/FateLost/build/ModuleCache.noindex/_Builtin_stdarg-AGV6DD7FC7WNRMPM8Y3AAECM4.pcm

SwiftExplicitDependencyGeneratePcm arm64 /Users/runner/work/FateLost/FateLost/build/ModuleCache.noindex/_AvailabilityInternal-3C41ZHI8UPT17FP1CDDXWD4LH.pcm

SwiftExplicitDependencyGeneratePcm arm64 /Users/runner/work/FateLost/FateLost/build/ModuleCache.noindex/SwiftShims-68EKJEN69EN2G59MNJ3PF1ZDP.pcm

SwiftExplicitDependencyGeneratePcm arm64 /Users/runner/work/FateLost/FateLost/build/ModuleCache.noindex/DeveloperToolsSupport-50W7AJWNPA79GUZ8HUDL4R1SY.pcm

SwiftExplicitDependencyGeneratePcm arm64 /Users/runner/work/FateLost/FateLost/build/ModuleCache.noindex/_DarwinFoundation1-4O213QUN29FQHMKR695345HQL.pcm

SwiftExplicitDependencyGeneratePcm arm64 /Users/runner/work/FateLost/FateLost/build/ModuleCache.noindex/ptrauth-37CKMDKKTX7LJFI4UV5A7MU1L.pcm

SwiftExplicitDependencyGeneratePcm arm64 /Users/runner/work/FateLost/FateLost/build/ModuleCache.noindex/_Builtin_stdbool-4RQTF4MYEQLMKKHFEOBW4X0R4.pcm

SwiftExplicitDependencyGeneratePcm arm64 /Users/runner/work/FateLost/FateLost/build/ModuleCache.noindex/_Builtin_limits-74YD3PEDDRFUODPPMX2WS0AK5.pcm

SwiftExplicitDependencyGeneratePcm arm64 /Users/runner/work/FateLost/FateLost/build/ModuleCache.noindex/_DarwinFoundation2-90J8NOI5DQW9A7D19S7P0FAZT.pcm

SwiftExplicitDependencyGeneratePcm arm64 /Users/runner/work/FateLost/FateLost/build/ModuleCache.noindex/_Builtin_stdint-7R6CN217JNNNSB80S4EWITYVG.pcm

SwiftExplicitDependencyGeneratePcm arm64 /Users/runner/work/FateLost/FateLost/build/ModuleCache.noindex/_Builtin_tgmath-1UI692PZ0SK9KTTMZG33SSUG2.pcm

SwiftExplicitDependencyGeneratePcm arm64 /Users/runner/work/FateLost/FateLost/build/ModuleCache.noindex/sys_types-5O4JVTZ98WD47SYQWTL35XNF7.pcm

SwiftExplicitDependencyGeneratePcm arm64 /Users/runner/work/FateLost/FateLost/build/ModuleCache.noindex/_DarwinFoundation3-AP4HB8WR19S29E69PJZUB7P02.pcm

SwiftExplicitDependencyGeneratePcm arm64 /Users/runner/work/FateLost/FateLost/build/ModuleCache.noindex/_Builtin_intrinsics-80L6Y7PWNO7WVVZUF2L2WO0NR.pcm

SwiftExplicitDependencyGeneratePcm arm64 /Users/runner/work/FateLost/FateLost/build/ModuleCache.noindex/_Builtin_stdatomic-C6OOKMX2PK9GUT8RT9RUHLW3R.pcm

SwiftExplicitDependencyGeneratePcm arm64 /Users/runner/work/FateLost/FateLost/build/ModuleCache.noindex/_Builtin_inttypes-6TRF3SG9MHMM3S95DBCQR2DGO.pcm

SwiftExplicitDependencyGeneratePcm arm64 /Users/runner/work/FateLost/FateLost/build/ModuleCache.noindex/Darwin-9FNCL8XA13Q5MWU2URWYGEX60.pcm

SwiftExplicitDependencyGeneratePcm arm64 /Users/runner/work/FateLost/FateLost/build/ModuleCache.noindex/simd-1MPS2ZFKL93FGLEW4G338WFAS.pcm

SwiftExplicitDependencyGeneratePcm arm64 /Users/runner/work/FateLost/FateLost/build/ModuleCache.noindex/ObjectiveC-9O6EZ5TOKZPUOHFL91AI33JQA.pcm

SwiftExplicitDependencyGeneratePcm arm64 /Users/runner/work/FateLost/FateLost/build/ModuleCache.noindex/MachO-7DUCC77Y0LO97PXGJEBAQXNLH.pcm

SwiftExplicitDependencyGeneratePcm arm64 /Users/runner/work/FateLost/FateLost/build/ModuleCache.noindex/os_object-7B630YY9GHDKMQKZPWIZSY2NF.pcm

SwiftExplicitDependencyGeneratePcm arm64 /Users/runner/work/FateLost/FateLost/build/ModuleCache.noindex/Spatial-5T6K5XSK0FIUKKZPT1CPPFSBQ.pcm

SwiftExplicitDependencyGeneratePcm arm64 /Users/runner/work/FateLost/FateLost/build/ModuleCache.noindex/os_workgroup-6I0GG6Z36AI1XRZDG08DXZTE2.pcm

SwiftExplicitDependencyGeneratePcm arm64 /Users/runner/work/FateLost/FateLost/build/ModuleCache.noindex/Dispatch-7DN0J7A324VXXYBYHBQ9NBNGB.pcm

SwiftExplicitDependencyGeneratePcm arm64 /Users/runner/work/FateLost/FateLost/build/ModuleCache.noindex/dnssd-37WG2ADKBFNKH53AL68VLDGRC.pcm

SwiftExplicitDependencyGeneratePcm arm64 /Users/runner/work/FateLost/FateLost/build/ModuleCache.noindex/CoreFoundation-70SC11SALSEYH74MST58YSV7O.pcm

SwiftExplicitDependencyGeneratePcm arm64 /Users/runner/work/FateLost/FateLost/build/ModuleCache.noindex/XPC-2UUQ9H7L37QXTNC1Q4ZTCZT9D.pcm

SwiftExplicitDependencyGeneratePcm arm64 /Users/runner/work/FateLost/FateLost/build/ModuleCache.noindex/os-ATB9B520E13Q06N8QH69BFHZ9.pcm

SwiftExplicitDependencyGeneratePcm arm64 /Users/runner/work/FateLost/FateLost/build/ModuleCache.noindex/CoreAudioTypes-17I0USCPJNS219Y6DQOH01BPJ.pcm

SwiftExplicitDependencyGeneratePcm arm64 /Users/runner/work/FateLost/FateLost/build/ModuleCache.noindex/CFNetwork-G9NG6AN110BT2Z5N2IVOQU01.pcm

SwiftExplicitDependencyGeneratePcm arm64 /Users/runner/work/FateLost/FateLost/build/ModuleCache.noindex/Security-5VOWNWWEQ879TUYDYY7XCC2ZR.pcm

SwiftExplicitDependencyGeneratePcm arm64 /Users/runner/work/FateLost/FateLost/build/ModuleCache.noindex/CoreAudio-C8K7D91M6XS5O94I7J5AJEQER.pcm

SwiftExplicitDependencyGeneratePcm arm64 /Users/runner/work/FateLost/FateLost/build/ModuleCache.noindex/CoreGraphics-74DD3T2C65Q1OWT3CYYOLKL57.pcm

SwiftExplicitDependencyGeneratePcm arm64 /Users/runner/work/FateLost/FateLost/build/ModuleCache.noindex/Foundation-A1NTJAG6IAJJ8CUV695KF1D90.pcm

SwiftExplicitDependencyGeneratePcm arm64 /Users/runner/work/FateLost/FateLost/build/ModuleCache.noindex/CoreText-BMMT6IYI5L0FWKD8PWD2SNSXF.pcm

SwiftExplicitDependencyGeneratePcm arm64 /Users/runner/work/FateLost/FateLost/build/ModuleCache.noindex/ImageIO-UG2XZXXDGN218V4NCBDUWLA6.pcm

SwiftExplicitDependencyGeneratePcm arm64 /Users/runner/work/FateLost/FateLost/build/ModuleCache.noindex/Network-3NN470H2L85CGC9ZL9O3KX7EX.pcm

SwiftExplicitDependencyGeneratePcm arm64 /Users/runner/work/FateLost/FateLost/build/ModuleCache.noindex/LocalAuthentication-CYT2AQDOMGG6LEASYJSUWJ1SL.pcm

SwiftExplicitDependencyGeneratePcm arm64 /Users/runner/work/FateLost/FateLost/build/ModuleCache.noindex/CoreMIDI-7JL8EIPNCJABQV7J6D9HINAZC.pcm

SwiftExplicitDependencyGeneratePcm arm64 /Users/runner/work/FateLost/FateLost/build/ModuleCache.noindex/FileProvider-3QRW7LXQEO2QBS96BOQNL9PFX.pcm

SwiftExplicitDependencyGeneratePcm arm64 /Users/runner/work/FateLost/FateLost/build/ModuleCache.noindex/DataDetection-CMPIT53EQ90UZ5JWTJ9EIVWX2.pcm

SwiftExplicitDependencyGeneratePcm arm64 /Users/runner/work/FateLost/FateLost/build/ModuleCache.noindex/OSLog-2US2544KUPROP174X0F8208MX.pcm

SwiftExplicitDependencyGeneratePcm arm64 /Users/runner/work/FateLost/FateLost/build/ModuleCache.noindex/CoreTransferable-88PDFN0M2KZUKLV0FXP0DFM82.pcm

SwiftExplicitDependencyGeneratePcm arm64 /Users/runner/work/FateLost/FateLost/build/ModuleCache.noindex/AVRouting-EBBCEVXALOCTIE52ZY4JP6W38.pcm

SwiftExplicitDependencyGeneratePcm arm64 /Users/runner/work/FateLost/FateLost/build/ModuleCache.noindex/IOSurface-991LTR4IQTTXRKZA0NK6NKQN0.pcm

SwiftExplicitDependencyGeneratePcm arm64 /Users/runner/work/FateLost/FateLost/build/ModuleCache.noindex/UniformTypeIdentifiers-C6F83PFISL2TYWWJNASZTV992.pcm

SwiftExplicitDependencyGeneratePcm arm64 /Users/runner/work/FateLost/FateLost/build/ModuleCache.noindex/AudioToolbox-CBVDFA60692UZDEHDFOGCTC9G.pcm

SwiftExplicitDependencyGeneratePcm arm64 /Users/runner/work/FateLost/FateLost/build/ModuleCache.noindex/Metal-BBSAFD3A056P4VTZPYB5XYJIR.pcm

SwiftExplicitDependencyGeneratePcm arm64 /Users/runner/work/FateLost/FateLost/build/ModuleCache.noindex/OpenGLES-2IQPJYYRNMN3S380HRL1988RJ.pcm

SwiftExplicitDependencyGeneratePcm arm64 /Users/runner/work/FateLost/FateLost/build/ModuleCache.noindex/CoreData-E229L0MTQGJ0CELN182POY15T.pcm

SwiftExplicitDependencyGeneratePcm arm64 /Users/runner/work/FateLost/FateLost/build/ModuleCache.noindex/Accessibility-3MXNP0K8IK93XRHC92R5BJZGG.pcm

SwiftExplicitDependencyGeneratePcm arm64 /Users/runner/work/FateLost/FateLost/build/ModuleCache.noindex/CoreVideo-9HIKXUYJ2Z7J91CHX899ANTQ8.pcm

SwiftExplicitDependencyGeneratePcm arm64 /Users/runner/work/FateLost/FateLost/build/ModuleCache.noindex/Symbols-89ZQHY7DG9976B09MYX5S5ELI.pcm

SwiftExplicitDependencyGeneratePcm arm64 /Users/runner/work/FateLost/FateLost/build/ModuleCache.noindex/ModelIO-CUSV0RV6R5R5JAR3MHBZZJQPT.pcm

SwiftExplicitDependencyGeneratePcm arm64 /Users/runner/work/FateLost/FateLost/build/ModuleCache.noindex/CoreMedia-5DZI5ZA1FT68V9HBOVINJAPMD.pcm

SwiftExplicitDependencyGeneratePcm arm64 /Users/runner/work/FateLost/FateLost/build/ModuleCache.noindex/CoreImage-6QF62BSL77VNP631CSIRRW89J.pcm

SwiftExplicitDependencyGeneratePcm arm64 /Users/runner/work/FateLost/FateLost/build/ModuleCache.noindex/QuartzCore-8XFUCDD5VCTTIS05YI2WFJUM4.pcm

SwiftExplicitDependencyGeneratePcm arm64 /Users/runner/work/FateLost/FateLost/build/ModuleCache.noindex/MediaToolbox-C1RCSGS8QVBAP8T2Z00FY87TA.pcm

SwiftExplicitDependencyGeneratePcm arm64 /Users/runner/work/FateLost/FateLost/build/ModuleCache.noindex/UIUtilities-7N7NSTVHM0E2ZJU6XPGSO2795.pcm

SwiftExplicitDependencyGeneratePcm arm64 /Users/runner/work/FateLost/FateLost/build/ModuleCache.noindex/SwiftUICore-47RPIFXC3SX0A310L9J26Z2HO.pcm

SwiftExplicitDependencyGeneratePcm arm64 /Users/runner/work/FateLost/FateLost/build/ModuleCache.noindex/AVFAudio-709UNTCN1Q33AQ5AG0A8B7SLC.pcm

SwiftExplicitDependencyGeneratePcm arm64 /Users/runner/work/FateLost/FateLost/build/ModuleCache.noindex/UserNotifications-C31PGPTO186VZ059Z583NYNLJ.pcm

SwiftExplicitDependencyGeneratePcm arm64 /Users/runner/work/FateLost/FateLost/build/ModuleCache.noindex/UIKit-ECSGTGHHXKG0RPPYD3EP6M479.pcm

SwiftExplicitDependencyGeneratePcm arm64 /Users/runner/work/FateLost/FateLost/build/ModuleCache.noindex/AVFoundation-7USEAT52JCQG8NEJWOPFJ5LQB.pcm

SwiftExplicitDependencyGeneratePcm arm64 /Users/runner/work/FateLost/FateLost/build/ModuleCache.noindex/SwiftUI-DKVJF1TATPGVB3G0LN980J7G0.pcm

SwiftExplicitDependencyGeneratePcm arm64 /Users/runner/work/FateLost/FateLost/build/ModuleCache.noindex/GLKit-4B8JDC5UNJF5GJPPLL3997132.pcm

SwiftExplicitDependencyGeneratePcm arm64 /Users/runner/work/FateLost/FateLost/build/ModuleCache.noindex/SpriteKit-82VD7V50PYYGYJW9H02TFKAZG.pcm

SwiftCompile normal arm64 Compiling\ AppRouter.swift,\ AppServices.swift,\ FateLostApp.swift,\ RootView.swift,\ RGBA.swift,\ SpriteID.swift,\ AudioManager.swift,\ HapticsService.swift,\ MusicDirector.swift,\ CGPoint+Vector.swift,\ SeededRandom.swift,\ VersionedFileStore.swift,\ GameSettings.swift,\ FixedTimestep.swift,\ CommonRelics.swift,\ EpicRelics.swift,\ RareRelics.swift,\ RelicCatalog.swift,\ RelicContent.swift,\ UncommonRelics.swift,\ BardSkills.swift,\ ClericSkills.swift,\ DruidSkills.swift,\ FormCatalog.swift,\ MonkSkills.swift,\ OrderContent.swift,\ OrderSkills.swift,\ PaladinSkills.swift,\ RangerSkills.swift,\ RogueSkills.swift,\ SkillCatalog.swift,\ SkillContent.swift,\ SorcererSkills.swift,\ SummonCatalog.swift,\ WarlockSkills.swift,\ WarriorSkills.swift,\ WizardSkills.swift,\ ArenaThemes.swift,\ EnemyCatalog.swift,\ LegacyTree.swift,\ RealmCatalog.swift,\ StarterWeapons.swift,\ DeveloperOptions.swift,\ DeveloperPanelView.swift,\ PerformanceOverlayNode.swift,\ CombatEntities.swift,\ CombatEvent.swift,\ CombatState.swift,\ CombatState+Damage.swift,\ DamageType.swift,\ Hazard.swift,\ PartyTypes.swift,\ Projectile.swift,\ Rift.swift,\ GameTuning.swift,\ EnemyDefinition.swift,\ EnemyFamily.swift,\ EnemyStore.swift,\ EnemyStrain.swift,\ PlayerState.swift,\ HeroAppearance.swift,\ HeroUnlocks.swift,\ HUDLayout.swift,\ JoystickModel.swift,\ WeaponDefinition.swift,\ WeaponFind.swift,\ ItemRarity.swift,\ CodexRewards.swift,\ LegacyNode.swift,\ LegacyProfile.swift,\ WeaponMastery.swift,\ Relic.swift,\ RelicRoller.swift,\ GameSimulation.swift,\ GameSimulation+Mirror.swift,\ GameSimulation+Party.swift,\ GameSimulation+Rift.swift,\ Archetype.swift,\ Conditions.swift,\ EffectAction.swift,\ HybridOrder.swift,\ RankValue.swift,\ SkillDefinition.swift,\ StatusKind.swift,\ ActionExecutor.swift,\ CompiledBuild.swift,\ SkillAllocation.swift,\ StatID.swift,\ StatSheet.swift,\ AllySystem.swift,\ BossSystem.swift,\ DropTable.swift,\ EnemyAISystem.swift,\ MovementSystem.swift,\ PickupSystem.swift,\ ProjectileSystem.swift,\ ShrineSystem.swift,\ SpawnSystem.swift,\ StatusSystem.swift,\ WaveSystem.swift,\ WeaponSystem.swift,\ ZoneSystem.swift,\ ArenaGenerator.swift,\ ArenaLayout.swift,\ ArenaTheme.swift,\ Decorations.swift,\ RealmDefinition.swift,\ RealmProgress.swift,\ WavePlan.swift,\ IsometricProjection.swift,\ ToroidalSpatialGrid.swift,\ ToroidalWorld.swift,\ WrappedRenderFrame.swift,\ HostInput.swift,\ MovementSmoothing.swift,\ MultiplayerHub.swift,\ MultiplayerIdentity.swift,\ NetCodec.swift,\ NetEvents.swift,\ NetHeroState.swift,\ NetSnapshot.swift,\ PartyAPI.swift,\ PartyClient.swift,\ PartyColors.swift,\ PartyLoadouts.swift,\ PartyProtocol.swift,\ PartyReport.swift,\ PartyRunController.swift,\ PartySocket.swift,\ NodePool.swift,\ PlaceholderArt.swift,\ PlaceholderArt+Allies.swift,\ PlaceholderArt+Bestiary.swift,\ PlaceholderArt+Creatures.swift,\ PlaceholderArt+Drawing.swift,\ PlaceholderArt+Effects.swift,\ PlaceholderArt+HeroFigure.swift,\ PlaceholderArt+HeroLayers.swift,\ PlaceholderArt+Loot.swift,\ PlaceholderArt+Props.swift,\ PlaceholderArt+Weapons.swift,\ RealmMapImage.swift,\ RGBA+Platform.swift,\ SpriteCatalog.swift,\ CameraController.swift,\ ChargeLaneRenderer.swift,\ CombatFeedback.swift,\ EffectsRenderer.swift,\ HazardRenderer.swift,\ VisualStyle+Presentation.swift,\ ZoneRenderer.swift,\ AllyRenderer.swift,\ CapeSway.swift,\ DropRenderer.swift,\ EnemyRenderer.swift,\ PartyRenderer.swift,\ PickupRenderer.swift,\ PlayerView.swift,\ PortalRenderer.swift,\ ProjectileRenderer.swift,\ ShrineRenderer.swift,\ AbilityButtonNode.swift,\ BeaconLayer.swift,\ GameHUDNode.swift,\ VirtualJoystickNode.swift,\ AtmosphereRenderer.swift,\ DecorationRenderer.swift,\ WrappingGroundRenderer.swift,\ GameScene.swift,\ GameSession.swift,\ GameViewContainer.swift,\ EmberBackground.swift,\ LegacyGlyph.swift,\ LegacyGlyphData.swift,\ WeaponIcon.swift,\ MultiplayerViews.swift,\ PartyResultsView.swift,\ PartyRunViews.swift,\ SkillDetailPanel.swift,\ SkillTreeCanvas.swift,\ SkillTreeView.swift,\ TreeBoard.swift,\ ArmouryView.swift,\ CharacterView.swift,\ GameplayScreen.swift,\ LaunchView.swift,\ LegacyView.swift,\ MainMenuView.swift,\ RealmSelectView.swift,\ RelicCodex.swift,\ RelicOfferView.swift,\ RunSummaryView.swift,\ SettingsView.swift,\ StatisticsView.swift,\ WeaponSelectView.swift,\ FLTheme.swift,\ GeneratedAssetSymbols.swift /Users/runner/work/FateLost/FateLost/FateLost/App/AppRouter.swift /Users/runner/work/FateLost/FateLost/FateLost/App/AppServices.swift /Users/runner/work/FateLost/FateLost/FateLost/App/FateLostApp.swift /Users/runner/work/FateLost/FateLost/FateLost/App/RootView.swift /Users/runner/work/FateLost/FateLost/FateLost/Core/Data/RGBA.swift /Users/runner/work/FateLost/FateLost/FateLost/Core/Data/SpriteID.swift /Users/runner/work/FateLost/FateLost/FateLost/Core/Feedback/AudioManager.swift /Users/runner/work/FateLost/FateLost/FateLost/Core/Feedback/HapticsService.swift /Users/runner/work/FateLost/FateLost/FateLost/Core/Feedback/MusicDirector.swift /Users/runner/work/FateLost/FateLost/FateLost/Core/Math/CGPoint+Vector.swift /Users/runner/work/FateLost/FateLost/FateLost/Core/Math/SeededRandom.swift /Users/runner/work/FateLost/FateLost/FateLost/Core/Persistence/VersionedFileStore.swift /Users/runner/work/FateLost/FateLost/FateLost/Core/Settings/GameSettings.swift /Users/runner/work/FateLost/FateLost/FateLost/Core/Time/FixedTimestep.swift /Users/runner/work/FateLost/FateLost/FateLost/Data/Relics/CommonRelics.swift /Users/runner/work/FateLost/FateLost/FateLost/Data/Relics/EpicRelics.swift /Users/runner/work/FateLost/FateLost/FateLost/Data/Relics/RareRelics.swift /Users/runner/work/FateLost/FateLost/FateLost/Data/Relics/RelicCatalog.swift /Users/runner/work/FateLost/FateLost/FateLost/Data/Relics/RelicContent.swift /Users/runner/work/FateLost/FateLost/FateLost/Data/Relics/UncommonRelics.swift /Users/runner/work/FateLost/FateLost/FateLost/Data/Skills/BardSkills.swift /Users/runner/work/FateLost/FateLost/FateLost/Data/Skills/ClericSkills.swift /Users/runner/work/FateLost/FateLost/FateLost/Data/Skills/DruidSkills.swift /Users/runner/work/FateLost/FateLost/FateLost/Data/Skills/FormCatalog.swift /Users/runner/work/FateLost/FateLost/FateLost/Data/Skills/MonkSkills.swift /Users/runner/work/FateLost/FateLost/FateLost/Data/Skills/OrderContent.swift /Users/runner/work/FateLost/FateLost/FateLost/Data/Skills/OrderSkills.swift /Users/runner/work/FateLost/FateLost/FateLost/Data/Skills/PaladinSkills.swift /Users/runner/work/FateLost/FateLost/FateLost/Data/Skills/RangerSkills.swift /Users/runner/work/FateLost/FateLost/FateLost/Data/Skills/RogueSkills.swift /Users/runner/work/FateLost/FateLost/FateLost/Data/Skills/SkillCatalog.swift /Users/runner/work/FateLost/FateLost/FateLost/Data/Skills/SkillContent.swift /Users/runner/work/FateLost/FateLost/FateLost/Data/Skills/SorcererSkills.swift /Users/runner/work/FateLost/FateLost/FateLost/Data/Skills/SummonCatalog.swift /Users/runner/work/FateLost/FateLost/FateLost/Data/Skills/WarlockSkills.swift /Users/runner/work/FateLost/FateLost/FateLost/Data/Skills/WarriorSkills.swift /Users/runner/work/FateLost/FateLost/FateLost/Data/Skills/WizardSkills.swift /Users/runner/work/FateLost/FateLost/FateLost/Data/ArenaThemes.swift /Users/runner/work/FateLost/FateLost/FateLost/Data/EnemyCatalog.swift /Users/runner/work/FateLost/FateLost/FateLost/Data/LegacyTree.swift /Users/runner/work/FateLost/FateLost/FateLost/Data/RealmCatalog.swift /Users/runner/work/FateLost/FateLost/FateLost/Data/StarterWeapons.swift /Users/runner/work/FateLost/FateLost/FateLost/Debug/DeveloperOptions.swift /Users/runner/work/FateLost/FateLost/FateLost/Debug/DeveloperPanelView.swift /Users/runner/work/FateLost/FateLost/FateLost/Debug/PerformanceOverlayNode.swift /Users/runner/work/FateLost/FateLost/FateLost/Game/Combat/CombatEntities.swift /Users/runner/work/FateLost/FateLost/FateLost/Game/Combat/CombatEvent.swift /Users/runner/work/FateLost/FateLost/FateLost/Game/Combat/CombatState.swift /Users/runner/work/FateLost/FateLost/FateLost/Game/Combat/CombatState+Damage.swift /Users/runner/work/FateLost/FateLost/FateLost/Game/Combat/DamageType.swift /Users/runner/work/FateLost/FateLost/FateLost/Game/Combat/Hazard.swift /Users/runner/work/FateLost/FateLost/FateLost/Game/Combat/PartyTypes.swift /Users/runner/work/FateLost/FateLost/FateLost/Game/Combat/Projectile.swift /Users/runner/work/FateLost/FateLost/FateLost/Game/Combat/Rift.swift /Users/runner/work/FateLost/FateLost/FateLost/Game/Config/GameTuning.swift /Users/runner/work/FateLost/FateLost/FateLost/Game/Entities/Enemies/EnemyDefinition.swift /Users/runner/work/FateLost/FateLost/FateLost/Game/Entities/Enemies/EnemyFamily.swift /Users/runner/work/FateLost/FateLost/FateLost/Game/Entities/Enemies/EnemyStore.swift /Users/runner/work/FateLost/FateLost/FateLost/Game/Entities/Enemies/EnemyStrain.swift /Users/runner/work/FateLost/FateLost/FateLost/Game/Entities/Player/PlayerState.swift /Users/runner/work/FateLost/FateLost/FateLost/Game/Hero/HeroAppearance.swift /Users/runner/work/FateLost/FateLost/FateLost/Game/Hero/HeroUnlocks.swift /Users/runner/work/FateLost/FateLost/FateLost/Game/Input/HUDLayout.swift /Users/runner/work/FateLost/FateLost/FateLost/Game/Input/JoystickModel.swift /Users/runner/work/FateLost/FateLost/FateLost/Game/Items/Weapons/WeaponDefinition.swift /Users/runner/work/FateLost/FateLost/FateLost/Game/Items/Weapons/WeaponFind.swift /Users/runner/work/FateLost/FateLost/FateLost/Game/Items/ItemRarity.swift /Users/runner/work/FateLost/FateLost/FateLost/Game/Legacy/CodexRewards.swift /Users/runner/work/FateLost/FateLost/FateLost/Game/Legacy/LegacyNode.swift /Users/runner/work/FateLost/FateLost/FateLost/Game/Legacy/LegacyProfile.swift /Users/runner/work/FateLost/FateLost/FateLost/Game/Legacy/WeaponMastery.swift /Users/runner/work/FateLost/FateLost/FateLost/Game/Relics/Relic.swift /Users/runner/work/FateLost/FateLost/FateLost/Game/Relics/RelicRoller.swift /Users/runner/work/FateLost/FateLost/FateLost/Game/Simulation/GameSimulation.swift /Users/runner/work/FateLost/FateLost/FateLost/Game/Simulation/GameSimulation+Mirror.swift /Users/runner/work/FateLost/FateLost/FateLost/Game/Simulation/GameSimulation+Party.swift /Users/runner/work/FateLost/FateLost/FateLost/Game/Simulation/GameSimulation+Rift.swift /Users/runner/work/FateLost/FateLost/FateLost/Game/Skills/Model/Archetype.swift /Users/runner/work/FateLost/FateLost/FateLost/Game/Skills/Model/Conditions.swift /Users/runner/work/FateLost/FateLost/FateLost/Game/Skills/Model/EffectAction.swift /Users/runner/work/FateLost/FateLost/FateLost/Game/Skills/Model/HybridOrder.swift /Users/runner/work/FateLost/FateLost/FateLost/Game/Skills/Model/RankValue.swift /Users/runner/work/FateLost/FateLost/FateLost/Game/Skills/Model/SkillDefinition.swift /Users/runner/work/FateLost/FateLost/FateLost/Game/Skills/Model/StatusKind.swift /Users/runner/work/FateLost/FateLost/FateLost/Game/Skills/Runtime/ActionExecutor.swift /Users/runner/work/FateLost/FateLost/FateLost/Game/Skills/Runtime/CompiledBuild.swift /Users/runner/work/FateLost/FateLost/FateLost/Game/Skills/SkillAllocation.swift /Users/runner/work/FateLost/FateLost/FateLost/Game/Stats/StatID.swift /Users/runner/work/FateLost/FateLost/FateLost/Game/Stats/StatSheet.swift /Users/runner/work/FateLost/FateLost/FateLost/Game/Systems/AllySystem.swift /Users/runner/work/FateLost/FateLost/FateLost/Game/Systems/BossSystem.swift /Users/runner/work/FateLost/FateLost/FateLost/Game/Systems/DropTable.swift /Users/runner/work/FateLost/FateLost/FateLost/Game/Systems/EnemyAISystem.swift /Users/runner/work/FateLost/FateLost/FateLost/Game/Systems/MovementSystem.swift /Users/runner/work/FateLost/FateLost/FateLost/Game/Systems/PickupSystem.swift /Users/runner/work/FateLost/FateLost/FateLost/Game/Systems/ProjectileSystem.swift /Users/runner/work/FateLost/FateLost/FateLost/Game/Systems/ShrineSystem.swift /Users/runner/work/FateLost/FateLost/FateLost/Game/Systems/SpawnSystem.swift /Users/runner/work/FateLost/FateLost/FateLost/Game/Systems/StatusSystem.swift /Users/runner/work/FateLost/FateLost/FateLost/Game/Systems/WaveSystem.swift /Users/runner/work/FateLost/FateLost/FateLost/Game/Systems/WeaponSystem.swift /Users/runner/work/FateLost/FateLost/FateLost/Game/Systems/ZoneSystem.swift /Users/runner/work/FateLost/FateLost/FateLost/Game/World/Arena/ArenaGenerator.swift /Users/runner/work/FateLost/FateLost/FateLost/Game/World/Arena/ArenaLayout.swift /Users/runner/work/FateLost/FateLost/FateLost/Game/World/Arena/ArenaTheme.swift /Users/runner/work/FateLost/FateLost/FateLost/Game/World/Arena/Decorations.swift /Users/runner/work/FateLost/FateLost/FateLost/Game/World/Realms/RealmDefinition.swift /Users/runner/work/FateLost/FateLost/FateLost/Game/World/Realms/RealmProgress.swift /Users/runner/work/FateLost/FateLost/FateLost/Game/World/Realms/WavePlan.swift /Users/runner/work/FateLost/FateLost/FateLost/Game/World/IsometricProjection.swift /Users/runner/work/FateLost/FateLost/FateLost/Game/World/ToroidalSpatialGrid.swift /Users/runner/work/FateLost/FateLost/FateLost/Game/World/ToroidalWorld.swift /Users/runner/work/FateLost/FateLost/FateLost/Game/World/WrappedRenderFrame.swift /Users/runner/work/FateLost/FateLost/FateLost/Multiplayer/HostInput.swift /Users/runner/work/FateLost/FateLost/FateLost/Multiplayer/MovementSmoothing.swift /Users/runner/work/FateLost/FateLost/FateLost/Multiplayer/MultiplayerHub.swift /Users/runner/work/FateLost/FateLost/FateLost/Multiplayer/MultiplayerIdentity.swift /Users/runner/work/FateLost/FateLost/FateLost/Multiplayer/NetCodec.swift /Users/runner/work/FateLost/FateLost/FateLost/Multiplayer/NetEvents.swift /Users/runner/work/FateLost/FateLost/FateLost/Multiplayer/NetHeroState.swift /Users/runner/work/FateLost/FateLost/FateLost/Multiplayer/NetSnapshot.swift /Users/runner/work/FateLost/FateLost/FateLost/Multiplayer/PartyAPI.swift /Users/runner/work/FateLost/FateLost/FateLost/Multiplayer/PartyClient.swift /Users/runner/work/FateLost/FateLost/FateLost/Multiplayer/PartyColors.swift /Users/runner/work/FateLost/FateLost/FateLost/Multiplayer/PartyLoadouts.swift /Users/runner/work/FateLost/FateLost/FateLost/Multiplayer/PartyProtocol.swift /Users/runner/work/FateLost/FateLost/FateLost/Multiplayer/PartyReport.swift /Users/runner/work/FateLost/FateLost/FateLost/Multiplayer/PartyRunController.swift /Users/runner/work/FateLost/FateLost/FateLost/Multiplayer/PartySocket.swift /Users/runner/work/FateLost/FateLost/FateLost/Rendering/NodePool.swift /Users/runner/work/FateLost/FateLost/FateLost/Rendering/PlaceholderArt.swift /Users/runner/work/FateLost/FateLost/FateLost/Rendering/PlaceholderArt+Allies.swift /Users/runner/work/FateLost/FateLost/FateLost/Rendering/PlaceholderArt+Bestiary.swift /Users/runner/work/FateLost/FateLost/FateLost/Rendering/PlaceholderArt+Creatures.swift /Users/runner/work/FateLost/FateLost/FateLost/Rendering/PlaceholderArt+Drawing.swift /Users/runner/work/FateLost/FateLost/FateLost/Rendering/PlaceholderArt+Effects.swift /Users/runner/work/FateLost/FateLost/FateLost/Rendering/PlaceholderArt+HeroFigure.swift /Users/runner/work/FateLost/FateLost/FateLost/Rendering/PlaceholderArt+HeroLayers.swift /Users/runner/work/FateLost/FateLost/FateLost/Rendering/PlaceholderArt+Loot.swift /Users/runner/work/FateLost/FateLost/FateLost/Rendering/PlaceholderArt+Props.swift /Users/runner/work/FateLost/FateLost/FateLost/Rendering/PlaceholderArt+Weapons.swift /Users/runner/work/FateLost/FateLost/FateLost/Rendering/RealmMapImage.swift /Users/runner/work/FateLost/FateLost/FateLost/Rendering/RGBA+Platform.swift /Users/runner/work/FateLost/FateLost/FateLost/Rendering/SpriteCatalog.swift /Users/runner/work/FateLost/FateLost/FateLost/Scenes/Gameplay/Camera/CameraController.swift /Users/runner/work/FateLost/FateLost/FateLost/Scenes/Gameplay/Effects/ChargeLaneRenderer.swift /Users/runner/work/FateLost/FateLost/FateLost/Scenes/Gameplay/Effects/CombatFeedback.swift /Users/runner/work/FateLost/FateLost/FateLost/Scenes/Gameplay/Effects/EffectsRenderer.swift /Users/runner/work/FateLost/FateLost/FateLost/Scenes/Gameplay/Effects/HazardRenderer.swift /Users/runner/work/FateLost/FateLost/FateLost/Scenes/Gameplay/Effects/VisualStyle+Presentation.swift /Users/runner/work/FateLost/FateLost/FateLost/Scenes/Gameplay/Effects/ZoneRenderer.swift /Users/runner/work/FateLost/FateLost/FateLost/Scenes/Gameplay/Entities/AllyRenderer.swift /Users/runner/work/FateLost/FateLost/FateLost/Scenes/Gameplay/Entities/CapeSway.swift /Users/runner/work/FateLost/FateLost/FateLost/Scenes/Gameplay/Entities/DropRenderer.swift /Users/runner/work/FateLost/FateLost/FateLost/Scenes/Gameplay/Entities/EnemyRenderer.swift /Users/runner/work/FateLost/FateLost/FateLost/Scenes/Gameplay/Entities/PartyRenderer.swift /Users/runner/work/FateLost/FateLost/FateLost/Scenes/Gameplay/Entities/PickupRenderer.swift /Users/runner/work/FateLost/FateLost/FateLost/Scenes/Gameplay/Entities/PlayerView.swift /Users/runner/work/FateLost/FateLost/FateLost/Scenes/Gameplay/Entities/PortalRenderer.swift /Users/runner/work/FateLost/FateLost/FateLost/Scenes/Gameplay/Entities/ProjectileRenderer.swift /Users/runner/work/FateLost/FateLost/FateLost/Scenes/Gameplay/Entities/ShrineRenderer.swift /Users/runner/work/FateLost/FateLost/FateLost/Scenes/Gameplay/HUD/AbilityButtonNode.swift /Users/runner/work/FateLost/FateLost/FateLost/Scenes/Gameplay/HUD/BeaconLayer.swift /Users/runner/work/FateLost/FateLost/FateLost/Scenes/Gameplay/HUD/GameHUDNode.swift /Users/runner/work/FateLost/FateLost/FateLost/Scenes/Gameplay/HUD/VirtualJoystickNode.swift /Users/runner/work/FateLost/FateLost/FateLost/Scenes/Gameplay/World/AtmosphereRenderer.swift /Users/runner/work/FateLost/FateLost/FateLost/Scenes/Gameplay/World/DecorationRenderer.swift /Users/runner/work/FateLost/FateLost/FateLost/Scenes/Gameplay/World/WrappingGroundRenderer.swift /Users/runner/work/FateLost/FateLost/FateLost/Scenes/Gameplay/GameScene.swift /Users/runner/work/FateLost/FateLost/FateLost/Scenes/Gameplay/GameSession.swift /Users/runner/work/FateLost/FateLost/FateLost/Scenes/Gameplay/GameViewContainer.swift /Users/runner/work/FateLost/FateLost/FateLost/UI/Components/EmberBackground.swift /Users/runner/work/FateLost/FateLost/FateLost/UI/Components/LegacyGlyph.swift /Users/runner/work/FateLost/FateLost/FateLost/UI/Components/LegacyGlyphData.swift /Users/runner/work/FateLost/FateLost/FateLost/UI/Components/WeaponIcon.swift /Users/runner/work/FateLost/FateLost/FateLost/UI/Screens/Multiplayer/MultiplayerViews.swift /Users/runner/work/FateLost/FateLost/FateLost/UI/Screens/Multiplayer/PartyResultsView.swift /Users/runner/work/FateLost/FateLost/FateLost/UI/Screens/Multiplayer/PartyRunViews.swift /Users/runner/work/FateLost/FateLost/FateLost/UI/Screens/SkillTree/SkillDetailPanel.swift /Users/runner/work/FateLost/FateLost/FateLost/UI/Screens/SkillTree/SkillTreeCanvas.swift /Users/runner/work/FateLost/FateLost/FateLost/UI/Screens/SkillTree/SkillTreeView.swift /Users/runner/work/FateLost/FateLost/FateLost/UI/Screens/SkillTree/TreeBoard.swift /Users/runner/work/FateLost/FateLost/FateLost/UI/Screens/ArmouryView.swift /Users/runner/work/FateLost/FateLost/FateLost/UI/Screens/CharacterView.swift /Users/runner/work/FateLost/FateLost/FateLost/UI/Screens/GameplayScreen.swift /Users/runner/work/FateLost/FateLost/FateLost/UI/Screens/LaunchView.swift /Users/runner/work/FateLost/FateLost/FateLost/UI/Screens/LegacyView.swift /Users/runner/work/FateLost/FateLost/FateLost/UI/Screens/MainMenuView.swift /Users/runner/work/FateLost/FateLost/FateLost/UI/Screens/RealmSelectView.swift /Users/runner/work/FateLost/FateLost/FateLost/UI/Screens/RelicCodex.swift /Users/runner/work/FateLost/FateLost/FateLost/UI/Screens/RelicOfferView.swift /Users/runner/work/FateLost/FateLost/FateLost/UI/Screens/RunSummaryView.swift /Users/runner/work/FateLost/FateLost/FateLost/UI/Screens/SettingsView.swift /Users/runner/work/FateLost/FateLost/FateLost/UI/Screens/StatisticsView.swift /Users/runner/work/FateLost/FateLost/FateLost/UI/Screens/WeaponSelectView.swift /Users/runner/work/FateLost/FateLost/FateLost/UI/Theme/FLTheme.swift /Users/runner/work/FateLost/FateLost/build/Build/Intermediates.noindex/FateLost.build/Release-iphoneos/FateLost.build/DerivedSources/GeneratedAssetSymbols.swift /Applications/Xcode_26.3.app/Contents/Developer/Toolchains/XcodeDefault.xctoolchain/usr/lib/swift/iphoneos/prebuilt-modules/26.2/CoreData.swiftmodule/arm64e-apple-ios.swiftmodule /Applications/Xcode_26.3.app/Contents/Developer/Toolchains/XcodeDefault.xctoolchain/usr/lib/swift/iphoneos/prebuilt-modules/26.2/CoreTransferable.swiftmodule/arm64e-apple-ios.swiftmodule /Applications/Xcode_26.3.app/Contents/Developer/Toolchains/XcodeDefault.xctoolchain/usr/lib/swift/iphoneos/prebuilt-modules/26.2/_DarwinFoundation3.swiftmodule/arm64e-apple-ios.swiftmodule /Applications/Xcode_26.3.app/Contents/Developer/Toolchains/XcodeDefault.xctoolchain/usr/lib/swift/iphoneos/prebuilt-modules/26.2/CoreFoundation.swiftmodule/arm64e-apple-ios.swiftmodule /Applications/Xcode_26.3.app/Contents/Developer/Toolchains/XcodeDefault.xctoolchain/usr/lib/swift/iphoneos/prebuilt-modules/26.2/simd.swiftmodule/arm64e-apple-ios.swiftmodule /Applications/Xcode_26.3.app/Contents/Developer/Toolchains/XcodeDefault.xctoolchain/usr/lib/swift/iphoneos/prebuilt-modules/26.2/Distributed.swiftmodule/arm64e-apple-ios.swiftmodule /Applications/Xcode_26.3.app/Contents/Developer/Toolchains/XcodeDefault.xctoolchain/usr/lib/swift/iphoneos/prebuilt-modules/26.2/CoreImage.swiftmodule/arm64e-apple-ios.swiftmodule /Applications/Xcode_26.3.app/Contents/Developer/Toolchains/XcodeDefault.xctoolchain/usr/lib/swift/iphoneos/prebuilt-modules/26.2/Metal.swiftmodule/arm64e-apple-ios.swiftmodule /Applications/Xcode_26.3.app/Contents/Developer/Toolchains/XcodeDefault.xctoolchain/usr/lib/swift/iphoneos/prebuilt-modules/26.2/_Concurrency.swiftmodule/arm64e-apple-ios.swiftmodule /Applications/Xcode_26.3.app/Contents/Developer/Toolchains/XcodeDefault.xctoolchain/usr/lib/swift/iphoneos/prebuilt-modules/26.2/_DarwinFoundation2.swiftmodule/arm64e-apple-ios.swiftmodule /Applications/Xcode_26.3.app/Contents/Developer/Toolchains/XcodeDefault.xctoolchain/usr/lib/swift/iphoneos/prebuilt-modules/26.2/CoreMIDI.swiftmodule/arm64e-apple-ios.swiftmodule /Applications/Xcode_26.3.app/Contents/Developer/Toolchains/XcodeDefault.xctoolchain/usr/lib/swift/iphoneos/prebuilt-modules/26.2/_SpriteKit_SwiftUI.swiftmodule/arm64e-apple-ios.swiftmodule /Applications/Xcode_26.3.app/Contents/Developer/Toolchains/XcodeDefault.xctoolchain/usr/lib/swift/iphoneos/prebuilt-modules/26.2/Foundation.swiftmodule/arm64e-apple-ios.swiftmodule /Applications/Xcode_26.3.app/Contents/Developer/Toolchains/XcodeDefault.xctoolchain/usr/lib/swift/iphoneos/prebuilt-modules/26.2/Accessibility.swiftmodule/arm64e-apple-ios.swiftmodule /Applications/Xcode_26.3.app/Contents/Developer/Toolchains/XcodeDefault.xctoolchain/usr/lib/swift/iphoneos/prebuilt-modules/26.2/ModelIO.swiftmodule/arm64e-apple-ios.swiftmodule /Applications/Xcode_26.3.app/Contents/Developer/Toolchains/XcodeDefault.xctoolchain/usr/lib/swift/iphoneos/prebuilt-modules/26.2/SwiftUICore.swiftmodule/arm64e-apple-ios.swiftmodule /Applications/Xcode_26.3.app/Contents/Developer/Toolchains/XcodeDefault.xctoolchain/usr/lib/swift/iphoneos/prebuilt-modules/26.2/CoreGraphics.swiftmodule/arm64e-apple-ios.swiftmodule /Applications/Xcode_26.3.app/Contents/Developer/Toolchains/XcodeDefault.xctoolchain/usr/lib/swift/iphoneos/prebuilt-modules/26.2/UniformTypeIdentifiers.swiftmodule/arm64e-apple-ios.swiftmodule /Applications/Xcode_26.3.app/Contents/Developer/Toolchains/XcodeDefault.xctoolchain/usr/lib/swift/iphoneos/prebuilt-modules/26.2/Spatial.swiftmodule/arm64e-apple-ios.swiftmodule /Applications/Xcode_26.3.app/Contents/Developer/Toolchains/XcodeDefault.xctoolchain/usr/lib/swift/iphoneos/prebuilt-modules/26.2/System.swiftmodule/arm64e-apple-ios.swiftmodule /Applications/Xcode_26.3.app/Contents/Developer/Toolchains/XcodeDefault.xctoolchain/usr/lib/swift/iphoneos/prebuilt-modules/26.2/XPC.swiftmodule/arm64e-apple-ios.swiftmodule /Applications/Xcode_26.3.app/Contents/Developer/Toolchains/XcodeDefault.xctoolchain/usr/lib/swift/iphoneos/prebuilt-modules/26.2/UIKit.swiftmodule/arm64e-apple-ios.swiftmodule /Applications/Xcode_26.3.app/Contents/Developer/Toolchains/XcodeDefault.xctoolchain/usr/lib/swift/iphoneos/prebuilt-modules/26.2/DeveloperToolsSupport.swiftmodule/arm64e-apple-ios.swiftmodule /Applications/Xcode_26.3.app/Contents/Developer/Toolchains/XcodeDefault.xctoolchain/usr/lib/swift/iphoneos/prebuilt-modules/26.2/AVFoundation.swiftmodule/arm64e-apple-ios.swiftmodule /Applications/Xcode_26.3.app/Contents/Developer/Toolchains/XcodeDefault.xctoolchain/usr/lib/swift/iphoneos/prebuilt-modules/26.2/CryptoKit.swiftmodule/arm64e-apple-ios.swiftmodule /Applications/Xcode_26.3.app/Contents/Developer/Toolchains/XcodeDefault.xctoolchain/usr/lib/swift/iphoneos/prebuilt-modules/26.2/AudioToolbox.swiftmodule/arm64e-apple-ios.swiftmodule /Applications/Xcode_26.3.app/Contents/Developer/Toolchains/XcodeDefault.xctoolchain/usr/lib/swift/iphoneos/prebuilt-modules/26.2/GLKit.swiftmodule/arm64e-apple-ios.swiftmodule /Applications/Xcode_26.3.app/Contents/Developer/Toolchains/XcodeDefault.xctoolchain/usr/lib/swift/iphoneos/prebuilt-modules/26.2/Synchronization.swiftmodule/arm64e-apple-ios.swiftmodule /Applications/Xcode_26.3.app/Contents/Developer/Toolchains/XcodeDefault.xctoolchain/usr/lib/swift/iphoneos/prebuilt-modules/26.2/CoreAudio.swiftmodule/arm64e-apple-ios.swiftmodule /Applications/Xcode_26.3.app/Contents/Developer/Toolchains/XcodeDefault.xctoolchain/usr/lib/swift/iphoneos/prebuilt-modules/26.2/QuartzCore.swiftmodule/arm64e-apple-ios.swiftmodule /Applications/Xcode_26.3.app/Contents/Developer/Toolchains/XcodeDefault.xctoolchain/usr/lib/swift/iphoneos/prebuilt-modules/26.2/_Builtin_float.swiftmodule/arm64e-apple-ios.swiftmodule /Applications/Xcode_26.3.app/Contents/Developer/Toolchains/XcodeDefault.xctoolchain/usr/lib/swift/iphoneos/prebuilt-modules/26.2/_DarwinFoundation1.swiftmodule/arm64e-apple-ios.swiftmodule /Applications/Xcode_26.3.app/Contents/Developer/Toolchains/XcodeDefault.xctoolchain/usr/lib/swift/iphoneos/prebuilt-modules/26.2/Dispatch.swiftmodule/arm64e-apple-ios.swiftmodule /Applications/Xcode_26.3.app/Contents/Developer/Toolchains/XcodeDefault.xctoolchain/usr/lib/swift/iphoneos/prebuilt-modules/26.2/SpriteKit.swiftmodule/arm64e-apple-ios.swiftmodule /Applications/Xcode_26.3.app/Contents/Developer/Toolchains/XcodeDefault.xctoolchain/usr/lib/swift/iphoneos/prebuilt-modules/26.2/SwiftUI.swiftmodule/arm64e-apple-ios.swiftmodule /Applications/Xcode_26.3.app/Contents/Developer/Toolchains/XcodeDefault.xctoolchain/usr/lib/swift/iphoneos/prebuilt-modules/26.2/DataDetection.swiftmodule/arm64e-apple-ios.swiftmodule /Applications/Xcode_26.3.app/Contents/Developer/Toolchains/XcodeDefault.xctoolchain/usr/lib/swift/iphoneos/prebuilt-modules/26.2/OSLog.swiftmodule/arm64e-apple-ios.swiftmodule /Applications/Xcode_26.3.app/Contents/Developer/Toolchains/XcodeDefault.xctoolchain/usr/lib/swift/iphoneos/prebuilt-modules/26.2/Swift.swiftmodule/arm64e-apple-ios.swiftmodule /Applications/Xcode_26.3.app/Contents/Developer/Toolchains/XcodeDefault.xctoolchain/usr/lib/swift/iphoneos/prebuilt-modules/26.2/Observation.swiftmodule/arm64e-apple-ios.swiftmodule /Applications/Xcode_26.3.app/Contents/Developer/Toolchains/XcodeDefault.xctoolchain/usr/lib/swift/iphoneos/prebuilt-modules/26.2/Darwin.swiftmodule/arm64e-apple-ios.swiftmodule /Applications/Xcode_26.3.app/Contents/Developer/Toolchains/XcodeDefault.xctoolchain/usr/lib/swift/iphoneos/prebuilt-modules/26.2/_StringProcessing.swiftmodule/arm64e-apple-ios.swiftmodule /Applications/Xcode_26.3.app/Contents/Developer/Toolchains/XcodeDefault.xctoolchain/usr/lib/swift/iphoneos/prebuilt-modules/26.2/CoreMedia.swiftmodule/arm64e-apple-ios.swiftmodule /Applications/Xcode_26.3.app/Contents/Developer/Toolchains/XcodeDefault.xctoolchain/usr/lib/swift/iphoneos/prebuilt-modules/26.2/LocalAuthentication.swiftmodule/arm64e-apple-ios.swiftmodule /Applications/Xcode_26.3.app/Contents/Developer/Toolchains/XcodeDefault.xctoolchain/usr/lib/swift/iphoneos/prebuilt-modules/26.2/FileProvider.swiftmodule/arm64e-apple-ios.swiftmodule /Applications/Xcode_26.3.app/Contents/Developer/Toolchains/XcodeDefault.xctoolchain/usr/lib/swift/iphoneos/prebuilt-modules/26.2/AVFAudio.swiftmodule/arm64e-apple-ios.swiftmodule /Applications/Xcode_26.3.app/Contents/Developer/Toolchains/XcodeDefault.xctoolchain/usr/lib/swift/iphoneos/prebuilt-modules/26.2/CoreVideo.swiftmodule/arm64e-apple-ios.swiftmodule /Applications/Xcode_26.3.app/Contents/Developer/Toolchains/XcodeDefault.xctoolchain/usr/lib/swift/iphoneos/prebuilt-modules/26.2/Symbols.swiftmodule/arm64e-apple-ios.swiftmodule /Applications/Xcode_26.3.app/Contents/Developer/Toolchains/XcodeDefault.xctoolchain/usr/lib/swift/iphoneos/prebuilt-modules/26.2/Combine.swiftmodule/arm64e-apple-ios.swiftmodule /Applications/Xcode_26.3.app/Contents/Developer/Toolchains/XcodeDefault.xctoolchain/usr/lib/swift/iphoneos/prebuilt-modules/26.2/os.swiftmodule/arm64e-apple-ios.swiftmodule /Applications/Xcode_26.3.app/Contents/Developer/Toolchains/XcodeDefault.xctoolchain/usr/lib/swift/iphoneos/prebuilt-modules/26.2/Network.swiftmodule/arm64e-apple-ios.swiftmodule /Applications/Xcode_26.3.app/Contents/Developer/Toolchains/XcodeDefault.xctoolchain/usr/lib/swift/iphoneos/prebuilt-modules/26.2/ObjectiveC.swiftmodule/arm64e-apple-ios.swiftmodule /Applications/Xcode_26.3.app/Contents/Developer/Toolchains/XcodeDefault.xctoolchain/usr/lib/swift/iphoneos/prebuilt-modules/26.2/CoreText.swiftmodule/arm64e-apple-ios.swiftmodule /Users/runner/work/FateLost/FateLost/build/ModuleCache.noindex/dnssd-37WG2ADKBFNKH53AL68VLDGRC.pcm /Users/runner/work/FateLost/FateLost/build/ModuleCache.noindex/CoreMedia-5DZI5ZA1FT68V9HBOVINJAPMD.pcm /Users/runner/work/FateLost/FateLost/build/ModuleCache.noindex/IOSurface-991LTR4IQTTXRKZA0NK6NKQN0.pcm /Users/runner/work/FateLost/FateLost/build/ModuleCache.noindex/UserNotifications-C31PGPTO186VZ059Z583NYNLJ.pcm /Users/runner/work/FateLost/FateLost/build/ModuleCache.noindex/_Builtin_stdarg-AGV6DD7FC7WNRMPM8Y3AAECM4.pcm /Users/runner/work/FateLost/FateLost/build/ModuleCache.noindex/Network-3NN470H2L85CGC9ZL9O3KX7EX.pcm /Users/runner/work/FateLost/FateLost/build/ModuleCache.noindex/GLKit-4B8JDC5UNJF5GJPPLL3997132.pcm /Users/runner/work/FateLost/FateLost/build/ModuleCache.noindex/ptrcheck-2SOK9FVPXJ1YF3AUMMYU6Y3BG.pcm /Users/runner/work/FateLost/FateLost/build/ModuleCache.noindex/_Builtin_tgmath-1UI692PZ0SK9KTTMZG33SSUG2.pcm /Users/runner/work/FateLost/FateLost/build/ModuleCache.noindex/SwiftShims-68EKJEN69EN2G59MNJ3PF1ZDP.pcm /Users/runner/work/FateLost/FateLost/build/ModuleCache.noindex/os-ATB9B520E13Q06N8QH69BFHZ9.pcm /Users/runner/work/FateLost/FateLost/build/ModuleCache.noindex/CoreFoundation-70SC11SALSEYH74MST58YSV7O.pcm /Users/runner/work/FateLost/FateLost/build/ModuleCache.noindex/UniformTypeIdentifiers-C6F83PFISL2TYWWJNASZTV992.pcm /Users/runner/work/FateLost/FateLost/build/ModuleCache.noindex/_Builtin_inttypes-6TRF3SG9MHMM3S95DBCQR2DGO.pcm /Users/runner/work/FateLost/FateLost/build/ModuleCache.noindex/sys_types-5O4JVTZ98WD47SYQWTL35XNF7.pcm /Users/runner/work/FateLost/FateLost/build/ModuleCache.noindex/OpenGLES-2IQPJYYRNMN3S380HRL1988RJ.pcm /Users/runner/work/FateLost/FateLost/build/ModuleCache.noindex/_Builtin_stddef-ANJ0J4JCNPJ383NW916DF8I7K.pcm /Users/runner/work/FateLost/FateLost/build/ModuleCache.noindex/SpriteKit-82VD7V50PYYGYJW9H02TFKAZG.pcm /Users/runner/work/FateLost/FateLost/build/ModuleCache.noindex/simd-1MPS2ZFKL93FGLEW4G338WFAS.pcm /Users/runner/work/FateLost/FateLost/build/ModuleCache.noindex/_SwiftConcurrencyShims-6CR9R8KOTRB6NKCSZVXMVXDAK.pcm /Users/runner/work/FateLost/FateLost/build/ModuleCache.noindex/LocalAuthentication-CYT2AQDOMGG6LEASYJSUWJ1SL.pcm /Users/runner/work/FateLost/FateLost/build/ModuleCache.noindex/Dispatch-7DN0J7A324VXXYBYHBQ9NBNGB.pcm /Users/runner/work/FateLost/FateLost/build/ModuleCache.noindex/MediaToolbox-C1RCSGS8QVBAP8T2Z00FY87TA.pcm /Users/runner/work/FateLost/FateLost/build/ModuleCache.noindex/CoreGraphics-74DD3T2C65Q1OWT3CYYOLKL57.pcm /Users/runner/work/FateLost/FateLost/build/ModuleCache.noindex/_Builtin_stdbool-4RQTF4MYEQLMKKHFEOBW4X0R4.pcm /Users/runner/work/FateLost/FateLost/build/ModuleCache.noindex/_DarwinFoundation2-90J8NOI5DQW9A7D19S7P0FAZT.pcm /Users/runner/work/FateLost/FateLost/build/ModuleCache.noindex/QuartzCore-8XFUCDD5VCTTIS05YI2WFJUM4.pcm /Users/runner/work/FateLost/FateLost/build/ModuleCache.noindex/ObjectiveC-9O6EZ5TOKZPUOHFL91AI33JQA.pcm /Users/runner/work/FateLost/FateLost/build/ModuleCache.noindex/MachO-7DUCC77Y0LO97PXGJEBAQXNLH.pcm /Users/runner/work/FateLost/FateLost/build/ModuleCache.noindex/CFNetwork-G9NG6AN110BT2Z5N2IVOQU01.pcm /Users/runner/work/FateLost/FateLost/build/ModuleCache.noindex/UIKit-ECSGTGHHXKG0RPPYD3EP6M479.pcm /Users/runner/work/FateLost/FateLost/build/ModuleCache.noindex/_DarwinFoundation1-4O213QUN29FQHMKR695345HQL.pcm /Users/runner/work/FateLost/FateLost/build/ModuleCache.noindex/CoreData-E229L0MTQGJ0CELN182POY15T.pcm /Users/runner/work/FateLost/FateLost/build/ModuleCache.noindex/DeveloperToolsSupport-50W7AJWNPA79GUZ8HUDL4R1SY.pcm /Users/runner/work/FateLost/FateLost/build/ModuleCache.noindex/CoreText-BMMT6IYI5L0FWKD8PWD2SNSXF.pcm /Users/runner/work/FateLost/FateLost/build/ModuleCache.noindex/os_object-7B630YY9GHDKMQKZPWIZSY2NF.pcm /Users/runner/work/FateLost/FateLost/build/ModuleCache.noindex/FileProvider-3QRW7LXQEO2QBS96BOQNL9PFX.pcm /Users/runner/work/FateLost/FateLost/build/ModuleCache.noindex/_Builtin_stdint-7R6CN217JNNNSB80S4EWITYVG.pcm /Users/runner/work/FateLost/FateLost/build/ModuleCache.noindex/CoreAudioTypes-17I0USCPJNS219Y6DQOH01BPJ.pcm /Users/runner/work/FateLost/FateLost/build/ModuleCache.noindex/UIUtilities-7N7NSTVHM0E2ZJU6XPGSO2795.pcm /Users/runner/work/FateLost/FateLost/build/ModuleCache.noindex/Spatial-5T6K5XSK0FIUKKZPT1CPPFSBQ.pcm /Users/runner/work/FateLost/FateLost/build/ModuleCache.noindex/SwiftUI-DKVJF1TATPGVB3G0LN980J7G0.pcm /Users/runner/work/FateLost/FateLost/build/ModuleCache.noindex/_AvailabilityInternal-3C41ZHI8UPT17FP1CDDXWD4LH.pcm /Users/runner/work/FateLost/FateLost/build/ModuleCache.noindex/Darwin-9FNCL8XA13Q5MWU2URWYGEX60.pcm /Users/runner/work/FateLost/FateLost/build/ModuleCache.noindex/SwiftUICore-47RPIFXC3SX0A310L9J26Z2HO.pcm /Users/runner/work/FateLost/FateLost/build/ModuleCache.noindex/os_workgroup-6I0GG6Z36AI1XRZDG08DXZTE2.pcm /Users/runner/work/FateLost/FateLost/build/ModuleCache.noindex/OSLog-2US2544KUPROP174X0F8208MX.pcm /Users/runner/work/FateLost/FateLost/build/ModuleCache.noindex/Metal-BBSAFD3A056P4VTZPYB5XYJIR.pcm /Users/runner/work/FateLost/FateLost/build/ModuleCache.noindex/ImageIO-UG2XZXXDGN218V4NCBDUWLA6.pcm /Users/runner/work/FateLost/FateLost/build/ModuleCache.noindex/CoreImage-6QF62BSL77VNP631CSIRRW89J.pcm /Users/runner/work/FateLost/FateLost/build/ModuleCache.noindex/ModelIO-CUSV0RV6R5R5JAR3MHBZZJQPT.pcm /Users/runner/work/FateLost/FateLost/build/ModuleCache.noindex/Symbols-89ZQHY7DG9976B09MYX5S5ELI.pcm /Users/runner/work/FateLost/FateLost/build/ModuleCache.noindex/AVFoundation-7USEAT52JCQG8NEJWOPFJ5LQB.pcm /Users/runner/work/FateLost/FateLost/build/ModuleCache.noindex/CoreVideo-9HIKXUYJ2Z7J91CHX899ANTQ8.pcm /Users/runner/work/FateLost/FateLost/build/ModuleCache.noindex/CoreAudio-C8K7D91M6XS5O94I7J5AJEQER.pcm /Users/runner/work/FateLost/FateLost/build/ModuleCache.noindex/_Builtin_intrinsics-80L6Y7PWNO7WVVZUF2L2WO0NR.pcm /Users/runner/work/FateLost/FateLost/build/ModuleCache.noindex/Security-5VOWNWWEQ879TUYDYY7XCC2ZR.pcm /Users/runner/work/FateLost/FateLost/build/ModuleCache.noindex/XPC-2UUQ9H7L37QXTNC1Q4ZTCZT9D.pcm /Users/runner/work/FateLost/FateLost/build/ModuleCache.noindex/ptrauth-37CKMDKKTX7LJFI4UV5A7MU1L.pcm /Users/runner/work/FateLost/FateLost/build/ModuleCache.noindex/_Builtin_stdatomic-C6OOKMX2PK9GUT8RT9RUHLW3R.pcm /Users/runner/work/FateLost/FateLost/build/ModuleCache.noindex/_Builtin_limits-74YD3PEDDRFUODPPMX2WS0AK5.pcm /Users/runner/work/FateLost/FateLost/build/ModuleCache.noindex/AudioToolbox-CBVDFA60692UZDEHDFOGCTC9G.pcm /Users/runner/work/FateLost/FateLost/build/ModuleCache.noindex/_DarwinFoundation3-AP4HB8WR19S29E69PJZUB7P02.pcm /Users/runner/work/FateLost/FateLost/build/ModuleCache.noindex/AVFAudio-709UNTCN1Q33AQ5AG0A8B7SLC.pcm /Users/runner/work/FateLost/FateLost/build/ModuleCache.noindex/DataDetection-CMPIT53EQ90UZ5JWTJ9EIVWX2.pcm /Users/runner/work/FateLost/FateLost/build/ModuleCache.noindex/Accessibility-3MXNP0K8IK93XRHC92R5BJZGG.pcm /Users/runner/work/FateLost/FateLost/build/ModuleCache.noindex/CoreTransferable-88PDFN0M2KZUKLV0FXP0DFM82.pcm /Users/runner/work/FateLost/FateLost/build/ModuleCache.noindex/Foundation-A1NTJAG6IAJJ8CUV695KF1D90.pcm /Users/runner/work/FateLost/FateLost/build/ModuleCache.noindex/CoreMIDI-7JL8EIPNCJABQV7J6D9HINAZC.pcm /Users/runner/work/FateLost/FateLost/build/ModuleCache.noindex/AVRouting-EBBCEVXALOCTIE52ZY4JP6W38.pcm /Users/runner/work/FateLost/FateLost/build/ModuleCache.noindex/_Builtin_float-82ORPH1983FFRIBYY4ORQWXTD.pcm /Users/runner/work/FateLost/FateLost/build/Build/Intermediates.noindex/FateLost.build/Release-iphoneos/FateLost.build/Objects-normal/arm64/FateLost-dependencies-1.json (in target 'FateLost' from project 'FateLost')
CompileSwift normal arm64 (in target 'FateLost' from project 'FateLost')
    cd /Users/runner/work/FateLost/FateLost
    
/Users/runner/work/FateLost/FateLost/FateLost/Core/Feedback/AudioManager.swift:298:20: warning: capture of 'raw' with non-Sendable type 'AVAudioPCMBuffer' in a '@Sendable' closure
            return raw
                   ^
/Applications/Xcode_26.3.app/Contents/Developer/Platforms/iPhoneOS.platform/Developer/SDKs/iPhoneOS26.2.sdk/System/Library/Frameworks/AVFAudio.framework/Headers/AVAudioBuffer.h:67:12: note: class 'AVAudioPCMBuffer' does not conform to the 'Sendable' protocol
@interface AVAudioPCMBuffer : AVAudioBuffer
           ^
/Users/runner/work/FateLost/FateLost/FateLost/Core/Feedback/AudioManager.swift:1:1: warning: add '@preconcurrency' to suppress 'Sendable'-related warnings from module 'AVFAudio'
import AVFoundation
^
@preconcurrency 
/Users/runner/work/FateLost/FateLost/FateLost/Scenes/Gameplay/Entities/PartyRenderer.swift:9:20: warning: call to main actor-isolated initializer 'init()' in a synchronous nonisolated context
        let root = SKNode()
                   ^
/Applications/Xcode_26.3.app/Contents/Developer/Platforms/iPhoneOS.platform/Developer/SDKs/iPhoneOS26.2.sdk/System/Library/Frameworks/SpriteKit.framework/Headers/SKNode.h:55:1: note: calls to initializer 'init()' from outside of its actor context are implicitly asynchronous
- (instancetype)init NS_DESIGNATED_INITIALIZER;
^
/Applications/Xcode_26.3.app/Contents/Developer/Platforms/iPhoneOS.platform/Developer/SDKs/iPhoneOS26.2.sdk/System/Library/Frameworks/SpriteKit.framework/Headers/SKNode.h:55:1: note: main actor isolation inferred from inheritance from class 'UIResponder'
- (instancetype)init NS_DESIGNATED_INITIALIZER;
^
/Users/runner/work/FateLost/FateLost/FateLost/Scenes/Gameplay/Entities/PartyRenderer.swift:11:23: warning: call to main actor-isolated initializer 'init()' in a synchronous nonisolated context
        let barBack = SKShapeNode()
                      ^
/Applications/Xcode_26.3.app/Contents/Developer/Platforms/iPhoneOS.platform/Developer/SDKs/iPhoneOS26.2.sdk/System/Library/Frameworks/SpriteKit.framework/Headers/SKNode.h:55:1: note: calls to initializer 'init()' from outside of its actor context are implicitly asynchronous
- (instancetype)init NS_DESIGNATED_INITIALIZER;
^
/Applications/Xcode_26.3.app/Contents/Developer/Platforms/iPhoneOS.platform/Developer/SDKs/iPhoneOS26.2.sdk/System/Library/Frameworks/SpriteKit.framework/Headers/SKNode.h:55:1: note: main actor isolation inferred from inheritance from class 'SKNode'
- (instancetype)init NS_DESIGNATED_INITIALIZER;
^
/Users/runner/work/FateLost/FateLost/FateLost/Scenes/Gameplay/Entities/PartyRenderer.swift:12:23: warning: call to main actor-isolated initializer 'init()' in a synchronous nonisolated context
        let barFill = SKShapeNode()
                      ^
/Applications/Xcode_26.3.app/Contents/Developer/Platforms/iPhoneOS.platform/Developer/SDKs/iPhoneOS26.2.sdk/System/Library/Frameworks/SpriteKit.framework/Headers/SKNode.h:55:1: note: calls to initializer 'init()' from outside of its actor context are implicitly asynchronous
- (instancetype)init NS_DESIGNATED_INITIALIZER;
^
/Applications/Xcode_26.3.app/Contents/Developer/Platforms/iPhoneOS.platform/Developer/SDKs/iPhoneOS26.2.sdk/System/Library/Frameworks/SpriteKit.framework/Headers/SKNode.h:55:1: note: main actor isolation inferred from inheritance from class 'SKNode'
- (instancetype)init NS_DESIGNATED_INITIALIZER;
^
/Users/runner/work/FateLost/FateLost/FateLost/Scenes/Gameplay/Entities/PartyRenderer.swift:18:25: warning: call to main actor-isolated initializer 'init(text:)' in a synchronous nonisolated context
            self.name = SKLabelNode(text: name)
                        ^
/Applications/Xcode_26.3.app/Contents/Developer/Platforms/iPhoneOS.platform/Developer/SDKs/iPhoneOS26.2.sdk/System/Library/Frameworks/SpriteKit.framework/Headers/SKLabelNode.h:31:1: note: calls to initializer 'init(text:)' from outside of its actor context are implicitly asynchronous
+ (instancetype)labelNodeWithText:(nullable NSString *)text;
^
/Applications/Xcode_26.3.app/Contents/Developer/Platforms/iPhoneOS.platform/Developer/SDKs/iPhoneOS26.2.sdk/System/Library/Frameworks/SpriteKit.framework/Headers/SKLabelNode.h:31:1: note: main actor isolation inferred from inheritance from class 'SKNode'
+ (instancetype)labelNodeWithText:(nullable NSString *)text;
^

LinkAssetCatalog /Users/runner/work/FateLost/FateLost/FateLost/Resources/Assets.xcassets (in target 'FateLost' from project 'FateLost')
    cd /Users/runner/work/FateLost/FateLost
    builtin-linkAssetCatalog --thinned /Users/runner/work/FateLost/FateLost/build/Build/Intermediates.noindex/FateLost.build/Release-iphoneos/FateLost.build/assetcatalog_output/thinned --thinned-dependencies /Users/runner/work/FateLost/FateLost/build/Build/Intermediates.noindex/FateLost.build/Release-iphoneos/FateLost.build/assetcatalog_dependencies_thinned --thinned-info-plist-content /Users/runner/work/FateLost/FateLost/build/Build/Intermediates.noindex/FateLost.build/Release-iphoneos/FateLost.build/assetcatalog_generated_info.plist_thinned --unthinned /Users/runner/work/FateLost/FateLost/build/Build/Intermediates.noindex/FateLost.build/Release-iphoneos/FateLost.build/assetcatalog_output/unthinned --unthinned-dependencies /Users/runner/work/FateLost/FateLost/build/Build/Intermediates.noindex/FateLost.build/Release-iphoneos/FateLost.build/assetcatalog_dependencies_unthinned --unthinned-info-plist-content /Users/runner/work/FateLost/FateLost/build/Build/Intermediates.noindex/FateLost.build/Release-iphoneos/FateLost.build/assetcatalog_generated_info.plist_unthinned --output /Users/runner/work/FateLost/FateLost/build/Build/Products/Release-iphoneos/FateLost.app --plist-output /Users/runner/work/FateLost/FateLost/build/Build/Intermediates.noindex/FateLost.build/Release-iphoneos/FateLost.build/assetcatalog_generated_info.plist
note: Emplaced /Users/runner/work/FateLost/FateLost/build/Build/Products/Release-iphoneos/FateLost.app/AppIcon60x60@2x.png (in target 'FateLost' from project 'FateLost')
note: Emplaced /Users/runner/work/FateLost/FateLost/build/Build/Products/Release-iphoneos/FateLost.app/AppIcon76x76@2x~ipad.png (in target 'FateLost' from project 'FateLost')
note: Emplaced /Users/runner/work/FateLost/FateLost/build/Build/Products/Release-iphoneos/FateLost.app/Assets.car (in target 'FateLost' from project 'FateLost')

ProcessInfoPlistFile /Users/runner/work/FateLost/FateLost/build/Build/Products/Release-iphoneos/FateLost.app/Info.plist /Users/runner/work/FateLost/FateLost/Config/Info.plist (in target 'FateLost' from project 'FateLost')
    cd /Users/runner/work/FateLost/FateLost
    builtin-infoPlistUtility /Users/runner/work/FateLost/FateLost/Config/Info.plist -producttype com.apple.product-type.application -genpkginfo /Users/runner/work/FateLost/FateLost/build/Build/Products/Release-iphoneos/FateLost.app/PkgInfo -expandbuildsettings -format binary -platform iphoneos -additionalcontentfile /Users/runner/work/FateLost/FateLost/build/Build/Intermediates.noindex/FateLost.build/Release-iphoneos/FateLost.build/assetcatalog_generated_info.plist -requiredArchitecture arm64 -o /Users/runner/work/FateLost/FateLost/build/Build/Products/Release-iphoneos/FateLost.app/Info.plist

SwiftDriverJobDiscovery normal arm64 Compiling AppRouter.swift, AppServices.swift, FateLostApp.swift, RootView.swift, RGBA.swift, SpriteID.swift, AudioManager.swift, HapticsService.swift, MusicDirector.swift, CGPoint+Vector.swift, SeededRandom.swift, VersionedFileStore.swift, GameSettings.swift, FixedTimestep.swift, CommonRelics.swift, EpicRelics.swift, RareRelics.swift, RelicCatalog.swift, RelicContent.swift, UncommonRelics.swift, BardSkills.swift, ClericSkills.swift, DruidSkills.swift, FormCatalog.swift, MonkSkills.swift, OrderContent.swift, OrderSkills.swift, PaladinSkills.swift, RangerSkills.swift, RogueSkills.swift, SkillCatalog.swift, SkillContent.swift, SorcererSkills.swift, SummonCatalog.swift, WarlockSkills.swift, WarriorSkills.swift, WizardSkills.swift, ArenaThemes.swift, EnemyCatalog.swift, LegacyTree.swift, RealmCatalog.swift, StarterWeapons.swift, DeveloperOptions.swift, DeveloperPanelView.swift, PerformanceOverlayNode.swift, CombatEntities.swift, CombatEvent.swift, CombatState.swift, CombatState+Damage.swift, DamageType.swift, Hazard.swift, PartyTypes.swift, Projectile.swift, Rift.swift, GameTuning.swift, EnemyDefinition.swift, EnemyFamily.swift, EnemyStore.swift, EnemyStrain.swift, PlayerState.swift, HeroAppearance.swift, HeroUnlocks.swift, HUDLayout.swift, JoystickModel.swift, WeaponDefinition.swift, WeaponFind.swift, ItemRarity.swift, CodexRewards.swift, LegacyNode.swift, LegacyProfile.swift, WeaponMastery.swift, Relic.swift, RelicRoller.swift, GameSimulation.swift, GameSimulation+Mirror.swift, GameSimulation+Party.swift, GameSimulation+Rift.swift, Archetype.swift, Conditions.swift, EffectAction.swift, HybridOrder.swift, RankValue.swift, SkillDefinition.swift, StatusKind.swift, ActionExecutor.swift, CompiledBuild.swift, SkillAllocation.swift, StatID.swift, StatSheet.swift, AllySystem.swift, BossSystem.swift, DropTable.swift, EnemyAISystem.swift, MovementSystem.swift, PickupSystem.swift, ProjectileSystem.swift, ShrineSystem.swift, SpawnSystem.swift, StatusSystem.swift, WaveSystem.swift, WeaponSystem.swift, ZoneSystem.swift, ArenaGenerator.swift, ArenaLayout.swift, ArenaTheme.swift, Decorations.swift, RealmDefinition.swift, RealmProgress.swift, WavePlan.swift, IsometricProjection.swift, ToroidalSpatialGrid.swift, ToroidalWorld.swift, WrappedRenderFrame.swift, HostInput.swift, MovementSmoothing.swift, MultiplayerHub.swift, MultiplayerIdentity.swift, NetCodec.swift, NetEvents.swift, NetHeroState.swift, NetSnapshot.swift, PartyAPI.swift, PartyClient.swift, PartyColors.swift, PartyLoadouts.swift, PartyProtocol.swift, PartyReport.swift, PartyRunController.swift, PartySocket.swift, NodePool.swift, PlaceholderArt.swift, PlaceholderArt+Allies.swift, PlaceholderArt+Bestiary.swift, PlaceholderArt+Creatures.swift, PlaceholderArt+Drawing.swift, PlaceholderArt+Effects.swift, PlaceholderArt+HeroFigure.swift, PlaceholderArt+HeroLayers.swift, PlaceholderArt+Loot.swift, PlaceholderArt+Props.swift, PlaceholderArt+Weapons.swift, RealmMapImage.swift, RGBA+Platform.swift, SpriteCatalog.swift, CameraController.swift, ChargeLaneRenderer.swift, CombatFeedback.swift, EffectsRenderer.swift, HazardRenderer.swift, VisualStyle+Presentation.swift, ZoneRenderer.swift, AllyRenderer.swift, CapeSway.swift, DropRenderer.swift, EnemyRenderer.swift, PartyRenderer.swift, PickupRenderer.swift, PlayerView.swift, PortalRenderer.swift, ProjectileRenderer.swift, ShrineRenderer.swift, AbilityButtonNode.swift, BeaconLayer.swift, GameHUDNode.swift, VirtualJoystickNode.swift, AtmosphereRenderer.swift, DecorationRenderer.swift, WrappingGroundRenderer.swift, GameScene.swift, GameSession.swift, GameViewContainer.swift, EmberBackground.swift, LegacyGlyph.swift, LegacyGlyphData.swift, WeaponIcon.swift, MultiplayerViews.swift, PartyResultsView.swift, PartyRunViews.swift, SkillDetailPanel.swift, SkillTreeCanvas.swift, SkillTreeView.swift, TreeBoard.swift, ArmouryView.swift, CharacterView.swift, GameplayScreen.swift, LaunchView.swift, LegacyView.swift, MainMenuView.swift, RealmSelectView.swift, RelicCodex.swift, RelicOfferView.swift, RunSummaryView.swift, SettingsView.swift, StatisticsView.swift, WeaponSelectView.swift, FLTheme.swift, GeneratedAssetSymbols.swift (in target 'FateLost' from project 'FateLost')

SwiftDriver\ Compilation\ Requirements FateLost normal arm64 com.apple.xcode.tools.swift.compiler (in target 'FateLost' from project 'FateLost')
    cd /Users/runner/work/FateLost/FateLost
    builtin-Swift-Compilation-Requirements -- /Applications/Xcode_26.3.app/Contents/Developer/Toolchains/XcodeDefault.xctoolchain/usr/bin/swiftc -module-name FateLost -O -whole-module-optimization -enforce-exclusivity\=checked @/Users/runner/work/FateLost/FateLost/build/Build/Intermediates.noindex/FateLost.build/Release-iphoneos/FateLost.build/Objects-normal/arm64/FateLost.SwiftFileList -DFATELOST_DEVTOOLS -enable-bare-slash-regex -enable-experimental-feature DebugDescriptionMacro -sdk /Applications/Xcode_26.3.app/Contents/Developer/Platforms/iPhoneOS.platform/Developer/SDKs/iPhoneOS26.2.sdk -target arm64-apple-ios17.0 -g -module-cache-path /Users/runner/work/FateLost/FateLost/build/ModuleCache.noindex -Xfrontend -serialize-debugging-options -swift-version 5 -I /Users/runner/work/FateLost/FateLost/build/Build/Products/Release-iphoneos -F /Users/runner/work/FateLost/FateLost/build/Build/Products/Release-iphoneos -emit-localized-strings -emit-localized-strings-path /Users/runner/work/FateLost/FateLost/build/Build/Intermediates.noindex/FateLost.build/Release-iphoneos/FateLost.build/Objects-normal/arm64 -c -num-threads 3 -Xcc -ivfsstatcache -Xcc /Users/runner/work/FateLost/FateLost/build/SDKStatCaches.noindex/iphoneos26.2-23C57-dc75598d0054f22ec865fa860f139d722dd23b4ebda140f7210d155ff1243552.sdkstatcache -output-file-map /Users/runner/work/FateLost/FateLost/build/Build/Intermediates.noindex/FateLost.build/Release-iphoneos/FateLost.build/Objects-normal/arm64/FateLost-OutputFileMap.json -use-frontend-parseable-output -save-temps -no-color-diagnostics -explicit-module-build -module-cache-path /Users/runner/work/FateLost/FateLost/build/Build/Intermediates.noindex/SwiftExplicitPrecompiledModules -clang-scanner-module-cache-path /Users/runner/work/FateLost/FateLost/build/ModuleCache.noindex -sdk-module-cache-path /Users/runner/work/FateLost/FateLost/build/ModuleCache.noindex -serialize-diagnostics -emit-dependencies -emit-module -emit-module-path /Users/runner/work/FateLost/FateLost/build/Build/Intermediates.noindex/FateLost.build/Release-iphoneos/FateLost.build/Objects-normal/arm64/FateLost.swiftmodule -validate-clang-modules-once -clang-build-session-file /Users/runner/work/FateLost/FateLost/build/ModuleCache.noindex/Session.modulevalidation -Xcc -I/Users/runner/work/FateLost/FateLost/build/Build/Intermediates.noindex/FateLost.build/Release-iphoneos/FateLost.build/swift-overrides.hmap -emit-const-values -Xfrontend -const-gather-protocols-file -Xfrontend /Users/runner/work/FateLost/FateLost/build/Build/Intermediates.noindex/FateLost.build/Release-iphoneos/FateLost.build/Objects-normal/arm64/FateLost_const_extract_protocols.json -Xcc -iquote -Xcc /Users/runner/work/FateLost/FateLost/build/Build/Intermediates.noindex/FateLost.build/Release-iphoneos/FateLost.build/FateLost-generated-files.hmap -Xcc -I/Users/runner/work/FateLost/FateLost/build/Build/Intermediates.noindex/FateLost.build/Release-iphoneos/FateLost.build/FateLost-own-target-headers.hmap -Xcc -I/Users/runner/work/FateLost/FateLost/build/Build/Intermediates.noindex/FateLost.build/Release-iphoneos/FateLost.build/FateLost-all-target-headers.hmap -Xcc -iquote -Xcc /Users/runner/work/FateLost/FateLost/build/Build/Intermediates.noindex/FateLost.build/Release-iphoneos/FateLost.build/FateLost-project-headers.hmap -Xcc -I/Users/runner/work/FateLost/FateLost/build/Build/Products/Release-iphoneos/include -Xcc -I/Users/runner/work/FateLost/FateLost/build/Build/Intermediates.noindex/FateLost.build/Release-iphoneos/FateLost.build/DerivedSources-normal/arm64 -Xcc -I/Users/runner/work/FateLost/FateLost/build/Build/Intermediates.noindex/FateLost.build/Release-iphoneos/FateLost.build/DerivedSources/arm64 -Xcc -I/Users/runner/work/FateLost/FateLost/build/Build/Intermediates.noindex/FateLost.build/Release-iphoneos/FateLost.build/DerivedSources -emit-objc-header -emit-objc-header-path /Users/runner/work/FateLost/FateLost/build/Build/Intermediates.noindex/FateLost.build/Release-iphoneos/FateLost.build/Objects-normal/arm64/FateLost-Swift.h -working-directory /Users/runner/work/FateLost/FateLost -no-emit-module-separately-wmo

SwiftMergeGeneratedHeaders /Users/runner/work/FateLost/FateLost/build/Build/Intermediates.noindex/FateLost.build/Release-iphoneos/FateLost.build/DerivedSources/FateLost-Swift.h /Users/runner/work/FateLost/FateLost/build/Build/Intermediates.noindex/FateLost.build/Release-iphoneos/FateLost.build/Objects-normal/arm64/FateLost-Swift.h (in target 'FateLost' from project 'FateLost')
    cd /Users/runner/work/FateLost/FateLost
    builtin-swiftHeaderTool -arch arm64 /Users/runner/work/FateLost/FateLost/build/Build/Intermediates.noindex/FateLost.build/Release-iphoneos/FateLost.build/Objects-normal/arm64/FateLost-Swift.h -o /Users/runner/work/FateLost/FateLost/build/Build/Intermediates.noindex/FateLost.build/Release-iphoneos/FateLost.build/DerivedSources/FateLost-Swift.h

Copy /Users/runner/work/FateLost/FateLost/build/Build/Products/Release-iphoneos/FateLost.swiftmodule/arm64-apple-ios.swiftmodule /Users/runner/work/FateLost/FateLost/build/Build/Intermediates.noindex/FateLost.build/Release-iphoneos/FateLost.build/Objects-normal/arm64/FateLost.swiftmodule (in target 'FateLost' from project 'FateLost')
    cd /Users/runner/work/FateLost/FateLost
    builtin-copy -exclude .DS_Store -exclude CVS -exclude .svn -exclude .git -exclude .hg -resolve-src-symlinks -rename /Users/runner/work/FateLost/FateLost/build/Build/Intermediates.noindex/FateLost.build/Release-iphoneos/FateLost.build/Objects-normal/arm64/FateLost.swiftmodule /Users/runner/work/FateLost/FateLost/build/Build/Products/Release-iphoneos/FateLost.swiftmodule/arm64-apple-ios.swiftmodule

Copy /Users/runner/work/FateLost/FateLost/build/Build/Products/Release-iphoneos/FateLost.swiftmodule/arm64-apple-ios.swiftdoc /Users/runner/work/FateLost/FateLost/build/Build/Intermediates.noindex/FateLost.build/Release-iphoneos/FateLost.build/Objects-normal/arm64/FateLost.swiftdoc (in target 'FateLost' from project 'FateLost')
    cd /Users/runner/work/FateLost/FateLost
    builtin-copy -exclude .DS_Store -exclude CVS -exclude .svn -exclude .git -exclude .hg -resolve-src-symlinks -rename /Users/runner/work/FateLost/FateLost/build/Build/Intermediates.noindex/FateLost.build/Release-iphoneos/FateLost.build/Objects-normal/arm64/FateLost.swiftdoc /Users/runner/work/FateLost/FateLost/build/Build/Products/Release-iphoneos/FateLost.swiftmodule/arm64-apple-ios.swiftdoc

Copy /Users/runner/work/FateLost/FateLost/build/Build/Products/Release-iphoneos/FateLost.swiftmodule/arm64-apple-ios.abi.json /Users/runner/work/FateLost/FateLost/build/Build/Intermediates.noindex/FateLost.build/Release-iphoneos/FateLost.build/Objects-normal/arm64/FateLost.abi.json (in target 'FateLost' from project 'FateLost')
    cd /Users/runner/work/FateLost/FateLost
    builtin-copy -exclude .DS_Store -exclude CVS -exclude .svn -exclude .git -exclude .hg -resolve-src-symlinks -rename /Users/runner/work/FateLost/FateLost/build/Build/Intermediates.noindex/FateLost.build/Release-iphoneos/FateLost.build/Objects-normal/arm64/FateLost.abi.json /Users/runner/work/FateLost/FateLost/build/Build/Products/Release-iphoneos/FateLost.swiftmodule/arm64-apple-ios.abi.json

Copy /Users/runner/work/FateLost/FateLost/build/Build/Products/Release-iphoneos/FateLost.swiftmodule/Project/arm64-apple-ios.swiftsourceinfo /Users/runner/work/FateLost/FateLost/build/Build/Intermediates.noindex/FateLost.build/Release-iphoneos/FateLost.build/Objects-normal/arm64/FateLost.swiftsourceinfo (in target 'FateLost' from project 'FateLost')
    cd /Users/runner/work/FateLost/FateLost
    builtin-copy -exclude .DS_Store -exclude CVS -exclude .svn -exclude .git -exclude .hg -resolve-src-symlinks -rename /Users/runner/work/FateLost/FateLost/build/Build/Intermediates.noindex/FateLost.build/Release-iphoneos/FateLost.build/Objects-normal/arm64/FateLost.swiftsourceinfo /Users/runner/work/FateLost/FateLost/build/Build/Products/Release-iphoneos/FateLost.swiftmodule/Project/arm64-apple-ios.swiftsourceinfo

Ld /Users/runner/work/FateLost/FateLost/build/Build/Products/Release-iphoneos/FateLost.app/FateLost normal (in target 'FateLost' from project 'FateLost')
    cd /Users/runner/work/FateLost/FateLost
    /Applications/Xcode_26.3.app/Contents/Developer/Toolchains/XcodeDefault.xctoolchain/usr/bin/clang -Xlinker -reproducible -target arm64-apple-ios17.0 -isysroot /Applications/Xcode_26.3.app/Contents/Developer/Platforms/iPhoneOS.platform/Developer/SDKs/iPhoneOS26.2.sdk -Os -L/Users/runner/work/FateLost/FateLost/build/Build/Intermediates.noindex/EagerLinkingTBDs/Release-iphoneos -L/Users/runner/work/FateLost/FateLost/build/Build/Products/Release-iphoneos -F/Users/runner/work/FateLost/FateLost/build/Build/Intermediates.noindex/EagerLinkingTBDs/Release-iphoneos -F/Users/runner/work/FateLost/FateLost/build/Build/Products/Release-iphoneos -filelist /Users/runner/work/FateLost/FateLost/build/Build/Intermediates.noindex/FateLost.build/Release-iphoneos/FateLost.build/Objects-normal/arm64/FateLost.LinkFileList -Xlinker -rpath -Xlinker /usr/lib/swift -Xlinker -rpath -Xlinker @executable_path/Frameworks -dead_strip -Xlinker -object_path_lto -Xlinker /Users/runner/work/FateLost/FateLost/build/Build/Intermediates.noindex/FateLost.build/Release-iphoneos/FateLost.build/Objects-normal/arm64/FateLost_lto.o -Xlinker -dependency_info -Xlinker /Users/runner/work/FateLost/FateLost/build/Build/Intermediates.noindex/FateLost.build/Release-iphoneos/FateLost.build/Objects-normal/arm64/FateLost_dependency_info.dat -fobjc-link-runtime -L/Applications/Xcode_26.3.app/Contents/Developer/Toolchains/XcodeDefault.xctoolchain/usr/lib/swift/iphoneos -L/usr/lib/swift -Xlinker -add_ast_path -Xlinker /Users/runner/work/FateLost/FateLost/build/Build/Intermediates.noindex/FateLost.build/Release-iphoneos/FateLost.build/Objects-normal/arm64/FateLost.swiftmodule @/Users/runner/work/FateLost/FateLost/build/Build/Intermediates.noindex/FateLost.build/Release-iphoneos/FateLost.build/Objects-normal/arm64/FateLost-linker-args.resp -o /Users/runner/work/FateLost/FateLost/build/Build/Products/Release-iphoneos/FateLost.app/FateLost

CopySwiftLibs /Users/runner/work/FateLost/FateLost/build/Build/Products/Release-iphoneos/FateLost.app (in target 'FateLost' from project 'FateLost')
    cd /Users/runner/work/FateLost/FateLost
    builtin-swiftStdLibTool --copy --verbose --scan-executable /Users/runner/work/FateLost/FateLost/build/Build/Products/Release-iphoneos/FateLost.app/FateLost --scan-folder /Users/runner/work/FateLost/FateLost/build/Build/Products/Release-iphoneos/FateLost.app/Frameworks --scan-folder /Users/runner/work/FateLost/FateLost/build/Build/Products/Release-iphoneos/FateLost.app/PlugIns --scan-folder /Users/runner/work/FateLost/FateLost/build/Build/Products/Release-iphoneos/FateLost.app/SystemExtensions --scan-folder /Users/runner/work/FateLost/FateLost/build/Build/Products/Release-iphoneos/FateLost.app/Extensions --platform iphoneos --toolchain /var/run/com.apple.security.cryptexd/mnt/com.apple.MobileAsset.MetalToolchain-v17.3.7003.10.44sgKx/Metal.xctoolchain --toolchain /Applications/Xcode_26.3.app/Contents/Developer/Toolchains/XcodeDefault.xctoolchain --destination /Users/runner/work/FateLost/FateLost/build/Build/Products/Release-iphoneos/FateLost.app/Frameworks --strip-bitcode --strip-bitcode-tool /Applications/Xcode_26.3.app/Contents/Developer/Toolchains/XcodeDefault.xctoolchain/usr/bin/bitcode_strip --emit-dependency-info /Users/runner/work/FateLost/FateLost/build/Build/Intermediates.noindex/FateLost.build/Release-iphoneos/FateLost.build/SwiftStdLibToolInputDependencies.dep --filter-for-swift-os --back-deploy-swift-span
Ignoring --strip-bitcode because --sign was not passed

ExtractAppIntentsMetadata (in target 'FateLost' from project 'FateLost')
    cd /Users/runner/work/FateLost/FateLost
    /Applications/Xcode_26.3.app/Contents/Developer/Toolchains/XcodeDefault.xctoolchain/usr/bin/appintentsmetadataprocessor --toolchain-dir /var/run/com.apple.security.cryptexd/mnt/com.apple.MobileAsset.MetalToolchain-v17.3.7003.10.44sgKx/Metal.xctoolchain --module-name FateLost --sdk-root /Applications/Xcode_26.3.app/Contents/Developer/Platforms/iPhoneOS.platform/Developer/SDKs/iPhoneOS26.2.sdk --xcode-version 17C529 --platform-family iOS --deployment-target 17.0 --bundle-identifier com.wickedstudios.fatelost --output /Users/runner/work/FateLost/FateLost/build/Build/Products/Release-iphoneos/FateLost.app --target-triple arm64-apple-ios17.0 --binary-file /Users/runner/work/FateLost/FateLost/build/Build/Products/Release-iphoneos/FateLost.app/FateLost --dependency-file /Users/runner/work/FateLost/FateLost/build/Build/Intermediates.noindex/FateLost.build/Release-iphoneos/FateLost.build/Objects-normal/arm64/FateLost_dependency_info.dat --stringsdata-file /Users/runner/work/FateLost/FateLost/build/Build/Intermediates.noindex/FateLost.build/Release-iphoneos/FateLost.build/Objects-normal/arm64/ExtractedAppShortcutsMetadata.stringsdata --source-file-list /Users/runner/work/FateLost/FateLost/build/Build/Intermediates.noindex/FateLost.build/Release-iphoneos/FateLost.build/Objects-normal/arm64/FateLost.SwiftFileList --metadata-file-list /Users/runner/work/FateLost/FateLost/build/Build/Intermediates.noindex/FateLost.build/Release-iphoneos/FateLost.build/FateLost.DependencyMetadataFileList --static-metadata-file-list /Users/runner/work/FateLost/FateLost/build/Build/Intermediates.noindex/FateLost.build/Release-iphoneos/FateLost.build/FateLost.DependencyStaticMetadataFileList --swift-const-vals-list /Users/runner/work/FateLost/FateLost/build/Build/Intermediates.noindex/FateLost.build/Release-iphoneos/FateLost.build/Objects-normal/arm64/FateLost.SwiftConstValuesFileList --compile-time-extraction --deployment-aware-processing --validate-assistant-intents --no-app-shortcuts-localization
2026-09-26 05:33:24.277 appintentsmetadataprocessor[10783:34350] Starting appintentsmetadataprocessor export
2026-09-26 05:33:24.288 appintentsmetadataprocessor[10783:34350] warning: Metadata extraction skipped. No AppIntents.framework dependency found.

GenerateDSYMFile /Users/runner/work/FateLost/FateLost/build/Build/Products/Release-iphoneos/FateLost.app.dSYM /Users/runner/work/FateLost/FateLost/build/Build/Products/Release-iphoneos/FateLost.app/FateLost (in target 'FateLost' from project 'FateLost')
    cd /Users/runner/work/FateLost/FateLost
    /Applications/Xcode_26.3.app/Contents/Developer/Toolchains/XcodeDefault.xctoolchain/usr/bin/dsymutil /Users/runner/work/FateLost/FateLost/build/Build/Products/Release-iphoneos/FateLost.app/FateLost -o /Users/runner/work/FateLost/FateLost/build/Build/Products/Release-iphoneos/FateLost.app.dSYM

AppIntentsSSUTraining (in target 'FateLost' from project 'FateLost')
    cd /Users/runner/work/FateLost/FateLost
    /Applications/Xcode_26.3.app/Contents/Developer/Toolchains/XcodeDefault.xctoolchain/usr/bin/appintentsnltrainingprocessor --infoplist-path /Users/runner/work/FateLost/FateLost/build/Build/Products/Release-iphoneos/FateLost.app/Info.plist --temp-dir-path /Users/runner/work/FateLost/FateLost/build/Build/Intermediates.noindex/FateLost.build/Release-iphoneos/FateLost.build/ssu --bundle-id com.wickedstudios.fatelost --product-path /Users/runner/work/FateLost/FateLost/build/Build/Products/Release-iphoneos/FateLost.app --extracted-metadata-path /Users/runner/work/FateLost/FateLost/build/Build/Products/Release-iphoneos/FateLost.app/Metadata.appintents --metadata-file-list /Users/runner/work/FateLost/FateLost/build/Build/Intermediates.noindex/FateLost.build/Release-iphoneos/FateLost.build/FateLost.DependencyMetadataFileList --archive-ssu-assets
2026-09-26 05:33:24.390 appintentsnltrainingprocessor[10790:34401] Parsing options for appintentsnltrainingprocessor
2026-09-26 05:33:24.392 appintentsnltrainingprocessor[10790:34401] No AppShortcuts found - Skipping.

RegisterExecutionPolicyException /Users/runner/work/FateLost/FateLost/build/Build/Products/Release-iphoneos/FateLost.app (in target 'FateLost' from project 'FateLost')
    cd /Users/runner/work/FateLost/FateLost
    builtin-RegisterExecutionPolicyException /Users/runner/work/FateLost/FateLost/build/Build/Products/Release-iphoneos/FateLost.app

Validate /Users/runner/work/FateLost/FateLost/build/Build/Products/Release-iphoneos/FateLost.app (in target 'FateLost' from project 'FateLost')
    cd /Users/runner/work/FateLost/FateLost
    builtin-validationUtility /Users/runner/work/FateLost/FateLost/build/Build/Products/Release-iphoneos/FateLost.app -validate-for-store -shallow-bundle -infoplist-subpath Info.plist

Touch /Users/runner/work/FateLost/FateLost/build/Build/Products/Release-iphoneos/FateLost.app (in target 'FateLost' from project 'FateLost')
    cd /Users/runner/work/FateLost/FateLost
    /usr/bin/touch -c /Users/runner/work/FateLost/FateLost/build/Build/Products/Release-iphoneos/FateLost.app

** BUILD SUCCEEDED **

